incident_id,anomaly_id,transaction_id,user_id,created_at,severity,likelihood,exposure_inr,priority_score,priority_band,rationale,recommendation,status
INC_A9C2F36FC0,ANO_604EC23AC4,TX_ANO_WTH_EABD8162,USR_07088,2026-09-15 11:37:05+05:30,5,5,772557.31,338.94,P1,"P1 CRITICAL: High-severity RAPID_PASS_THROUGH with substantial financial exposure (₹772,557.31) exceeding risk threshold.",Place temporary 24h withdrawal hold; verify bank account originator name; request source-of-funds declaration.,OPEN
INC_1862D3349F,ANO_A6F76F6741,TX_ANO_WTH_65A2FA4C,USR_07552,2026-09-08 20:24:31+05:30,5,5,652971.6,334.73,P1,"P1 CRITICAL: High-severity RAPID_PASS_THROUGH with substantial financial exposure (₹652,971.60) exceeding risk threshold.",Place temporary 24h withdrawal hold; verify bank account originator name; request source-of-funds declaration.,OPEN
INC_6405AD1551,ANO_6BAAF1C176,TX_ANO_WTH_83A0E104,USR_03275,2026-08-31 10:55:55+05:30,5,5,563823.55,331.06,P1,"P1 CRITICAL: High-severity RAPID_PASS_THROUGH with substantial financial exposure (₹563,823.55) exceeding risk threshold.",Place temporary 24h withdrawal hold; verify bank account originator name; request source-of-funds declaration.,OPEN
INC_287F0DD9FC,ANO_DCFAECA32E,TX_ANO_WTH_29F3833C,USR_01389,2026-08-03 04:41:19+05:30,5,5,259638.54,311.68,P1,"P1 CRITICAL: High-severity RAPID_PASS_THROUGH with substantial financial exposure (₹259,638.54) exceeding risk threshold.",Place temporary 24h withdrawal hold; verify bank account originator name; request source-of-funds declaration.,OPEN
INC_4D72D799D0,ANO_7D48C5C8D0,TX_06079265A4A2,USR_01837,2026-09-10 23:07:55+05:30,5,5,59924.46,275.02,P1,"P1 CRITICAL: High-severity RAPID_PASS_THROUGH with substantial financial exposure (₹59,924.46) exceeding risk threshold.",Place temporary 24h withdrawal hold; verify bank account originator name; request source-of-funds declaration.,OPEN
INC_6F9EBBBCCF,ANO_8237AD6082,TX_ANO_WTH_3CED331C,USR_00442,2026-08-28 21:44:22+05:30,4,5,787405.08,271.53,P1,"P1 CRITICAL: High-severity BASELINE_SPIKE with substantial financial exposure (₹787,405.08) exceeding risk threshold.",Initiate outbound phone verification; inspect recent device IP and 2FA changes; check order book liquidity depth.,OPEN
INC_6F279EEF38,ANO_09300CD377,TX_ANO_WTH_785C0DC4,USR_03863,2026-08-18 14:25:35+05:30,4,5,520706.92,263.26,P1,"P1 CRITICAL: High-severity BASELINE_SPIKE with substantial financial exposure (₹520,706.92) exceeding risk threshold.",Initiate outbound phone verification; inspect recent device IP and 2FA changes; check order book liquidity depth.,OPEN
INC_396A7EAFC5,ANO_46D7BF3547,TX_ANO_DEP_01BE55FF,USR_02782,2026-09-10 20:21:28+05:30,4,5,460412.91,260.8,P1,"P1 CRITICAL: High-severity BASELINE_SPIKE with substantial financial exposure (₹460,412.91) exceeding risk threshold.",Verify user trading history; request KYC Tier-2 verification if unverified.,OPEN
INC_ACC1E4C0D2,ANO_D39597E351,TX_ANO_WTH_8CFB74BC,USR_04822,2026-08-22 11:45:36+05:30,4,5,459238.53,260.75,P1,"P1 CRITICAL: High-severity BASELINE_SPIKE with substantial financial exposure (₹459,238.53) exceeding risk threshold.",Verify user trading history; request KYC Tier-2 verification if unverified.,OPEN
INC_90EA554F34,ANO_321364EA31,TX_ANO_DEP_EEBA1EA7,USR_08102,2026-08-04 15:41:20+05:30,4,5,303037.28,252.43,P1,"P1 CRITICAL: High-severity BASELINE_SPIKE with substantial financial exposure (₹303,037.28) exceeding risk threshold.",Verify user trading history; request KYC Tier-2 verification if unverified.,OPEN
INC_800A4DD2F9,ANO_68F29A2E58,TX_ANO_FEE_650F8364,USR_04649,2026-08-04 12:40:01+05:30,4,5,84154.8,226.81,P1,"P1 CRITICAL: High-severity BASELINE_SPIKE with substantial financial exposure (₹84,154.80) exceeding risk threshold.",Verify user trading history; request KYC Tier-2 verification if unverified.,OPEN
INC_C17D8D4F80,ANO_2AAC7AE4DF,TX_AFD9B3E17FB8,USR_06934,2026-08-10 02:26:29+05:30,4,4,867273.41,218.77,P1,"P1 CRITICAL: High-severity BASELINE_SPIKE with substantial financial exposure (₹867,273.41) exceeding risk threshold.",Initiate outbound phone verification; inspect recent device IP and 2FA changes; check order book liquidity depth.,OPEN
INC_55DD6E3698,ANO_921EA3A118,TX_7A512820BD25,USR_04991,2026-08-10 22:59:25+05:30,4,4,847446.33,218.4,P1,"P1 CRITICAL: High-severity BASELINE_SPIKE with substantial financial exposure (₹847,446.33) exceeding risk threshold.",Initiate outbound phone verification; inspect recent device IP and 2FA changes; check order book liquidity depth.,OPEN
INC_0C40625610,ANO_7DB0030B0C,TX_ANO_SPK_37D85EDA,USR_06408,2026-08-14 23:34:25+05:30,4,5,53047.56,217.58,P1,"P1 CRITICAL: High-severity BASELINE_SPIKE with substantial financial exposure (₹53,047.56) exceeding risk threshold.",Verify user trading history; request KYC Tier-2 verification if unverified.,OPEN
INC_C0E6187F5D,ANO_942201A08C,TX_7F630EC3A0A2,USR_07107,2026-08-03 18:09:50+05:30,4,4,802544.86,217.53,P1,"P1 CRITICAL: High-severity BASELINE_SPIKE with substantial financial exposure (₹802,544.86) exceeding risk threshold.",Initiate outbound phone verification; inspect recent device IP and 2FA changes; check order book liquidity depth.,OPEN
INC_F425BFA4B4,ANO_7765410CE6,TX_ANO_SPK_1D27480B,USR_05174,2026-09-06 08:06:03+05:30,4,5,52133.82,217.23,P1,"P1 CRITICAL: High-severity BASELINE_SPIKE with substantial financial exposure (₹52,133.82) exceeding risk threshold.",Verify user trading history; request KYC Tier-2 verification if unverified.,OPEN
INC_6F0D3AA1E9,ANO_99047AF7B4,TX_ANO_FEE_5BF484BD,USR_02309,2026-08-01 06:59:41+05:30,4,5,50196.32,216.47,P1,"P1 CRITICAL: High-severity BASELINE_SPIKE with substantial financial exposure (₹50,196.32) exceeding risk threshold.",Verify user trading history; request KYC Tier-2 verification if unverified.,OPEN
INC_18661B2B66,ANO_96584D59ED,TX_ANO_SPK_6FA31320,USR_01145,2026-08-10 17:06:50+05:30,4,5,40814.9,212.34,P1,"P1 CRITICAL: High-severity BASELINE_SPIKE with substantial financial exposure (₹40,814.90) exceeding risk threshold.",Verify user trading history; request KYC Tier-2 verification if unverified.,OPEN
INC_7E45B697B5,ANO_A471C02356,TX_ANO_SPK_B5FE9DD8,USR_08805,2026-08-04 11:54:32+05:30,4,5,37391.46,210.58,P1,"P1 CRITICAL: High-severity BASELINE_SPIKE with substantial financial exposure (₹37,391.46) exceeding risk threshold.",Verify user trading history; request KYC Tier-2 verification if unverified.,OPEN
INC_8ACF6A1A03,ANO_1333C091C9,TX_ANO_SPK_F1C20A4B,USR_03257,2026-09-04 01:58:54+05:30,4,5,31955.11,207.44,P1,"P1 CRITICAL: High-severity BASELINE_SPIKE with substantial financial exposure (₹31,955.11) exceeding risk threshold.",Verify user trading history; request KYC Tier-2 verification if unverified.,OPEN
INC_65653FCF5C,ANO_222D08516C,TX_291E99B3E6E7,USR_07855,2026-09-10 03:24:33+05:30,4,4,91984.89,182.87,P1,"P1 CRITICAL: High-severity BASELINE_SPIKE with substantial financial exposure (₹91,984.89) exceeding risk threshold.",Verify user trading history; request KYC Tier-2 verification if unverified.,OPEN
INC_92BEC54C53,ANO_EEA5EF1D96,TX_DDB860E794AF,USR_04487,2026-09-11 12:22:49+05:30,4,4,91450.43,182.78,P1,"P1 CRITICAL: High-severity BASELINE_SPIKE with substantial financial exposure (₹91,450.43) exceeding risk threshold.",Verify user trading history; request KYC Tier-2 verification if unverified.,OPEN
INC_8A578AFA1C,ANO_500C5C5A51,TX_24F7EA8FBB9B,USR_02804,2026-09-10 07:12:02+05:30,4,4,90038.02,182.53,P1,"P1 CRITICAL: High-severity BASELINE_SPIKE with substantial financial exposure (₹90,038.02) exceeding risk threshold.",Verify user trading history; request KYC Tier-2 verification if unverified.,OPEN
INC_2A685045E4,ANO_DF59837288,TX_ANO_VEL_A6E1F6BF,USR_02886,2026-08-02 04:56:50+05:30,4,5,8950.0,181.99,P1,"P1 CRITICAL: High-severity VELOCITY_BURST with substantial financial exposure (₹8,950.00) exceeding risk threshold.",Enforce temporary rate-limiting on user API key/session; inspect user agent and IP subnet.,OPEN
INC_CAA9C9C79F,ANO_984417729B,TX_ANO_VEL_72898703,USR_06576,2026-08-07 10:24:54+05:30,4,5,8950.0,181.99,P1,"P1 CRITICAL: High-severity VELOCITY_BURST with substantial financial exposure (₹8,950.00) exceeding risk threshold.",Enforce temporary rate-limiting on user API key/session; inspect user agent and IP subnet.,OPEN
INC_3E5269D548,ANO_C940C3868F,TX_ANO_VEL_46BCC4B7,USR_08782,2026-08-14 01:06:37+05:30,4,5,8950.0,181.99,P1,"P1 CRITICAL: High-severity VELOCITY_BURST with substantial financial exposure (₹8,950.00) exceeding risk threshold.",Enforce temporary rate-limiting on user API key/session; inspect user agent and IP subnet.,OPEN
INC_3727934784,ANO_5694A1E3FB,TX_ANO_VEL_A18D24E7,USR_01750,2026-08-19 15:04:16+05:30,4,5,8950.0,181.99,P1,"P1 CRITICAL: High-severity VELOCITY_BURST with substantial financial exposure (₹8,950.00) exceeding risk threshold.",Enforce temporary rate-limiting on user API key/session; inspect user agent and IP subnet.,OPEN
INC_2DDA7DE747,ANO_3B5B5018B3,TX_ANO_VEL_981476FD,USR_09123,2026-08-25 23:30:34+05:30,4,5,8950.0,181.99,P1,"P1 CRITICAL: High-severity VELOCITY_BURST with substantial financial exposure (₹8,950.00) exceeding risk threshold.",Enforce temporary rate-limiting on user API key/session; inspect user agent and IP subnet.,OPEN
INC_11D2E97ABF,ANO_1055CB1206,TX_ANO_VEL_A4A1C0A6,USR_09461,2026-09-04 20:11:37+05:30,4,5,8950.0,181.99,P1,"P1 CRITICAL: High-severity VELOCITY_BURST with substantial financial exposure (₹8,950.00) exceeding risk threshold.",Enforce temporary rate-limiting on user API key/session; inspect user agent and IP subnet.,OPEN
INC_6512203838,ANO_AF09B2365A,TX_B88C1912D92C,USR_01336,2026-08-17 21:38:51+05:30,4,4,83313.75,181.29,P1,"P1 CRITICAL: High-severity BASELINE_SPIKE with substantial financial exposure (₹83,313.75) exceeding risk threshold.",Verify user trading history; request KYC Tier-2 verification if unverified.,OPEN
INC_1CB7DC7363,ANO_A83370BC27,TX_E6ECC3161397,USR_02072,2026-09-04 15:49:04+05:30,4,4,82106.6,181.05,P1,"P1 CRITICAL: High-severity BASELINE_SPIKE with substantial financial exposure (₹82,106.60) exceeding risk threshold.",Verify user trading history; request KYC Tier-2 verification if unverified.,OPEN
INC_90D52DF263,ANO_BBFDFDD338,TX_48600768DB55,USR_07892,2026-08-04 16:44:45+05:30,4,4,80921.37,180.82,P1,"P1 CRITICAL: High-severity BASELINE_SPIKE with substantial financial exposure (₹80,921.37) exceeding risk threshold.",Verify user trading history; request KYC Tier-2 verification if unverified.,OPEN
INC_3F727A13B8,ANO_699B26824D,TX_7B55733D76A5,USR_09581,2026-08-04 00:12:42+05:30,4,4,78174.75,180.27,P1,"P1 CRITICAL: High-severity BASELINE_SPIKE with substantial financial exposure (₹78,174.75) exceeding risk threshold.",Verify user trading history; request KYC Tier-2 verification if unverified.,OPEN
INC_3D76779FE0,ANO_65302825CA,TX_26662C0F0DE0,USR_08271,2026-08-07 17:37:03+05:30,4,4,70902.09,178.71,P1,"P1 CRITICAL: High-severity BASELINE_SPIKE with substantial financial exposure (₹70,902.09) exceeding risk threshold.",Verify user trading history; request KYC Tier-2 verification if unverified.,OPEN
INC_8168DD8F12,ANO_130E1A13EF,TX_63A226F6A26E,USR_05761,2026-08-08 08:14:07+05:30,4,4,54990.53,174.64,P1,"P1 CRITICAL: High-severity BASELINE_SPIKE with substantial financial exposure (₹54,990.53) exceeding risk threshold.",Verify user trading history; request KYC Tier-2 verification if unverified.,OPEN
INC_E5C3231E41,ANO_134B3A3058,TX_DA98CB4070BA,USR_07231,2026-09-18 02:59:13+05:30,4,4,15005.06,153.86,P1,"P1 CRITICAL: High-severity BASELINE_SPIKE with substantial financial exposure (₹15,005.06) exceeding risk threshold.",Verify user trading history; request KYC Tier-2 verification if unverified.,OPEN
INC_E7FBB1A89D,ANO_A59721AE55,TX_C4F8F2F10CD1,USR_09775,2026-09-19 06:48:10+05:30,4,4,10703.83,148.46,P2,"P2 HIGH: Elevated risk anomaly with notable score 148.5 and exposure ₹10,703.83.",Verify user trading history; request KYC Tier-2 verification if unverified.,OPEN
INC_5F6D79A5C4,ANO_BB41699A36,TX_87E96B30AB08,USR_01426,2026-08-16 04:14:39+05:30,4,4,10391.47,147.98,P2,"P2 HIGH: Elevated risk anomaly with notable score 148.0 and exposure ₹10,391.47.",Verify user trading history; request KYC Tier-2 verification if unverified.,OPEN
INC_DA44CF5786,ANO_0967E2A5E5,TX_7CA75D4770A4,USR_03098,2026-08-17 12:33:37+05:30,4,4,10372.77,147.95,P2,"P2 HIGH: Elevated risk anomaly with notable score 147.9 and exposure ₹10,372.77.",Verify user trading history; request KYC Tier-2 verification if unverified.,OPEN
INC_B1E43F504F,ANO_F8E376CD76,TX_ANO_FAL_71455A2A,USR_02401,2026-08-07 14:58:44+05:30,4,4,10000.0,147.37,P2,"P2 HIGH: Elevated risk anomaly with notable score 147.4 and exposure ₹10,000.00.",Enforce temporary rate-limiting on user API key/session; inspect user agent and IP subnet.,OPEN
INC_51155A9293,ANO_2A6246D2E3,TX_ANO_FAL_EAEA147C,USR_06257,2026-08-24 01:23:07+05:30,4,4,10000.0,147.37,P2,"P2 HIGH: Elevated risk anomaly with notable score 147.4 and exposure ₹10,000.00.",Enforce temporary rate-limiting on user API key/session; inspect user agent and IP subnet.,OPEN
INC_2720EB6068,ANO_E4A2B66EF8,TX_ANO_FAL_CA73DBE8,USR_05260,2026-09-12 07:04:19+05:30,4,4,10000.0,147.37,P2,"P2 HIGH: Elevated risk anomaly with notable score 147.4 and exposure ₹10,000.00.",Enforce temporary rate-limiting on user API key/session; inspect user agent and IP subnet.,OPEN
INC_A4DDDD00F2,ANO_3FA9EBF2C8,TX_67EEC56D1830,USR_05320,2026-08-22 22:26:39+05:30,4,4,9640.49,146.78,P2,"P2 HIGH: Elevated risk anomaly with notable score 146.8 and exposure ₹9,640.49.",Verify user trading history; request KYC Tier-2 verification if unverified.,OPEN
INC_F6CEDCD67E,ANO_41C9C9FAA2,TX_ANO_VEL_9699B358,USR_01869,2026-08-01 22:01:13+05:30,4,4,8950.0,145.59,P2,"P2 HIGH: Elevated risk anomaly with notable score 145.6 and exposure ₹8,950.00.",Enforce temporary rate-limiting on user API key/session; inspect user agent and IP subnet.,OPEN
INC_D3489BDDAA,ANO_E19E740F29,TX_ANO_VEL_36DCC3D0,USR_01869,2026-08-01 22:07:13+05:30,4,4,8950.0,145.59,P2,"P2 HIGH: Elevated risk anomaly with notable score 145.6 and exposure ₹8,950.00.",Enforce temporary rate-limiting on user API key/session; inspect user agent and IP subnet.,OPEN
INC_AA0AD06E92,ANO_8393E096FB,TX_ANO_VEL_ACDD9000,USR_02599,2026-08-04 02:00:46+05:30,4,4,8950.0,145.59,P2,"P2 HIGH: Elevated risk anomaly with notable score 145.6 and exposure ₹8,950.00.",Enforce temporary rate-limiting on user API key/session; inspect user agent and IP subnet.,OPEN
INC_87D90B7604,ANO_A3665565C5,TX_ANO_VEL_624B9B21,USR_00651,2026-08-06 02:26:08+05:30,4,4,8950.0,145.59,P2,"P2 HIGH: Elevated risk anomaly with notable score 145.6 and exposure ₹8,950.00.",Enforce temporary rate-limiting on user API key/session; inspect user agent and IP subnet.,OPEN
INC_D1C6D3FD56,ANO_EA0B1F2689,TX_ANO_VEL_59FC4B63,USR_00413,2026-08-10 11:36:52+05:30,4,4,8950.0,145.59,P2,"P2 HIGH: Elevated risk anomaly with notable score 145.6 and exposure ₹8,950.00.",Enforce temporary rate-limiting on user API key/session; inspect user agent and IP subnet.,OPEN
INC_351D1F204D,ANO_E1CF188640,TX_ANO_VEL_46ED720F,USR_00413,2026-08-10 11:40:52+05:30,4,4,8950.0,145.59,P2,"P2 HIGH: Elevated risk anomaly with notable score 145.6 and exposure ₹8,950.00.",Enforce temporary rate-limiting on user API key/session; inspect user agent and IP subnet.,OPEN
INC_7AF0EFE447,ANO_169DE3DAE3,TX_ANO_VEL_E9C65FB5,USR_07500,2026-08-11 03:45:57+05:30,4,4,8950.0,145.59,P2,"P2 HIGH: Elevated risk anomaly with notable score 145.6 and exposure ₹8,950.00.",Enforce temporary rate-limiting on user API key/session; inspect user agent and IP subnet.,OPEN
INC_BAA09CB1F0,ANO_AC570C3F6C,TX_ANO_VEL_0A6A30CA,USR_09712,2026-08-12 02:13:20+05:30,4,4,8950.0,145.59,P2,"P2 HIGH: Elevated risk anomaly with notable score 145.6 and exposure ₹8,950.00.",Enforce temporary rate-limiting on user API key/session; inspect user agent and IP subnet.,OPEN
INC_9C5144176D,ANO_DFBE55F98C,TX_ANO_VEL_1766B0E4,USR_00475,2026-08-13 04:05:19+05:30,4,4,8950.0,145.59,P2,"P2 HIGH: Elevated risk anomaly with notable score 145.6 and exposure ₹8,950.00.",Enforce temporary rate-limiting on user API key/session; inspect user agent and IP subnet.,OPEN
INC_73F4D526C8,ANO_82C65F289E,TX_ANO_VEL_9ABEF72B,USR_09923,2026-08-13 19:44:38+05:30,4,4,8950.0,145.59,P2,"P2 HIGH: Elevated risk anomaly with notable score 145.6 and exposure ₹8,950.00.",Enforce temporary rate-limiting on user API key/session; inspect user agent and IP subnet.,OPEN
INC_FFCDDF2ABA,ANO_E7F07AEB84,TX_ANO_VEL_7225E3A0,USR_08549,2026-08-15 02:29:19+05:30,4,4,8950.0,145.59,P2,"P2 HIGH: Elevated risk anomaly with notable score 145.6 and exposure ₹8,950.00.",Enforce temporary rate-limiting on user API key/session; inspect user agent and IP subnet.,OPEN
INC_D84DF91373,ANO_2DFDADF992,TX_ANO_VEL_E4C2E527,USR_03961,2026-08-19 22:02:42+05:30,4,4,8950.0,145.59,P2,"P2 HIGH: Elevated risk anomaly with notable score 145.6 and exposure ₹8,950.00.",Enforce temporary rate-limiting on user API key/session; inspect user agent and IP subnet.,OPEN
INC_EC590AA68A,ANO_DFE1E5A82B,TX_ANO_VEL_37F4C777,USR_05666,2026-08-21 10:32:14+05:30,4,4,8950.0,145.59,P2,"P2 HIGH: Elevated risk anomaly with notable score 145.6 and exposure ₹8,950.00.",Enforce temporary rate-limiting on user API key/session; inspect user agent and IP subnet.,OPEN
INC_B9402BDAC4,ANO_44BCF807F2,TX_ANO_VEL_00888A3B,USR_05666,2026-08-21 10:34:14+05:30,4,4,8950.0,145.59,P2,"P2 HIGH: Elevated risk anomaly with notable score 145.6 and exposure ₹8,950.00.",Enforce temporary rate-limiting on user API key/session; inspect user agent and IP subnet.,OPEN
INC_263DD1A2EA,ANO_356D6C7EA2,TX_ANO_VEL_5860285D,USR_03031,2026-08-23 04:35:43+05:30,4,4,8950.0,145.59,P2,"P2 HIGH: Elevated risk anomaly with notable score 145.6 and exposure ₹8,950.00.",Enforce temporary rate-limiting on user API key/session; inspect user agent and IP subnet.,OPEN
INC_E4E66B7E13,ANO_E552B76105,TX_ANO_VEL_7F1943E6,USR_03031,2026-08-23 04:37:43+05:30,4,4,8950.0,145.59,P2,"P2 HIGH: Elevated risk anomaly with notable score 145.6 and exposure ₹8,950.00.",Enforce temporary rate-limiting on user API key/session; inspect user agent and IP subnet.,OPEN
INC_48564E0D7C,ANO_094BE1F715,TX_ANO_VEL_328DA022,USR_07910,2026-08-23 16:21:49+05:30,4,4,8950.0,145.59,P2,"P2 HIGH: Elevated risk anomaly with notable score 145.6 and exposure ₹8,950.00.",Enforce temporary rate-limiting on user API key/session; inspect user agent and IP subnet.,OPEN
INC_8FBBD7ED4C,ANO_B48FD9FC16,TX_ANO_VEL_E37983A0,USR_09123,2026-08-25 23:24:34+05:30,4,4,8950.0,145.59,P2,"P2 HIGH: Elevated risk anomaly with notable score 145.6 and exposure ₹8,950.00.",Enforce temporary rate-limiting on user API key/session; inspect user agent and IP subnet.,OPEN
INC_8E650C48BE,ANO_B37405635C,TX_ANO_VEL_4F6D3D83,USR_04482,2026-08-30 09:50:06+05:30,4,4,8950.0,145.59,P2,"P2 HIGH: Elevated risk anomaly with notable score 145.6 and exposure ₹8,950.00.",Enforce temporary rate-limiting on user API key/session; inspect user agent and IP subnet.,OPEN
INC_CAC3B4297F,ANO_48AB8D24D4,TX_ANO_VEL_B820A944,USR_03216,2026-08-31 03:46:30+05:30,4,4,8950.0,145.59,P2,"P2 HIGH: Elevated risk anomaly with notable score 145.6 and exposure ₹8,950.00.",Enforce temporary rate-limiting on user API key/session; inspect user agent and IP subnet.,OPEN
INC_FCA819EB6A,ANO_D5380F2F8B,TX_ANO_VEL_3DBD78C9,USR_01045,2026-09-01 15:42:39+05:30,4,4,8950.0,145.59,P2,"P2 HIGH: Elevated risk anomaly with notable score 145.6 and exposure ₹8,950.00.",Enforce temporary rate-limiting on user API key/session; inspect user agent and IP subnet.,OPEN
INC_742F533CBB,ANO_2C90A08451,TX_ANO_VEL_321992B2,USR_06047,2026-09-04 05:38:40+05:30,4,4,8950.0,145.59,P2,"P2 HIGH: Elevated risk anomaly with notable score 145.6 and exposure ₹8,950.00.",Enforce temporary rate-limiting on user API key/session; inspect user agent and IP subnet.,OPEN
INC_B959DDAF54,ANO_3C502445C7,TX_ANO_VEL_95BD8F47,USR_01082,2026-09-04 19:41:00+05:30,4,4,8950.0,145.59,P2,"P2 HIGH: Elevated risk anomaly with notable score 145.6 and exposure ₹8,950.00.",Enforce temporary rate-limiting on user API key/session; inspect user agent and IP subnet.,OPEN
INC_0A02B8FB0E,ANO_F350465713,TX_ANO_VEL_7F277ED0,USR_09461,2026-09-04 20:01:37+05:30,4,4,8950.0,145.59,P2,"P2 HIGH: Elevated risk anomaly with notable score 145.6 and exposure ₹8,950.00.",Enforce temporary rate-limiting on user API key/session; inspect user agent and IP subnet.,OPEN
INC_FB0165632E,ANO_6CEA2A186F,TX_ANO_VEL_59790BFB,USR_03972,2026-09-04 20:11:46+05:30,4,4,8950.0,145.59,P2,"P2 HIGH: Elevated risk anomaly with notable score 145.6 and exposure ₹8,950.00.",Enforce temporary rate-limiting on user API key/session; inspect user agent and IP subnet.,OPEN
INC_C32F159C93,ANO_F43F7C5330,TX_ANO_VEL_8283AD99,USR_04077,2026-09-06 18:34:32+05:30,4,4,8950.0,145.59,P2,"P2 HIGH: Elevated risk anomaly with notable score 145.6 and exposure ₹8,950.00.",Enforce temporary rate-limiting on user API key/session; inspect user agent and IP subnet.,OPEN
INC_0E1829C2B8,ANO_41BD391CC8,TX_ANO_VEL_B0F436E5,USR_06998,2026-09-06 22:41:24+05:30,4,4,8950.0,145.59,P2,"P2 HIGH: Elevated risk anomaly with notable score 145.6 and exposure ₹8,950.00.",Enforce temporary rate-limiting on user API key/session; inspect user agent and IP subnet.,OPEN
INC_369906B353,ANO_F2FFA8222A,TX_ANO_VEL_90EB1E75,USR_04284,2026-09-07 04:24:15+05:30,4,4,8950.0,145.59,P2,"P2 HIGH: Elevated risk anomaly with notable score 145.6 and exposure ₹8,950.00.",Enforce temporary rate-limiting on user API key/session; inspect user agent and IP subnet.,OPEN
INC_5750DB683B,ANO_427121FC6C,TX_ANO_VEL_E024F93A,USR_06826,2026-09-10 10:29:40+05:30,4,4,8950.0,145.59,P2,"P2 HIGH: Elevated risk anomaly with notable score 145.6 and exposure ₹8,950.00.",Enforce temporary rate-limiting on user API key/session; inspect user agent and IP subnet.,OPEN
INC_0E4144C976,ANO_E4F3FE6405,TX_ANO_VEL_2682A1EA,USR_01320,2026-09-16 04:51:02+05:30,4,4,8950.0,145.59,P2,"P2 HIGH: Elevated risk anomaly with notable score 145.6 and exposure ₹8,950.00.",Enforce temporary rate-limiting on user API key/session; inspect user agent and IP subnet.,OPEN
INC_E3C7A69315,ANO_7A619F032C,TX_ANO_VEL_8E5BE0D3,USR_04650,2026-09-16 11:35:00+05:30,4,4,8950.0,145.59,P2,"P2 HIGH: Elevated risk anomaly with notable score 145.6 and exposure ₹8,950.00.",Enforce temporary rate-limiting on user API key/session; inspect user agent and IP subnet.,OPEN
INC_EAD6138161,ANO_98BF95A7FE,TX_ANO_VEL_60868E28,USR_08578,2026-09-20 04:56:23+05:30,4,4,8950.0,145.59,P2,"P2 HIGH: Elevated risk anomaly with notable score 145.6 and exposure ₹8,950.00.",Enforce temporary rate-limiting on user API key/session; inspect user agent and IP subnet.,OPEN
INC_25EA2EBF4A,ANO_315439FB0D,TX_6EC4976D0E2C,USR_07287,2026-08-23 19:54:33+05:30,4,4,8496.69,144.76,P2,"P2 HIGH: Elevated risk anomaly with notable score 144.8 and exposure ₹8,496.69.",Verify user trading history; request KYC Tier-2 verification if unverified.,OPEN
INC_DDC76988D1,ANO_AFB8272841,TX_5648E0841727,USR_09815,2026-08-05 11:31:59+05:30,4,4,8151.39,144.1,P2,"P2 HIGH: Elevated risk anomaly with notable score 144.1 and exposure ₹8,151.39.",Verify user trading history; request KYC Tier-2 verification if unverified.,OPEN
INC_B867D333DC,ANO_8C05538A57,TX_4C3B8643F88D,USR_08025,2026-08-25 01:57:33+05:30,4,4,7957.18,143.71,P2,"P2 HIGH: Elevated risk anomaly with notable score 143.7 and exposure ₹7,957.18.",Verify user trading history; request KYC Tier-2 verification if unverified.,OPEN
INC_994180C0A6,ANO_2D1B4321B6,TX_22E821DE42EF,USR_06449,2026-08-18 21:16:42+05:30,4,4,7759.46,143.31,P2,"P2 HIGH: Elevated risk anomaly with notable score 143.3 and exposure ₹7,759.46.",Verify user trading history; request KYC Tier-2 verification if unverified.,OPEN
INC_EE091C0624,ANO_29F27CFAF5,TX_ANO_FAL_59324A3A,USR_02373,2026-08-03 06:22:33+05:30,3,4,10000.0,110.53,P2,"P2 HIGH: Elevated risk anomaly with notable score 110.5 and exposure ₹10,000.00.",Inspect payment gateway integration status; notify customer support; check for credential brute forcing.,OPEN
INC_BCD862814E,ANO_E12920C9A7,TX_ANO_FAL_84132A57,USR_02401,2026-08-07 15:01:44+05:30,3,4,10000.0,110.53,P2,"P2 HIGH: Elevated risk anomaly with notable score 110.5 and exposure ₹10,000.00.",Inspect payment gateway integration status; notify customer support; check for credential brute forcing.,OPEN
INC_73B033F64A,ANO_B91540BF38,TX_ANO_FAL_86BB17DF,USR_05879,2026-08-13 08:06:40+05:30,3,4,10000.0,110.53,P2,"P2 HIGH: Elevated risk anomaly with notable score 110.5 and exposure ₹10,000.00.",Inspect payment gateway integration status; notify customer support; check for credential brute forcing.,OPEN
INC_ABACA8B5B4,ANO_253CD51D1D,TX_ANO_FAL_2079C7DA,USR_00464,2026-08-19 23:06:11+05:30,3,4,10000.0,110.53,P2,"P2 HIGH: Elevated risk anomaly with notable score 110.5 and exposure ₹10,000.00.",Inspect payment gateway integration status; notify customer support; check for credential brute forcing.,OPEN
INC_0FF73F6CFD,ANO_6F5B27E6ED,TX_ANO_FAL_345AAF75,USR_08744,2026-08-21 22:08:55+05:30,3,4,10000.0,110.53,P2,"P2 HIGH: Elevated risk anomaly with notable score 110.5 and exposure ₹10,000.00.",Inspect payment gateway integration status; notify customer support; check for credential brute forcing.,OPEN
INC_9C5FBD1FA5,ANO_4F4E489AA6,TX_ANO_FAL_88EF83ED,USR_06257,2026-08-24 01:14:07+05:30,3,4,10000.0,110.53,P2,"P2 HIGH: Elevated risk anomaly with notable score 110.5 and exposure ₹10,000.00.",Inspect payment gateway integration status; notify customer support; check for credential brute forcing.,OPEN
INC_08784A2495,ANO_D23F3EA2D3,TX_ANO_FAL_AC39B825,USR_06832,2026-08-28 05:01:27+05:30,3,4,10000.0,110.53,P2,"P2 HIGH: Elevated risk anomaly with notable score 110.5 and exposure ₹10,000.00.",Inspect payment gateway integration status; notify customer support; check for credential brute forcing.,OPEN
INC_E418C64AC4,ANO_FD72D7865C,TX_ANO_FAL_2B40731E,USR_07403,2026-09-01 03:16:10+05:30,3,4,10000.0,110.53,P2,"P2 HIGH: Elevated risk anomaly with notable score 110.5 and exposure ₹10,000.00.",Inspect payment gateway integration status; notify customer support; check for credential brute forcing.,OPEN
INC_F6D24EC1B2,ANO_003D89E1CD,TX_ANO_FAL_C48D4458,USR_02711,2026-09-02 10:42:08+05:30,3,4,10000.0,110.53,P2,"P2 HIGH: Elevated risk anomaly with notable score 110.5 and exposure ₹10,000.00.",Inspect payment gateway integration status; notify customer support; check for credential brute forcing.,OPEN
INC_2C8EE2704E,ANO_212404EA77,TX_ANO_FAL_69ACEFF1,USR_01065,2026-09-04 16:57:09+05:30,3,4,10000.0,110.53,P2,"P2 HIGH: Elevated risk anomaly with notable score 110.5 and exposure ₹10,000.00.",Inspect payment gateway integration status; notify customer support; check for credential brute forcing.,OPEN
INC_D5983C114B,ANO_4E672FC17A,TX_ANO_FAL_50C7579E,USR_01064,2026-09-10 10:34:19+05:30,3,4,10000.0,110.53,P2,"P2 HIGH: Elevated risk anomaly with notable score 110.5 and exposure ₹10,000.00.",Inspect payment gateway integration status; notify customer support; check for credential brute forcing.,OPEN
INC_8547C26FB8,ANO_245E13C19A,TX_ANO_FAL_9CA24F3D,USR_01494,2026-09-11 16:15:44+05:30,3,4,10000.0,110.53,P2,"P2 HIGH: Elevated risk anomaly with notable score 110.5 and exposure ₹10,000.00.",Inspect payment gateway integration status; notify customer support; check for credential brute forcing.,OPEN
INC_C23CF7C6E1,ANO_7E3C2CBDF2,TX_ANO_FAL_A1933684,USR_08320,2026-09-16 12:53:53+05:30,3,4,10000.0,110.53,P2,"P2 HIGH: Elevated risk anomaly with notable score 110.5 and exposure ₹10,000.00.",Inspect payment gateway integration status; notify customer support; check for credential brute forcing.,OPEN
INC_B85E2C41A2,ANO_434893D96C,TX_ANO_FEE_07749401,USR_03857,2026-09-02 14:00:22+05:30,2,4,21066.2,79.64,P3,P3 MEDIUM: Moderate risk exception (Score: 79.6); standard operational review.,Credit excess fee to user balance; notify engineering of smart contract / fee calculation parameter check.,OPEN
INC_B696BCB907,ANO_59FFAB4657,TX_ANO_FEE_C993FD5B,USR_03778,2026-09-09 16:08:53+05:30,2,4,20656.95,79.49,P3,P3 MEDIUM: Moderate risk exception (Score: 79.5); standard operational review.,Credit excess fee to user balance; notify engineering of smart contract / fee calculation parameter check.,OPEN
INC_06073A2308,ANO_3C522D2B5D,TX_ANO_FEE_EAE6033F,USR_07893,2026-08-19 18:20:04+05:30,2,4,16413.65,77.65,P3,P3 MEDIUM: Moderate risk exception (Score: 77.7); standard operational review.,Credit excess fee to user balance; notify engineering of smart contract / fee calculation parameter check.,OPEN
INC_AF89E2257C,ANO_D14DFDF39D,TX_ANO_FEE_6EABAAF8,USR_04709,2026-09-14 21:00:12+05:30,2,4,15104.31,76.98,P3,P3 MEDIUM: Moderate risk exception (Score: 77.0); standard operational review.,Credit excess fee to user balance; notify engineering of smart contract / fee calculation parameter check.,OPEN
INC_C24AF471CD,ANO_4EDA3ED070,TX_ANO_FEE_D1AB282C,USR_04204,2026-08-23 02:03:07+05:30,2,4,12906.53,75.72,P3,P3 MEDIUM: Moderate risk exception (Score: 75.7); standard operational review.,Credit excess fee to user balance; notify engineering of smart contract / fee calculation parameter check.,OPEN
INC_21CD7F8006,ANO_1CA3C07949,TX_ANO_FEE_9DC3AA28,USR_09944,2026-08-11 12:32:33+05:30,2,4,10004.55,73.69,P3,P3 MEDIUM: Moderate risk exception (Score: 73.7); standard operational review.,Credit excess fee to user balance; notify engineering of smart contract / fee calculation parameter check.,OPEN
INC_4F1C1975BB,ANO_E412CC4C64,TX_5ABB4169B75D,USR_01162,2026-08-11 13:16:05+05:30,2,4,787.73,53.36,P3,P3 MEDIUM: Moderate risk exception (Score: 53.4); standard operational review.,Credit excess fee to user balance; notify engineering of smart contract / fee calculation parameter check.,OPEN
INC_55C5505EAD,ANO_1B3EBA61FB,TX_C6C4D7661065,USR_03182,2026-08-27 21:35:08+05:30,2,4,758.08,53.06,P3,P3 MEDIUM: Moderate risk exception (Score: 53.1); standard operational review.,Credit excess fee to user balance; notify engineering of smart contract / fee calculation parameter check.,OPEN
INC_1D1F107359,ANO_C6BFF2F0D1,TX_494C60A50602,USR_07784,2026-09-20 01:55:12+05:30,2,4,722.16,52.67,P3,P3 MEDIUM: Moderate risk exception (Score: 52.7); standard operational review.,Credit excess fee to user balance; notify engineering of smart contract / fee calculation parameter check.,OPEN
INC_4CC384B494,ANO_0707F182E8,TX_4C07173CBAC6,USR_06989,2026-09-06 20:50:43+05:30,2,4,694.07,52.35,P3,P3 MEDIUM: Moderate risk exception (Score: 52.4); standard operational review.,Credit excess fee to user balance; notify engineering of smart contract / fee calculation parameter check.,OPEN
INC_43E97B7D2F,ANO_0C64BAC235,TX_91B25A42DF17,USR_04829,2026-08-19 17:19:15+05:30,2,4,693.25,52.34,P3,P3 MEDIUM: Moderate risk exception (Score: 52.3); standard operational review.,Credit excess fee to user balance; notify engineering of smart contract / fee calculation parameter check.,OPEN
INC_6D13C0C3D3,ANO_E933D5E0E4,TX_3E18F2CF583C,USR_05352,2026-09-15 07:50:41+05:30,2,4,690.01,52.31,P3,P3 MEDIUM: Moderate risk exception (Score: 52.3); standard operational review.,Credit excess fee to user balance; notify engineering of smart contract / fee calculation parameter check.,OPEN
INC_C4CE9F1E07,ANO_0A89FFA4C3,TX_999141A6057E,USR_05106,2026-08-13 18:09:28+05:30,2,4,685.67,52.25,P3,P3 MEDIUM: Moderate risk exception (Score: 52.2); standard operational review.,Credit excess fee to user balance; notify engineering of smart contract / fee calculation parameter check.,OPEN
INC_5A1BCB2123,ANO_03A41C6BB5,TX_E46D5885A94B,USR_04052,2026-08-08 16:17:14+05:30,2,4,673.77,52.11,P3,P3 MEDIUM: Moderate risk exception (Score: 52.1); standard operational review.,Credit excess fee to user balance; notify engineering of smart contract / fee calculation parameter check.,OPEN
INC_82F42356D5,ANO_9BC7217E79,TX_C27DCDEDC123,USR_07372,2026-09-09 00:04:36+05:30,2,4,650.86,51.84,P3,P3 MEDIUM: Moderate risk exception (Score: 51.8); standard operational review.,Credit excess fee to user balance; notify engineering of smart contract / fee calculation parameter check.,OPEN
INC_EF283EE0F1,ANO_4B8FBFD896,TX_548508EBADD5,USR_09503,2026-08-19 10:12:02+05:30,2,4,637.49,51.67,P3,P3 MEDIUM: Moderate risk exception (Score: 51.7); standard operational review.,Credit excess fee to user balance; notify engineering of smart contract / fee calculation parameter check.,OPEN
INC_8C2CEE5DDC,ANO_BC61AEE13D,TX_62F738E1B8F3,USR_06054,2026-08-14 05:09:55+05:30,2,4,636.46,51.66,P3,P3 MEDIUM: Moderate risk exception (Score: 51.7); standard operational review.,Credit excess fee to user balance; notify engineering of smart contract / fee calculation parameter check.,OPEN
INC_56EF9A369C,ANO_AB893D3BCD,TX_C9DFBF4BA32D,USR_09929,2026-08-19 19:58:53+05:30,2,4,635.54,51.65,P3,P3 MEDIUM: Moderate risk exception (Score: 51.6); standard operational review.,Credit excess fee to user balance; notify engineering of smart contract / fee calculation parameter check.,OPEN
INC_9049D936D6,ANO_1451FAEEB1,TX_2AE9D44C158D,USR_04364,2026-08-14 11:27:08+05:30,2,4,631.66,51.6,P3,P3 MEDIUM: Moderate risk exception (Score: 51.6); standard operational review.,Credit excess fee to user balance; notify engineering of smart contract / fee calculation parameter check.,OPEN
INC_071B228D2E,ANO_00C2FB0C7D,TX_B37534B2AF1D,USR_03826,2026-08-20 06:36:05+05:30,2,4,630.26,51.58,P3,P3 MEDIUM: Moderate risk exception (Score: 51.6); standard operational review.,Credit excess fee to user balance; notify engineering of smart contract / fee calculation parameter check.,OPEN
INC_B07B688FFC,ANO_569B6B79DA,TX_80244A29E787,USR_00394,2026-08-23 07:13:23+05:30,2,4,625.32,51.52,P3,P3 MEDIUM: Moderate risk exception (Score: 51.5); standard operational review.,Credit excess fee to user balance; notify engineering of smart contract / fee calculation parameter check.,OPEN
INC_F64D46D464,ANO_D60E943F81,TX_3A525236D92B,USR_06544,2026-08-11 10:51:04+05:30,2,4,624.26,51.51,P3,P3 MEDIUM: Moderate risk exception (Score: 51.5); standard operational review.,Credit excess fee to user balance; notify engineering of smart contract / fee calculation parameter check.,OPEN
INC_CEAA1E74E1,ANO_1F72CC56AF,TX_E37277C2F907,USR_06019,2026-08-24 02:56:15+05:30,2,4,621.84,51.47,P3,P3 MEDIUM: Moderate risk exception (Score: 51.5); standard operational review.,Credit excess fee to user balance; notify engineering of smart contract / fee calculation parameter check.,OPEN
INC_16FDBF7E51,ANO_378609495D,TX_89652C31C84A,USR_02093,2026-08-13 09:17:21+05:30,2,4,620.64,51.46,P3,P3 MEDIUM: Moderate risk exception (Score: 51.5); standard operational review.,Credit excess fee to user balance; notify engineering of smart contract / fee calculation parameter check.,OPEN
INC_8E954E9345,ANO_7A3A4887F8,TX_0E60B1B1C71B,USR_09938,2026-09-01 23:18:48+05:30,2,4,620.75,51.46,P3,P3 MEDIUM: Moderate risk exception (Score: 51.5); standard operational review.,Credit excess fee to user balance; notify engineering of smart contract / fee calculation parameter check.,OPEN
INC_467F21D18A,ANO_2328161215,TX_A64E106F3B58,USR_03039,2026-09-18 15:05:45+05:30,2,4,618.69,51.43,P3,P3 MEDIUM: Moderate risk exception (Score: 51.4); standard operational review.,Credit excess fee to user balance; notify engineering of smart contract / fee calculation parameter check.,OPEN
INC_61D4522C01,ANO_E724180E7B,TX_65299C5DAE8E,USR_05922,2026-08-02 00:05:15+05:30,2,4,612.41,51.35,P3,P3 MEDIUM: Moderate risk exception (Score: 51.4); standard operational review.,Credit excess fee to user balance; notify engineering of smart contract / fee calculation parameter check.,OPEN
INC_294B0169E8,ANO_9EE24DE327,TX_33E67A2FAC27,USR_02973,2026-09-08 11:27:09+05:30,2,4,609.38,51.31,P3,P3 MEDIUM: Moderate risk exception (Score: 51.3); standard operational review.,Credit excess fee to user balance; notify engineering of smart contract / fee calculation parameter check.,OPEN
INC_34EE1DA877,ANO_903EFA1968,TX_9CA0FB82D4A8,USR_06404,2026-08-19 01:18:42+05:30,2,4,603.17,51.23,P3,P3 MEDIUM: Moderate risk exception (Score: 51.2); standard operational review.,Credit excess fee to user balance; notify engineering of smart contract / fee calculation parameter check.,OPEN
INC_3F332665A6,ANO_1F82D9C529,TX_45DE6C850E2D,USR_00612,2026-09-05 22:25:59+05:30,2,4,595.05,51.12,P3,P3 MEDIUM: Moderate risk exception (Score: 51.1); standard operational review.,Credit excess fee to user balance; notify engineering of smart contract / fee calculation parameter check.,OPEN
INC_F8865E3BCC,ANO_3B4D8A163B,TX_C99A4AEFED68,USR_04070,2026-08-19 20:13:22+05:30,2,4,588.41,51.03,P3,P3 MEDIUM: Moderate risk exception (Score: 51.0); standard operational review.,Credit excess fee to user balance; notify engineering of smart contract / fee calculation parameter check.,OPEN
INC_B8D588A6A9,ANO_3D67310E1A,TX_11052C3FDAE0,USR_02740,2026-08-08 17:18:58+05:30,2,4,580.19,50.92,P3,P3 MEDIUM: Moderate risk exception (Score: 50.9); standard operational review.,Credit excess fee to user balance; notify engineering of smart contract / fee calculation parameter check.,OPEN
INC_ECB44ECC27,ANO_6B1EF94095,TX_9483C6A06EDE,USR_03634,2026-08-28 12:45:03+05:30,2,4,579.3,50.91,P3,P3 MEDIUM: Moderate risk exception (Score: 50.9); standard operational review.,Credit excess fee to user balance; notify engineering of smart contract / fee calculation parameter check.,OPEN
INC_2458A8F9CE,ANO_387596BA31,TX_D4F43A0FACA0,USR_04443,2026-09-10 08:38:35+05:30,2,4,579.44,50.91,P3,P3 MEDIUM: Moderate risk exception (Score: 50.9); standard operational review.,Credit excess fee to user balance; notify engineering of smart contract / fee calculation parameter check.,OPEN
INC_B4DD38B0AB,ANO_AE104D395E,TX_8FC396583E0D,USR_09703,2026-09-01 11:25:02+05:30,2,4,578.71,50.9,P3,P3 MEDIUM: Moderate risk exception (Score: 50.9); standard operational review.,Credit excess fee to user balance; notify engineering of smart contract / fee calculation parameter check.,OPEN
INC_D9D581D1E8,ANO_953502860F,TX_8C9952E57BC0,USR_07370,2026-08-10 20:03:20+05:30,2,4,577.84,50.89,P3,P3 MEDIUM: Moderate risk exception (Score: 50.9); standard operational review.,Credit excess fee to user balance; notify engineering of smart contract / fee calculation parameter check.,OPEN
INC_B7BC469986,ANO_C53FCADA43,TX_20C153D9792E,USR_03450,2026-08-21 02:31:53+05:30,2,4,576.73,50.87,P3,P3 MEDIUM: Moderate risk exception (Score: 50.9); standard operational review.,Credit excess fee to user balance; notify engineering of smart contract / fee calculation parameter check.,OPEN
INC_994C85C2CB,ANO_D5A66BA652,TX_A2C1B328CC61,USR_06544,2026-08-10 15:13:10+05:30,2,4,573.4,50.83,P3,P3 MEDIUM: Moderate risk exception (Score: 50.8); standard operational review.,Credit excess fee to user balance; notify engineering of smart contract / fee calculation parameter check.,OPEN
INC_86926588F2,ANO_9D44037E23,TX_1BABC918B99D,USR_05094,2026-08-18 14:09:26+05:30,2,4,571.76,50.8,P3,P3 MEDIUM: Moderate risk exception (Score: 50.8); standard operational review.,Credit excess fee to user balance; notify engineering of smart contract / fee calculation parameter check.,OPEN
INC_E76BC295FF,ANO_F3A8460A15,TX_6C5608EE92E5,USR_08255,2026-08-27 16:17:59+05:30,2,4,570.56,50.79,P3,P3 MEDIUM: Moderate risk exception (Score: 50.8); standard operational review.,Credit excess fee to user balance; notify engineering of smart contract / fee calculation parameter check.,OPEN
INC_6DD4D56A15,ANO_0250006F17,TX_05417BFC584C,USR_06019,2026-09-18 22:34:15+05:30,2,4,569.23,50.77,P3,P3 MEDIUM: Moderate risk exception (Score: 50.8); standard operational review.,Credit excess fee to user balance; notify engineering of smart contract / fee calculation parameter check.,OPEN
INC_C70BC7760D,ANO_363944246A,TX_BD4578F0D587,USR_03051,2026-08-25 16:07:39+05:30,2,4,568.29,50.76,P3,P3 MEDIUM: Moderate risk exception (Score: 50.8); standard operational review.,Credit excess fee to user balance; notify engineering of smart contract / fee calculation parameter check.,OPEN
INC_2BE7434B75,ANO_30EE5B0602,TX_341CF1F6803C,USR_00867,2026-08-08 23:53:18+05:30,2,4,564.88,50.71,P3,P3 MEDIUM: Moderate risk exception (Score: 50.7); standard operational review.,Credit excess fee to user balance; notify engineering of smart contract / fee calculation parameter check.,OPEN
INC_9A0CF8ED65,ANO_21A7EEDEFD,TX_EC9F4E5FB4ED,USR_04274,2026-09-03 14:16:42+05:30,2,4,562.12,50.67,P3,P3 MEDIUM: Moderate risk exception (Score: 50.7); standard operational review.,Credit excess fee to user balance; notify engineering of smart contract / fee calculation parameter check.,OPEN
INC_41AE2B5F03,ANO_A216EF0735,TX_A287761E346F,USR_07771,2026-08-03 10:19:51+05:30,2,4,560.78,50.65,P3,P3 MEDIUM: Moderate risk exception (Score: 50.6); standard operational review.,Credit excess fee to user balance; notify engineering of smart contract / fee calculation parameter check.,OPEN
INC_5FC08CA8A1,ANO_413B6058E8,TX_CD0AF14F5EC4,USR_07208,2026-08-11 03:01:08+05:30,2,4,561.07,50.65,P3,P3 MEDIUM: Moderate risk exception (Score: 50.6); standard operational review.,Credit excess fee to user balance; notify engineering of smart contract / fee calculation parameter check.,OPEN
INC_40E217E158,ANO_EA4F07FE7E,TX_3118598A37BF,USR_08121,2026-08-08 12:01:28+05:30,2,4,560.21,50.64,P3,P3 MEDIUM: Moderate risk exception (Score: 50.6); standard operational review.,Credit excess fee to user balance; notify engineering of smart contract / fee calculation parameter check.,OPEN
INC_412D7AD064,ANO_26C0A132B6,TX_BA209ECE9965,USR_09241,2026-09-18 22:51:40+05:30,2,4,557.79,50.61,P3,P3 MEDIUM: Moderate risk exception (Score: 50.6); standard operational review.,Credit excess fee to user balance; notify engineering of smart contract / fee calculation parameter check.,OPEN
INC_9FF2DDB4DA,ANO_C07B7F3468,TX_03F819F7908A,USR_08096,2026-09-10 14:45:50+05:30,2,4,557.12,50.6,P3,P3 MEDIUM: Moderate risk exception (Score: 50.6); standard operational review.,Credit excess fee to user balance; notify engineering of smart contract / fee calculation parameter check.,OPEN
INC_7E4FDB5586,ANO_EF3118F54C,TX_754AA1D64B2F,USR_03949,2026-08-13 10:35:03+05:30,2,4,556.32,50.59,P3,P3 MEDIUM: Moderate risk exception (Score: 50.6); standard operational review.,Credit excess fee to user balance; notify engineering of smart contract / fee calculation parameter check.,OPEN
INC_40C4592335,ANO_7EF3BD4625,TX_D07E61A82C46,USR_04536,2026-08-13 19:44:50+05:30,2,4,552.67,50.53,P3,P3 MEDIUM: Moderate risk exception (Score: 50.5); standard operational review.,Credit excess fee to user balance; notify engineering of smart contract / fee calculation parameter check.,OPEN
INC_189246B636,ANO_B79C1722A3,TX_4FA448BA5834,USR_00362,2026-08-21 09:55:46+05:30,2,4,550.49,50.5,P3,P3 MEDIUM: Moderate risk exception (Score: 50.5); standard operational review.,Credit excess fee to user balance; notify engineering of smart contract / fee calculation parameter check.,OPEN
INC_6297CEABE3,ANO_6B2BF5BD18,TX_BCB974AAC06C,USR_05288,2026-08-08 02:20:55+05:30,2,4,550.01,50.49,P3,P3 MEDIUM: Moderate risk exception (Score: 50.5); standard operational review.,Credit excess fee to user balance; notify engineering of smart contract / fee calculation parameter check.,OPEN
INC_04B657F615,ANO_5206B7C958,TX_7EFEAEE10F39,USR_04705,2026-08-07 18:59:58+05:30,2,4,549.34,50.48,P3,P3 MEDIUM: Moderate risk exception (Score: 50.5); standard operational review.,Credit excess fee to user balance; notify engineering of smart contract / fee calculation parameter check.,OPEN
INC_C7D53ADCA9,ANO_D3EB19C6A5,TX_B4169C73871F,USR_05748,2026-08-28 21:14:38+05:30,2,4,549.21,50.48,P3,P3 MEDIUM: Moderate risk exception (Score: 50.5); standard operational review.,Credit excess fee to user balance; notify engineering of smart contract / fee calculation parameter check.,OPEN
INC_B35B9C9587,ANO_DFDABCC2F6,TX_35003CDDCF24,USR_03319,2026-08-31 15:18:21+05:30,2,4,548.52,50.47,P3,P3 MEDIUM: Moderate risk exception (Score: 50.5); standard operational review.,Credit excess fee to user balance; notify engineering of smart contract / fee calculation parameter check.,OPEN
INC_F90D0E1CE8,ANO_0BEF57331A,TX_244A17BED5F6,USR_03502,2026-09-14 09:23:32+05:30,2,4,548.26,50.47,P3,P3 MEDIUM: Moderate risk exception (Score: 50.5); standard operational review.,Credit excess fee to user balance; notify engineering of smart contract / fee calculation parameter check.,OPEN
INC_7308A12A60,ANO_83100079BF,TX_DBA8F39F7A6E,USR_04070,2026-09-18 03:44:18+05:30,2,4,548.65,50.47,P3,P3 MEDIUM: Moderate risk exception (Score: 50.5); standard operational review.,Credit excess fee to user balance; notify engineering of smart contract / fee calculation parameter check.,OPEN
INC_E354DDF434,ANO_F790A17381,TX_97DA7170A09F,USR_03268,2026-08-13 17:41:34+05:30,2,4,542.02,50.38,P3,P3 MEDIUM: Moderate risk exception (Score: 50.4); standard operational review.,Credit excess fee to user balance; notify engineering of smart contract / fee calculation parameter check.,OPEN
INC_3B8E7E2210,ANO_9A01711FB9,TX_2ADE2E2E04E9,USR_09470,2026-08-27 06:43:33+05:30,2,4,541.05,50.36,P3,P3 MEDIUM: Moderate risk exception (Score: 50.4); standard operational review.,Credit excess fee to user balance; notify engineering of smart contract / fee calculation parameter check.,OPEN
INC_10C5D61192,ANO_2925F4FF9F,TX_98CFCC1D1107,USR_00280,2026-08-06 16:33:26+05:30,2,4,539.13,50.33,P3,P3 MEDIUM: Moderate risk exception (Score: 50.3); standard operational review.,Credit excess fee to user balance; notify engineering of smart contract / fee calculation parameter check.,OPEN
INC_5AD26ACE70,ANO_11842EB88D,TX_02E935E67F7C,USR_01470,2026-08-26 21:19:23+05:30,2,4,535.19,50.28,P3,P3 MEDIUM: Moderate risk exception (Score: 50.3); standard operational review.,Credit excess fee to user balance; notify engineering of smart contract / fee calculation parameter check.,OPEN
INC_C98782D20D,ANO_5937498A74,TX_DF9E02470C4A,USR_03736,2026-08-14 19:01:54+05:30,2,4,532.28,50.23,P3,P3 MEDIUM: Moderate risk exception (Score: 50.2); standard operational review.,Credit excess fee to user balance; notify engineering of smart contract / fee calculation parameter check.,OPEN
INC_3177AF7E8A,ANO_A59E022E8D,TX_770BB53D479A,USR_03473,2026-08-22 18:08:16+05:30,2,4,530.74,50.21,P3,P3 MEDIUM: Moderate risk exception (Score: 50.2); standard operational review.,Credit excess fee to user balance; notify engineering of smart contract / fee calculation parameter check.,OPEN
INC_9308309866,ANO_AD69AAC073,TX_D528F53F0636,USR_04180,2026-09-01 21:05:51+05:30,2,4,531.09,50.21,P3,P3 MEDIUM: Moderate risk exception (Score: 50.2); standard operational review.,Credit excess fee to user balance; notify engineering of smart contract / fee calculation parameter check.,OPEN
INC_276A415C59,ANO_FCBB7E0E9C,TX_D2FEFBE4C6A7,USR_04449,2026-08-03 23:49:27+05:30,2,4,530.22,50.2,P3,P3 MEDIUM: Moderate risk exception (Score: 50.2); standard operational review.,Credit excess fee to user balance; notify engineering of smart contract / fee calculation parameter check.,OPEN
INC_24BF3D8BEA,ANO_27F58528A0,TX_64A2C68F9278,USR_04939,2026-09-02 11:59:23+05:30,2,4,526.4,50.14,P3,P3 MEDIUM: Moderate risk exception (Score: 50.1); standard operational review.,Credit excess fee to user balance; notify engineering of smart contract / fee calculation parameter check.,OPEN
INC_5A25C02C8A,ANO_B3B9694DA5,TX_5A4F273E1BEC,USR_04533,2026-09-05 10:16:44+05:30,2,4,526.39,50.14,P3,P3 MEDIUM: Moderate risk exception (Score: 50.1); standard operational review.,Credit excess fee to user balance; notify engineering of smart contract / fee calculation parameter check.,OPEN
INC_1952C24150,ANO_E93FD229B4,TX_9F0F6B2B6A1F,USR_01443,2026-08-27 11:33:11+05:30,2,4,524.99,50.12,P3,P3 MEDIUM: Moderate risk exception (Score: 50.1); standard operational review.,Credit excess fee to user balance; notify engineering of smart contract / fee calculation parameter check.,OPEN
INC_93155ADCA5,ANO_A3C038209B,TX_C07A2C1BECC1,USR_07929,2026-09-17 17:25:22+05:30,2,4,524.92,50.12,P3,P3 MEDIUM: Moderate risk exception (Score: 50.1); standard operational review.,Credit excess fee to user balance; notify engineering of smart contract / fee calculation parameter check.,OPEN
INC_9E266FCD72,ANO_19CFD9F235,TX_0960170224D6,USR_08425,2026-08-01 18:25:31+05:30,2,4,516.95,50.0,P3,P3 MEDIUM: Moderate risk exception (Score: 50.0); standard operational review.,Credit excess fee to user balance; notify engineering of smart contract / fee calculation parameter check.,OPEN
INC_112FB61F46,ANO_F3B5DB770B,TX_578C778FF843,USR_07480,2026-08-10 08:51:07+05:30,2,4,516.73,50.0,P3,P3 MEDIUM: Moderate risk exception (Score: 50.0); standard operational review.,Credit excess fee to user balance; notify engineering of smart contract / fee calculation parameter check.,OPEN
INC_982ED3096F,ANO_37C49D84BD,TX_E6A59DE7725C,USR_01860,2026-08-23 01:17:02+05:30,2,4,514.57,49.96,P3,P3 MEDIUM: Moderate risk exception (Score: 50.0); standard operational review.,Credit excess fee to user balance; notify engineering of smart contract / fee calculation parameter check.,OPEN
INC_8DB8DB0C84,ANO_F33AB95E9B,TX_C1BB54C3BEC1,USR_07841,2026-09-04 07:59:13+05:30,2,4,514.59,49.96,P3,P3 MEDIUM: Moderate risk exception (Score: 50.0); standard operational review.,Credit excess fee to user balance; notify engineering of smart contract / fee calculation parameter check.,OPEN
INC_9C4DE68A80,ANO_AAF6210FC0,TX_DD49F8BB6851,USR_04767,2026-08-26 22:10:00+05:30,2,4,512.31,49.93,P3,P3 MEDIUM: Moderate risk exception (Score: 49.9); standard operational review.,Credit excess fee to user balance; notify engineering of smart contract / fee calculation parameter check.,OPEN
INC_E6EAC04D0D,ANO_539D176D9F,TX_FE34C069541E,USR_06691,2026-08-10 02:28:11+05:30,2,4,509.85,49.89,P3,P3 MEDIUM: Moderate risk exception (Score: 49.9); standard operational review.,Credit excess fee to user balance; notify engineering of smart contract / fee calculation parameter check.,OPEN
INC_F96A961A8D,ANO_4DFDEF99F2,TX_C33E8EA004FE,USR_07924,2026-08-28 16:21:46+05:30,2,4,510.0,49.89,P3,P3 MEDIUM: Moderate risk exception (Score: 49.9); standard operational review.,Credit excess fee to user balance; notify engineering of smart contract / fee calculation parameter check.,OPEN
INC_FBF040058F,ANO_706E79D7F8,TX_E0BB369BA292,USR_08444,2026-08-02 12:25:42+05:30,2,4,508.97,49.87,P3,P3 MEDIUM: Moderate risk exception (Score: 49.9); standard operational review.,Credit excess fee to user balance; notify engineering of smart contract / fee calculation parameter check.,OPEN
INC_27C595F1A6,ANO_A37FA146BE,TX_FC98767297A4,USR_05881,2026-09-04 03:29:12+05:30,2,4,507.21,49.85,P3,P3 MEDIUM: Moderate risk exception (Score: 49.9); standard operational review.,Credit excess fee to user balance; notify engineering of smart contract / fee calculation parameter check.,OPEN
INC_B3D1E11910,ANO_4D40910F6E,TX_32A6E80B6452,USR_06736,2026-09-08 15:56:47+05:30,2,4,506.71,49.84,P3,P3 MEDIUM: Moderate risk exception (Score: 49.8); standard operational review.,Credit excess fee to user balance; notify engineering of smart contract / fee calculation parameter check.,OPEN
INC_4FAE227F06,ANO_334621FF5A,TX_3B6457E3596D,USR_07905,2026-08-06 19:36:42+05:30,2,4,505.15,49.81,P3,P3 MEDIUM: Moderate risk exception (Score: 49.8); standard operational review.,Credit excess fee to user balance; notify engineering of smart contract / fee calculation parameter check.,OPEN
INC_E761C9EC05,ANO_28A22D31FB,TX_61786ED3C134,USR_02347,2026-09-16 16:53:45+05:30,2,4,504.69,49.81,P3,P3 MEDIUM: Moderate risk exception (Score: 49.8); standard operational review.,Credit excess fee to user balance; notify engineering of smart contract / fee calculation parameter check.,OPEN
INC_EC190F995E,ANO_DF85B0AB5F,TX_C4024739E7E8,USR_06482,2026-09-09 19:57:39+05:30,2,4,501.37,49.75,P3,P3 MEDIUM: Moderate risk exception (Score: 49.8); standard operational review.,Credit excess fee to user balance; notify engineering of smart contract / fee calculation parameter check.,OPEN
INC_752E93EB2D,ANO_A21ED8D0FF,TX_1BD028C448E7,USR_08333,2026-08-10 15:58:41+05:30,2,4,500.35,49.74,P3,P3 MEDIUM: Moderate risk exception (Score: 49.7); standard operational review.,Credit excess fee to user balance; notify engineering of smart contract / fee calculation parameter check.,OPEN
INC_67912355AD,ANO_20EFDCA367,TX_4B1D2AA2A2DF,USR_00738,2026-08-10 18:36:16+05:30,2,4,500.36,49.74,P3,P3 MEDIUM: Moderate risk exception (Score: 49.7); standard operational review.,Credit excess fee to user balance; notify engineering of smart contract / fee calculation parameter check.,OPEN
INC_A44AD6354A,ANO_98EE630AFB,TX_325101D8BB8E,USR_05361,2026-09-01 04:42:02+05:30,2,4,500.42,49.74,P3,P3 MEDIUM: Moderate risk exception (Score: 49.7); standard operational review.,Credit excess fee to user balance; notify engineering of smart contract / fee calculation parameter check.,OPEN
INC_CCD4DA7332,ANO_FC5916E83A,TX_90994118462E,USR_04891,2026-09-01 09:35:51+05:30,2,4,500.44,49.74,P3,P3 MEDIUM: Moderate risk exception (Score: 49.7); standard operational review.,Credit excess fee to user balance; notify engineering of smart contract / fee calculation parameter check.,OPEN
INC_05B07E0F22,ANO_80A6548088,TX_BA6B0484760A,USR_09663,2026-08-07 14:59:34+05:30,2,4,499.78,49.73,P3,P3 MEDIUM: Moderate risk exception (Score: 49.7); standard operational review.,Credit excess fee to user balance; notify engineering of smart contract / fee calculation parameter check.,OPEN
INC_CD4BCBB529,ANO_0BAD30AAFD,TX_26CA5E02257A,USR_05040,2026-08-15 17:37:23+05:30,2,4,499.14,49.72,P3,P3 MEDIUM: Moderate risk exception (Score: 49.7); standard operational review.,Credit excess fee to user balance; notify engineering of smart contract / fee calculation parameter check.,OPEN
INC_B5178C677A,ANO_CBE94483EE,TX_CB7B00B5CFCA,USR_07850,2026-08-14 21:35:36+05:30,2,4,496.96,49.68,P3,P3 MEDIUM: Moderate risk exception (Score: 49.7); standard operational review.,Credit excess fee to user balance; notify engineering of smart contract / fee calculation parameter check.,OPEN
INC_AB4CAB66F2,ANO_FAF675EE0C,TX_CEFA25C04B9A,USR_04986,2026-08-27 02:44:00+05:30,2,4,496.05,49.67,P3,P3 MEDIUM: Moderate risk exception (Score: 49.7); standard operational review.,Credit excess fee to user balance; notify engineering of smart contract / fee calculation parameter check.,OPEN
INC_835FC22342,ANO_E98271B0C6,TX_CED19C34BF7E,USR_02740,2026-08-07 09:07:49+05:30,2,4,495.23,49.66,P3,P3 MEDIUM: Moderate risk exception (Score: 49.7); standard operational review.,Credit excess fee to user balance; notify engineering of smart contract / fee calculation parameter check.,OPEN
INC_D6FF4F4FFA,ANO_3D0D6DEED4,TX_4BF9D01822AC,USR_04938,2026-09-01 12:37:42+05:30,2,4,495.58,49.66,P3,P3 MEDIUM: Moderate risk exception (Score: 49.7); standard operational review.,Credit excess fee to user balance; notify engineering of smart contract / fee calculation parameter check.,OPEN
INC_9BF3CF0239,ANO_00AE166E7C,TX_28C1E3615635,USR_04667,2026-09-14 16:35:54+05:30,2,4,494.57,49.65,P3,P3 MEDIUM: Moderate risk exception (Score: 49.6); standard operational review.,Credit excess fee to user balance; notify engineering of smart contract / fee calculation parameter check.,OPEN
INC_99AD7C4DD4,ANO_4686D4E00F,TX_4C28D998DAEE,USR_01077,2026-09-18 15:44:37+05:30,2,4,494.99,49.65,P3,P3 MEDIUM: Moderate risk exception (Score: 49.6); standard operational review.,Credit excess fee to user balance; notify engineering of smart contract / fee calculation parameter check.,OPEN
INC_D6F711F7CD,ANO_29020C2EFB,TX_47F3E2B8FBDA,USR_04751,2026-08-16 02:52:47+05:30,2,4,493.38,49.63,P3,P3 MEDIUM: Moderate risk exception (Score: 49.6); standard operational review.,Credit excess fee to user balance; notify engineering of smart contract / fee calculation parameter check.,OPEN
INC_46D7974660,ANO_D9C123422B,TX_26B9A29C149E,USR_05741,2026-09-15 08:41:18+05:30,2,4,492.83,49.62,P3,P3 MEDIUM: Moderate risk exception (Score: 49.6); standard operational review.,Credit excess fee to user balance; notify engineering of smart contract / fee calculation parameter check.,OPEN
INC_0AD1BEF4AF,ANO_5D6AEFADD2,TX_F52FF3B51128,USR_06019,2026-08-13 08:03:01+05:30,2,4,489.06,49.56,P3,P3 MEDIUM: Moderate risk exception (Score: 49.6); standard operational review.,Credit excess fee to user balance; notify engineering of smart contract / fee calculation parameter check.,OPEN
INC_2E7F088AEE,ANO_498F4F7329,TX_6922B17EB5FC,USR_03144,2026-09-13 19:13:36+05:30,2,4,487.56,49.53,P3,P3 MEDIUM: Moderate risk exception (Score: 49.5); standard operational review.,Credit excess fee to user balance; notify engineering of smart contract / fee calculation parameter check.,OPEN
INC_4C9E224975,ANO_91F412573C,TX_940DF20AED8D,USR_04192,2026-08-31 21:58:46+05:30,2,4,486.67,49.52,P3,P3 MEDIUM: Moderate risk exception (Score: 49.5); standard operational review.,Credit excess fee to user balance; notify engineering of smart contract / fee calculation parameter check.,OPEN
INC_993E114F6A,ANO_3843DB9AD2,TX_18CBA676DE5D,USR_00861,2026-09-02 12:27:32+05:30,2,4,486.43,49.51,P3,P3 MEDIUM: Moderate risk exception (Score: 49.5); standard operational review.,Credit excess fee to user balance; notify engineering of smart contract / fee calculation parameter check.,OPEN
INC_5D1034E6DD,ANO_96813C2CE6,TX_89AEC884C9B4,USR_07058,2026-08-08 22:23:56+05:30,2,4,485.67,49.5,P3,P3 MEDIUM: Moderate risk exception (Score: 49.5); standard operational review.,Credit excess fee to user balance; notify engineering of smart contract / fee calculation parameter check.,OPEN
INC_675CDD6D26,ANO_D71C726D0B,TX_5F4E06026B6E,USR_05217,2026-08-27 00:10:06+05:30,2,4,484.78,49.49,P3,P3 MEDIUM: Moderate risk exception (Score: 49.5); standard operational review.,Credit excess fee to user balance; notify engineering of smart contract / fee calculation parameter check.,OPEN
INC_2D04542142,ANO_9AD99F1C1E,TX_C3FCB4009C78,USR_07598,2026-08-29 01:19:48+05:30,2,4,485.18,49.49,P3,P3 MEDIUM: Moderate risk exception (Score: 49.5); standard operational review.,Credit excess fee to user balance; notify engineering of smart contract / fee calculation parameter check.,OPEN
INC_270B4DE742,ANO_3FF430184A,TX_E5F6686E8654,USR_02186,2026-08-02 08:34:21+05:30,2,4,484.03,49.47,P3,P3 MEDIUM: Moderate risk exception (Score: 49.5); standard operational review.,Credit excess fee to user balance; notify engineering of smart contract / fee calculation parameter check.,OPEN
INC_F2ACA2BEAF,ANO_5B40BD84E1,TX_73CBCB6FFF4A,USR_08982,2026-08-10 06:40:58+05:30,2,4,482.38,49.45,P3,P3 MEDIUM: Moderate risk exception (Score: 49.5); standard operational review.,Credit excess fee to user balance; notify engineering of smart contract / fee calculation parameter check.,OPEN
INC_E34E5F75B6,ANO_BD3CDAB0F2,TX_2D5879E50B16,USR_03836,2026-08-16 09:44:38+05:30,2,4,482.17,49.44,P3,P3 MEDIUM: Moderate risk exception (Score: 49.4); standard operational review.,Credit excess fee to user balance; notify engineering of smart contract / fee calculation parameter check.,OPEN
INC_FBAF462C13,ANO_7784B3AF8C,TX_E95B911F66BA,USR_00394,2026-08-25 11:21:19+05:30,2,4,481.74,49.44,P3,P3 MEDIUM: Moderate risk exception (Score: 49.4); standard operational review.,Credit excess fee to user balance; notify engineering of smart contract / fee calculation parameter check.,OPEN
INC_BC0B56D5CB,ANO_1943D9E167,TX_038FE5620AAB,USR_06222,2026-08-17 16:53:38+05:30,2,4,481.56,49.43,P3,P3 MEDIUM: Moderate risk exception (Score: 49.4); standard operational review.,Credit excess fee to user balance; notify engineering of smart contract / fee calculation parameter check.,OPEN
INC_66A8716A4C,ANO_143D54ED2B,TX_728E8A8A4AE6,USR_09717,2026-08-28 13:48:44+05:30,2,4,481.61,49.43,P3,P3 MEDIUM: Moderate risk exception (Score: 49.4); standard operational review.,Credit excess fee to user balance; notify engineering of smart contract / fee calculation parameter check.,OPEN
INC_CFD21E055C,ANO_5BF0C05F34,TX_F511DDAC89C6,USR_08233,2026-09-01 20:01:03+05:30,2,4,481.21,49.43,P3,P3 MEDIUM: Moderate risk exception (Score: 49.4); standard operational review.,Credit excess fee to user balance; notify engineering of smart contract / fee calculation parameter check.,OPEN
INC_E1F2987A9F,ANO_9258FB16D3,TX_F6432A3FA497,USR_08263,2026-09-18 09:02:16+05:30,2,4,481.33,49.43,P3,P3 MEDIUM: Moderate risk exception (Score: 49.4); standard operational review.,Credit excess fee to user balance; notify engineering of smart contract / fee calculation parameter check.,OPEN
INC_6DFAAD4902,ANO_6ED31E69D1,TX_14E473847BB8,USR_05098,2026-08-21 14:55:37+05:30,2,4,479.93,49.41,P3,P3 MEDIUM: Moderate risk exception (Score: 49.4); standard operational review.,Credit excess fee to user balance; notify engineering of smart contract / fee calculation parameter check.,OPEN
INC_FE3F2ED5E5,ANO_5FAE311FE0,TX_65E22EB1CB17,USR_08319,2026-08-25 17:11:30+05:30,2,4,480.33,49.41,P3,P3 MEDIUM: Moderate risk exception (Score: 49.4); standard operational review.,Credit excess fee to user balance; notify engineering of smart contract / fee calculation parameter check.,OPEN
INC_80E593AB4D,ANO_7D00AE0E53,TX_42B3A8345AAD,USR_01711,2026-09-03 05:29:03+05:30,2,4,480.23,49.41,P3,P3 MEDIUM: Moderate risk exception (Score: 49.4); standard operational review.,Credit excess fee to user balance; notify engineering of smart contract / fee calculation parameter check.,OPEN
INC_F8E0A68CBE,ANO_993ADD6F82,TX_1758264A41B7,USR_00670,2026-09-10 00:58:07+05:30,2,4,479.56,49.4,P3,P3 MEDIUM: Moderate risk exception (Score: 49.4); standard operational review.,Credit excess fee to user balance; notify engineering of smart contract / fee calculation parameter check.,OPEN
INC_11F054C2A2,ANO_0832539836,TX_E0D590224C3C,USR_03448,2026-08-03 17:04:09+05:30,2,4,477.52,49.37,P3,P3 MEDIUM: Moderate risk exception (Score: 49.4); standard operational review.,Credit excess fee to user balance; notify engineering of smart contract / fee calculation parameter check.,OPEN
INC_1D85864AF3,ANO_5159487B55,TX_AED818A8268D,USR_05011,2026-08-19 20:30:43+05:30,2,4,477.95,49.37,P3,P3 MEDIUM: Moderate risk exception (Score: 49.4); standard operational review.,Credit excess fee to user balance; notify engineering of smart contract / fee calculation parameter check.,OPEN
INC_E721641362,ANO_C83D5B7D59,TX_94D065D119C1,USR_05513,2026-08-06 17:37:49+05:30,2,4,476.99,49.36,P3,P3 MEDIUM: Moderate risk exception (Score: 49.4); standard operational review.,Credit excess fee to user balance; notify engineering of smart contract / fee calculation parameter check.,OPEN
INC_C96C160DE8,ANO_679E70E5A4,TX_844C9176EC44,USR_06443,2026-08-22 21:10:15+05:30,2,4,476.49,49.35,P3,P3 MEDIUM: Moderate risk exception (Score: 49.4); standard operational review.,Credit excess fee to user balance; notify engineering of smart contract / fee calculation parameter check.,OPEN
INC_C07C7922F5,ANO_EB8C58FA6D,TX_FBBCAC796602,USR_06091,2026-08-12 06:22:26+05:30,2,4,476.13,49.34,P3,P3 MEDIUM: Moderate risk exception (Score: 49.3); standard operational review.,Credit excess fee to user balance; notify engineering of smart contract / fee calculation parameter check.,OPEN
INC_876D529C7D,ANO_DFEB6BBD30,TX_7120458B49A1,USR_02254,2026-09-14 08:24:27+05:30,2,4,474.48,49.31,P3,P3 MEDIUM: Moderate risk exception (Score: 49.3); standard operational review.,Credit excess fee to user balance; notify engineering of smart contract / fee calculation parameter check.,OPEN
INC_5D29809F50,ANO_E3CE3255D3,TX_07DC174B4025,USR_00660,2026-09-15 12:49:06+05:30,2,4,473.8,49.3,P3,P3 MEDIUM: Moderate risk exception (Score: 49.3); standard operational review.,Credit excess fee to user balance; notify engineering of smart contract / fee calculation parameter check.,OPEN
INC_2A27B55648,ANO_0A8699ADEA,TX_818F1CE2D11F,USR_09814,2026-09-16 22:30:46+05:30,2,4,472.84,49.29,P3,P3 MEDIUM: Moderate risk exception (Score: 49.3); standard operational review.,Credit excess fee to user balance; notify engineering of smart contract / fee calculation parameter check.,OPEN
INC_0162F6A2E9,ANO_CD2DD80AD4,TX_DA758CE36356,USR_03634,2026-08-04 08:43:36+05:30,2,4,472.43,49.28,P3,P3 MEDIUM: Moderate risk exception (Score: 49.3); standard operational review.,Credit excess fee to user balance; notify engineering of smart contract / fee calculation parameter check.,OPEN
INC_DB6D99597E,ANO_67FE9DDEE3,TX_9B810429FEF6,USR_07302,2026-08-10 11:05:29+05:30,2,4,472.53,49.28,P3,P3 MEDIUM: Moderate risk exception (Score: 49.3); standard operational review.,Credit excess fee to user balance; notify engineering of smart contract / fee calculation parameter check.,OPEN
INC_497FE5B849,ANO_BEC3F688C1,TX_9B3E31A22BF0,USR_06850,2026-09-12 09:39:01+05:30,2,4,468.82,49.22,P3,P3 MEDIUM: Moderate risk exception (Score: 49.2); standard operational review.,Credit excess fee to user balance; notify engineering of smart contract / fee calculation parameter check.,OPEN
INC_950F5800C7,ANO_13BA7DCBB2,TX_2B32685FB766,USR_06202,2026-08-04 22:32:59+05:30,2,4,467.75,49.2,P3,P3 MEDIUM: Moderate risk exception (Score: 49.2); standard operational review.,Credit excess fee to user balance; notify engineering of smart contract / fee calculation parameter check.,OPEN
INC_87274BB273,ANO_E99BE31FD5,TX_D14B1D431D71,USR_01980,2026-08-11 01:10:01+05:30,2,4,466.97,49.19,P3,P3 MEDIUM: Moderate risk exception (Score: 49.2); standard operational review.,Credit excess fee to user balance; notify engineering of smart contract / fee calculation parameter check.,OPEN
INC_81C5AE9005,ANO_AC88A6D1A6,TX_722D874823A1,USR_03271,2026-08-22 05:24:35+05:30,2,4,464.15,49.14,P3,P3 MEDIUM: Moderate risk exception (Score: 49.1); standard operational review.,Credit excess fee to user balance; notify engineering of smart contract / fee calculation parameter check.,OPEN
INC_BF4A31E7B9,ANO_498518D6BC,TX_4869D419EAB7,USR_00837,2026-08-11 22:34:19+05:30,2,4,463.63,49.13,P3,P3 MEDIUM: Moderate risk exception (Score: 49.1); standard operational review.,Credit excess fee to user balance; notify engineering of smart contract / fee calculation parameter check.,OPEN
INC_F7A5DA2D4D,ANO_F52875C578,TX_CB39EB13339B,USR_07638,2026-08-18 00:02:04+05:30,2,4,463.77,49.13,P3,P3 MEDIUM: Moderate risk exception (Score: 49.1); standard operational review.,Credit excess fee to user balance; notify engineering of smart contract / fee calculation parameter check.,OPEN
INC_D77BA7FFB3,ANO_B9C5A3AE4C,TX_8429F5230F17,USR_03144,2026-09-07 01:37:38+05:30,2,4,463.6,49.13,P3,P3 MEDIUM: Moderate risk exception (Score: 49.1); standard operational review.,Credit excess fee to user balance; notify engineering of smart contract / fee calculation parameter check.,OPEN
INC_87A7199772,ANO_436C7515AB,TX_4D4340B6CD4E,USR_04891,2026-08-06 13:05:33+05:30,2,4,462.34,49.11,P3,P3 MEDIUM: Moderate risk exception (Score: 49.1); standard operational review.,Credit excess fee to user balance; notify engineering of smart contract / fee calculation parameter check.,OPEN
INC_190F246C36,ANO_971E3B40D4,TX_B3261F97C58B,USR_00660,2026-08-10 00:52:55+05:30,2,4,455.92,49.0,P3,P3 MEDIUM: Moderate risk exception (Score: 49.0); standard operational review.,Credit excess fee to user balance; notify engineering of smart contract / fee calculation parameter check.,OPEN
INC_60F45B05C9,ANO_C9A9AF3AA4,TX_7FB1D0285E68,USR_03240,2026-08-20 12:50:45+05:30,2,4,454.25,48.97,P3,P3 MEDIUM: Moderate risk exception (Score: 49.0); standard operational review.,Credit excess fee to user balance; notify engineering of smart contract / fee calculation parameter check.,OPEN
INC_738F2A4FEE,ANO_25010DEAE2,TX_4FA933348757,USR_03569,2026-09-12 03:10:37+05:30,2,4,453.55,48.95,P3,P3 MEDIUM: Moderate risk exception (Score: 49.0); standard operational review.,Credit excess fee to user balance; notify engineering of smart contract / fee calculation parameter check.,OPEN
INC_EA75580C7D,ANO_3AFAB96E17,TX_28C39B8BD8E4,USR_09270,2026-08-05 11:06:52+05:30,2,4,451.37,48.92,P3,P3 MEDIUM: Moderate risk exception (Score: 48.9); standard operational review.,Credit excess fee to user balance; notify engineering of smart contract / fee calculation parameter check.,OPEN
INC_243AFEC082,ANO_5D2D04FED6,TX_FD4F8F718D79,USR_08302,2026-09-18 17:28:00+05:30,2,4,451.4,48.92,P3,P3 MEDIUM: Moderate risk exception (Score: 48.9); standard operational review.,Credit excess fee to user balance; notify engineering of smart contract / fee calculation parameter check.,OPEN
INC_8BDA37A0FC,ANO_7134962000,TX_D5066937DB9D,USR_01755,2026-08-30 20:08:49+05:30,2,4,450.14,48.89,P3,P3 MEDIUM: Moderate risk exception (Score: 48.9); standard operational review.,Credit excess fee to user balance; notify engineering of smart contract / fee calculation parameter check.,OPEN
INC_5447CA4345,ANO_16FE005FAA,TX_6E1A66A08B71,USR_04938,2026-09-06 18:21:03+05:30,2,4,449.41,48.88,P3,P3 MEDIUM: Moderate risk exception (Score: 48.9); standard operational review.,Credit excess fee to user balance; notify engineering of smart contract / fee calculation parameter check.,OPEN
INC_86589AA800,ANO_B7DF9F0517,TX_5DF73B39675A,USR_07201,2026-09-12 07:06:09+05:30,2,4,447.43,48.85,P3,P3 MEDIUM: Moderate risk exception (Score: 48.9); standard operational review.,Credit excess fee to user balance; notify engineering of smart contract / fee calculation parameter check.,OPEN
INC_ECA3EF2E9A,ANO_053ED99240,TX_A1C19DA55B06,USR_09005,2026-09-03 03:35:17+05:30,2,4,444.68,48.8,P3,P3 MEDIUM: Moderate risk exception (Score: 48.8); standard operational review.,Credit excess fee to user balance; notify engineering of smart contract / fee calculation parameter check.,OPEN
INC_816817C181,ANO_6201248317,TX_7E4B40C4DCDA,USR_05598,2026-08-06 02:57:23+05:30,2,4,444.04,48.79,P3,P3 MEDIUM: Moderate risk exception (Score: 48.8); standard operational review.,Credit excess fee to user balance; notify engineering of smart contract / fee calculation parameter check.,OPEN
INC_0FC9942ED3,ANO_4464949025,TX_192E7E33285D,USR_09236,2026-08-05 00:24:39+05:30,2,4,442.26,48.75,P3,P3 MEDIUM: Moderate risk exception (Score: 48.8); standard operational review.,Credit excess fee to user balance; notify engineering of smart contract / fee calculation parameter check.,OPEN
INC_45C584490E,ANO_ECF828200D,TX_0DB9E2D2109F,USR_06484,2026-09-13 01:57:29+05:30,2,4,441.37,48.74,P3,P3 MEDIUM: Moderate risk exception (Score: 48.7); standard operational review.,Credit excess fee to user balance; notify engineering of smart contract / fee calculation parameter check.,OPEN
INC_E0713115D2,ANO_47B285A68D,TX_06751F94AE4B,USR_07715,2026-08-11 07:15:25+05:30,2,4,441.15,48.73,P3,P3 MEDIUM: Moderate risk exception (Score: 48.7); standard operational review.,Credit excess fee to user balance; notify engineering of smart contract / fee calculation parameter check.,OPEN
INC_0AFEB4C5FD,ANO_EAD12F2DE9,TX_7546E57846B8,USR_02242,2026-08-31 12:23:26+05:30,2,4,440.67,48.72,P3,P3 MEDIUM: Moderate risk exception (Score: 48.7); standard operational review.,Credit excess fee to user balance; notify engineering of smart contract / fee calculation parameter check.,OPEN
INC_743D1D22F7,ANO_03E77E53AF,TX_E6BDD131E908,USR_06843,2026-09-18 14:42:28+05:30,2,4,440.16,48.72,P3,P3 MEDIUM: Moderate risk exception (Score: 48.7); standard operational review.,Credit excess fee to user balance; notify engineering of smart contract / fee calculation parameter check.,OPEN
INC_E6DA089AA2,ANO_9D0B69B67D,TX_134917C989F7,USR_05248,2026-08-22 06:20:32+05:30,2,4,439.15,48.7,P3,P3 MEDIUM: Moderate risk exception (Score: 48.7); standard operational review.,Credit excess fee to user balance; notify engineering of smart contract / fee calculation parameter check.,OPEN
INC_1497EA0586,ANO_01F3D76AE7,TX_A395F9B9756D,USR_03714,2026-08-26 00:14:47+05:30,2,4,438.45,48.68,P3,P3 MEDIUM: Moderate risk exception (Score: 48.7); standard operational review.,Credit excess fee to user balance; notify engineering of smart contract / fee calculation parameter check.,OPEN
INC_09C7302C86,ANO_FDF4A4E49B,TX_71FD77CB9488,USR_02318,2026-09-07 15:45:32+05:30,2,4,438.39,48.68,P3,P3 MEDIUM: Moderate risk exception (Score: 48.7); standard operational review.,Credit excess fee to user balance; notify engineering of smart contract / fee calculation parameter check.,OPEN
INC_3DF3FEAB0A,ANO_7F56CB3340,TX_5EECD819460F,USR_09028,2026-08-28 14:32:45+05:30,2,4,437.91,48.67,P3,P3 MEDIUM: Moderate risk exception (Score: 48.7); standard operational review.,Credit excess fee to user balance; notify engineering of smart contract / fee calculation parameter check.,OPEN
INC_3D7BC7521A,ANO_2D992C5025,TX_4DA4BC3BF3CC,USR_06883,2026-09-03 17:20:05+05:30,2,4,437.89,48.67,P3,P3 MEDIUM: Moderate risk exception (Score: 48.7); standard operational review.,Credit excess fee to user balance; notify engineering of smart contract / fee calculation parameter check.,OPEN
INC_F1D7319BD6,ANO_F03B7068D1,TX_E2E48734F9CF,USR_01370,2026-09-11 16:14:05+05:30,2,4,436.23,48.64,P3,P3 MEDIUM: Moderate risk exception (Score: 48.6); standard operational review.,Credit excess fee to user balance; notify engineering of smart contract / fee calculation parameter check.,OPEN
INC_D43E11DEC6,ANO_815B9AFBBC,TX_D31877FCFBB5,USR_07472,2026-08-10 20:35:56+05:30,2,4,435.59,48.63,P3,P3 MEDIUM: Moderate risk exception (Score: 48.6); standard operational review.,Credit excess fee to user balance; notify engineering of smart contract / fee calculation parameter check.,OPEN
INC_35F6354EC4,ANO_A028C3ED87,TX_33109C77B807,USR_09084,2026-09-01 09:49:20+05:30,2,4,435.54,48.63,P3,P3 MEDIUM: Moderate risk exception (Score: 48.6); standard operational review.,Credit excess fee to user balance; notify engineering of smart contract / fee calculation parameter check.,OPEN
INC_7D35359EBF,ANO_F5E869E3AB,TX_A3DC9EC7F5DE,USR_05922,2026-08-02 15:52:45+05:30,2,4,435.05,48.62,P3,P3 MEDIUM: Moderate risk exception (Score: 48.6); standard operational review.,Credit excess fee to user balance; notify engineering of smart contract / fee calculation parameter check.,OPEN
INC_E255872181,ANO_08F3C1BD5E,TX_BC77307716A0,USR_08497,2026-08-11 21:59:18+05:30,2,4,435.21,48.62,P3,P3 MEDIUM: Moderate risk exception (Score: 48.6); standard operational review.,Credit excess fee to user balance; notify engineering of smart contract / fee calculation parameter check.,OPEN
INC_DA1BD6BEC7,ANO_E3E394AF94,TX_9919E973CAA7,USR_02205,2026-08-27 21:54:58+05:30,2,4,434.84,48.62,P3,P3 MEDIUM: Moderate risk exception (Score: 48.6); standard operational review.,Credit excess fee to user balance; notify engineering of smart contract / fee calculation parameter check.,OPEN
INC_4DE7CE10BC,ANO_A4557A5DFC,TX_E2954A50C49D,USR_03948,2026-08-30 05:27:09+05:30,2,4,433.73,48.6,P3,P3 MEDIUM: Moderate risk exception (Score: 48.6); standard operational review.,Credit excess fee to user balance; notify engineering of smart contract / fee calculation parameter check.,OPEN
INC_AEE774A696,ANO_6561469478,TX_E40A020470DC,USR_06019,2026-08-09 00:42:18+05:30,2,4,431.5,48.56,P3,P3 MEDIUM: Moderate risk exception (Score: 48.6); standard operational review.,Credit excess fee to user balance; notify engineering of smart contract / fee calculation parameter check.,OPEN
INC_8C2579449B,ANO_1CE1F8DA76,TX_A6C29A41CD33,USR_05352,2026-09-15 15:04:37+05:30,2,4,430.98,48.55,P3,P3 MEDIUM: Moderate risk exception (Score: 48.5); standard operational review.,Credit excess fee to user balance; notify engineering of smart contract / fee calculation parameter check.,OPEN
INC_D75831BD2A,ANO_9CC1ED0E79,TX_78E0488A59BC,USR_03830,2026-08-15 05:59:49+05:30,2,4,430.41,48.54,P3,P3 MEDIUM: Moderate risk exception (Score: 48.5); standard operational review.,Credit excess fee to user balance; notify engineering of smart contract / fee calculation parameter check.,OPEN
INC_4A6294B8BA,ANO_B8A9CEBBF6,TX_64BED08759CB,USR_03458,2026-08-20 05:00:22+05:30,2,4,430.27,48.53,P3,P3 MEDIUM: Moderate risk exception (Score: 48.5); standard operational review.,Credit excess fee to user balance; notify engineering of smart contract / fee calculation parameter check.,OPEN
INC_B5FDD3B349,ANO_9DE470FC46,TX_02E307BE9FDF,USR_08966,2026-08-05 07:08:33+05:30,2,4,428.61,48.5,P3,P3 MEDIUM: Moderate risk exception (Score: 48.5); standard operational review.,Credit excess fee to user balance; notify engineering of smart contract / fee calculation parameter check.,OPEN
INC_0AED1A4CAF,ANO_334B36D3E9,TX_1F326E09FAB4,USR_01297,2026-08-12 17:03:18+05:30,2,4,428.54,48.5,P3,P3 MEDIUM: Moderate risk exception (Score: 48.5); standard operational review.,Credit excess fee to user balance; notify engineering of smart contract / fee calculation parameter check.,OPEN
INC_6E4A4B394E,ANO_A844F01E7F,TX_FFDB0A28EA59,USR_05346,2026-08-14 19:38:18+05:30,2,4,428.34,48.5,P3,P3 MEDIUM: Moderate risk exception (Score: 48.5); standard operational review.,Credit excess fee to user balance; notify engineering of smart contract / fee calculation parameter check.,OPEN
INC_906605C43E,ANO_A8806A82CB,TX_20FC28D84A90,USR_06989,2026-09-02 23:18:56+05:30,2,4,428.63,48.5,P3,P3 MEDIUM: Moderate risk exception (Score: 48.5); standard operational review.,Credit excess fee to user balance; notify engineering of smart contract / fee calculation parameter check.,OPEN
INC_8AD4D349FA,ANO_EECC704C4B,TX_97CE491A38B4,USR_04345,2026-09-03 18:27:31+05:30,2,4,428.63,48.5,P3,P3 MEDIUM: Moderate risk exception (Score: 48.5); standard operational review.,Credit excess fee to user balance; notify engineering of smart contract / fee calculation parameter check.,OPEN
INC_DB58BEFC29,ANO_CFD4DAB075,TX_82240BBEA0A0,USR_00664,2026-08-31 19:20:15+05:30,2,4,427.31,48.48,P3,P3 MEDIUM: Moderate risk exception (Score: 48.5); standard operational review.,Credit excess fee to user balance; notify engineering of smart contract / fee calculation parameter check.,OPEN
INC_90141D833F,ANO_AA18D64C8C,TX_5FCDAC201D91,USR_08233,2026-08-05 10:23:23+05:30,2,4,426.92,48.47,P3,P3 MEDIUM: Moderate risk exception (Score: 48.5); standard operational review.,Credit excess fee to user balance; notify engineering of smart contract / fee calculation parameter check.,OPEN
INC_BF195D3EFC,ANO_C4C07961B3,TX_BA3DDB746987,USR_08446,2026-08-26 07:57:44+05:30,2,4,426.09,48.46,P3,P3 MEDIUM: Moderate risk exception (Score: 48.5); standard operational review.,Credit excess fee to user balance; notify engineering of smart contract / fee calculation parameter check.,OPEN
INC_F0642E0B60,ANO_4A84F97FD0,TX_2671DF5B08F6,USR_02181,2026-09-17 14:07:40+05:30,2,4,426.08,48.46,P3,P3 MEDIUM: Moderate risk exception (Score: 48.5); standard operational review.,Credit excess fee to user balance; notify engineering of smart contract / fee calculation parameter check.,OPEN
INC_7D666670EC,ANO_3D58E57A49,TX_15C5DFA67F0E,USR_02534,2026-08-17 07:32:04+05:30,2,4,425.34,48.44,P3,P3 MEDIUM: Moderate risk exception (Score: 48.4); standard operational review.,Credit excess fee to user balance; notify engineering of smart contract / fee calculation parameter check.,OPEN
INC_6ED2B113A9,ANO_621C2B12E8,TX_2EEE1FADC763,USR_07172,2026-08-26 23:30:13+05:30,2,4,425.23,48.44,P3,P3 MEDIUM: Moderate risk exception (Score: 48.4); standard operational review.,Credit excess fee to user balance; notify engineering of smart contract / fee calculation parameter check.,OPEN
INC_0BE47C720D,ANO_B39024DE89,TX_F80EF62C34F8,USR_08832,2026-08-15 10:16:30+05:30,2,4,424.08,48.42,P3,P3 MEDIUM: Moderate risk exception (Score: 48.4); standard operational review.,Credit excess fee to user balance; notify engineering of smart contract / fee calculation parameter check.,OPEN
INC_957E1D0BD8,ANO_5FD1D347E0,TX_082681093569,USR_02315,2026-08-28 06:45:48+05:30,2,4,422.73,48.39,P3,P3 MEDIUM: Moderate risk exception (Score: 48.4); standard operational review.,Credit excess fee to user balance; notify engineering of smart contract / fee calculation parameter check.,OPEN
INC_954C2DF2EA,ANO_0B67F14D84,TX_1E78AECEB033,USR_04536,2026-08-01 07:44:34+05:30,2,4,421.81,48.38,P3,P3 MEDIUM: Moderate risk exception (Score: 48.4); standard operational review.,Credit excess fee to user balance; notify engineering of smart contract / fee calculation parameter check.,OPEN
INC_0B2C4F8849,ANO_7DC61E5076,TX_1159510B7EEB,USR_01980,2026-08-29 18:16:40+05:30,2,4,421.87,48.38,P3,P3 MEDIUM: Moderate risk exception (Score: 48.4); standard operational review.,Credit excess fee to user balance; notify engineering of smart contract / fee calculation parameter check.,OPEN
INC_7D867476BD,ANO_79008792A5,TX_EB812A28B1B8,USR_04404,2026-08-05 12:55:45+05:30,2,4,421.67,48.37,P3,P3 MEDIUM: Moderate risk exception (Score: 48.4); standard operational review.,Credit excess fee to user balance; notify engineering of smart contract / fee calculation parameter check.,OPEN
INC_5EF9287348,ANO_5CAEEB269A,TX_FF2CFC6E99F8,USR_06282,2026-08-14 06:50:12+05:30,2,4,421.36,48.37,P3,P3 MEDIUM: Moderate risk exception (Score: 48.4); standard operational review.,Credit excess fee to user balance; notify engineering of smart contract / fee calculation parameter check.,OPEN
INC_EC413A69F9,ANO_EB907F6810,TX_BB5295EAD070,USR_02568,2026-08-08 02:58:40+05:30,2,4,421.13,48.36,P3,P3 MEDIUM: Moderate risk exception (Score: 48.4); standard operational review.,Credit excess fee to user balance; notify engineering of smart contract / fee calculation parameter check.,OPEN
INC_8E9FF0CAE1,ANO_2CDE43DB62,TX_B585E70587C1,USR_08699,2026-09-03 01:34:13+05:30,2,4,420.9,48.36,P3,P3 MEDIUM: Moderate risk exception (Score: 48.4); standard operational review.,Credit excess fee to user balance; notify engineering of smart contract / fee calculation parameter check.,OPEN
INC_D82488CE29,ANO_48FA1C6A27,TX_406273FF0262,USR_06038,2026-08-26 20:52:33+05:30,2,4,420.58,48.35,P3,P3 MEDIUM: Moderate risk exception (Score: 48.4); standard operational review.,Credit excess fee to user balance; notify engineering of smart contract / fee calculation parameter check.,OPEN
INC_B50E6F9FFE,ANO_9D4EAA902F,TX_505D6D5653CD,USR_07329,2026-08-29 19:25:05+05:30,2,4,420.29,48.35,P3,P3 MEDIUM: Moderate risk exception (Score: 48.4); standard operational review.,Credit excess fee to user balance; notify engineering of smart contract / fee calculation parameter check.,OPEN
INC_13A30289A4,ANO_73F259B7AE,TX_7843122D81C3,USR_00867,2026-09-06 11:23:48+05:30,2,4,419.69,48.34,P3,P3 MEDIUM: Moderate risk exception (Score: 48.3); standard operational review.,Credit excess fee to user balance; notify engineering of smart contract / fee calculation parameter check.,OPEN
INC_01D25AFF58,ANO_32B423CF8A,TX_F69B2BE8CA82,USR_05214,2026-09-08 06:24:02+05:30,2,4,418.23,48.31,P3,P3 MEDIUM: Moderate risk exception (Score: 48.3); standard operational review.,Credit excess fee to user balance; notify engineering of smart contract / fee calculation parameter check.,OPEN
INC_4D15374503,ANO_7B87CD0A13,TX_D1CD36A0FE6E,USR_01370,2026-08-26 22:25:21+05:30,2,4,416.48,48.27,P3,P3 MEDIUM: Moderate risk exception (Score: 48.3); standard operational review.,Credit excess fee to user balance; notify engineering of smart contract / fee calculation parameter check.,OPEN
INC_B09DB1D868,ANO_56A98A957F,TX_BF00D193E0B4,USR_09395,2026-08-24 06:31:42+05:30,2,4,415.88,48.26,P3,P3 MEDIUM: Moderate risk exception (Score: 48.3); standard operational review.,Credit excess fee to user balance; notify engineering of smart contract / fee calculation parameter check.,OPEN
INC_0FCFF99EE6,ANO_89CF661FD6,TX_CB061653E67B,USR_08497,2026-09-16 21:10:05+05:30,2,4,414.9,48.24,P3,P3 MEDIUM: Moderate risk exception (Score: 48.2); standard operational review.,Credit excess fee to user balance; notify engineering of smart contract / fee calculation parameter check.,OPEN
INC_2901C4B338,ANO_C2A2634F98,TX_B2015F58F8E1,USR_06671,2026-08-10 11:49:32+05:30,2,4,413.88,48.22,P3,P3 MEDIUM: Moderate risk exception (Score: 48.2); standard operational review.,Credit excess fee to user balance; notify engineering of smart contract / fee calculation parameter check.,OPEN
INC_CD2FD444E1,ANO_CE568D64AC,TX_F79574BB48CF,USR_02052,2026-09-14 07:01:55+05:30,2,4,412.55,48.2,P3,P3 MEDIUM: Moderate risk exception (Score: 48.2); standard operational review.,Credit excess fee to user balance; notify engineering of smart contract / fee calculation parameter check.,OPEN
INC_E9286C1AC9,ANO_A5DD95A176,TX_3BAE2564AD55,USR_06091,2026-08-30 20:58:23+05:30,2,4,411.73,48.18,P3,P3 MEDIUM: Moderate risk exception (Score: 48.2); standard operational review.,Credit excess fee to user balance; notify engineering of smart contract / fee calculation parameter check.,OPEN
INC_5D4F91FA27,ANO_26A0BAF47E,TX_C3DD135B33F2,USR_01066,2026-09-09 16:46:54+05:30,2,4,411.5,48.18,P3,P3 MEDIUM: Moderate risk exception (Score: 48.2); standard operational review.,Credit excess fee to user balance; notify engineering of smart contract / fee calculation parameter check.,OPEN
INC_EA45A196E4,ANO_AF3C6FAAF5,TX_772CDED33C52,USR_05098,2026-09-10 08:38:11+05:30,2,4,411.69,48.18,P3,P3 MEDIUM: Moderate risk exception (Score: 48.2); standard operational review.,Credit excess fee to user balance; notify engineering of smart contract / fee calculation parameter check.,OPEN
INC_9B551BC49E,ANO_B6765C981E,TX_FCF6654BF4D9,USR_04829,2026-09-13 17:10:42+05:30,2,4,411.2,48.17,P3,P3 MEDIUM: Moderate risk exception (Score: 48.2); standard operational review.,Credit excess fee to user balance; notify engineering of smart contract / fee calculation parameter check.,OPEN
INC_440AA1B459,ANO_D737CC9EAC,TX_281E10F3B5FF,USR_04209,2026-09-01 00:32:21+05:30,2,4,410.53,48.16,P3,P3 MEDIUM: Moderate risk exception (Score: 48.2); standard operational review.,Credit excess fee to user balance; notify engineering of smart contract / fee calculation parameter check.,OPEN
INC_4C0380E12B,ANO_C87FCA062E,TX_912D5BCD2F11,USR_04459,2026-08-17 08:49:05+05:30,2,4,410.02,48.15,P3,P3 MEDIUM: Moderate risk exception (Score: 48.1); standard operational review.,Credit excess fee to user balance; notify engineering of smart contract / fee calculation parameter check.,OPEN
INC_F091C2D4DE,ANO_E20C1AAEAD,TX_E50730A8858B,USR_05922,2026-08-09 21:54:11+05:30,2,4,409.44,48.14,P3,P3 MEDIUM: Moderate risk exception (Score: 48.1); standard operational review.,Credit excess fee to user balance; notify engineering of smart contract / fee calculation parameter check.,OPEN
INC_A4D9EA7E6E,ANO_5CB51E06B4,TX_A3A39274CBCF,USR_03405,2026-08-25 02:53:50+05:30,2,4,408.35,48.12,P3,P3 MEDIUM: Moderate risk exception (Score: 48.1); standard operational review.,Credit excess fee to user balance; notify engineering of smart contract / fee calculation parameter check.,OPEN
INC_73FB17A661,ANO_4F084F62DF,TX_5E33A2240844,USR_00933,2026-08-21 19:26:48+05:30,2,4,407.89,48.11,P3,P3 MEDIUM: Moderate risk exception (Score: 48.1); standard operational review.,Credit excess fee to user balance; notify engineering of smart contract / fee calculation parameter check.,OPEN
INC_C2032F3338,ANO_987EEB29A1,TX_5CC0DF42E147,USR_08333,2026-08-17 01:45:17+05:30,2,4,407.26,48.1,P3,P3 MEDIUM: Moderate risk exception (Score: 48.1); standard operational review.,Credit excess fee to user balance; notify engineering of smart contract / fee calculation parameter check.,OPEN
INC_B85E3F93B5,ANO_044F43E02B,TX_5FE5FC490287,USR_05346,2026-09-09 19:07:27+05:30,2,4,407.22,48.09,P3,P3 MEDIUM: Moderate risk exception (Score: 48.1); standard operational review.,Credit excess fee to user balance; notify engineering of smart contract / fee calculation parameter check.,OPEN
INC_40E08E20EE,ANO_D9A451D8A9,TX_AF7394B19C1B,USR_06148,2026-09-17 20:07:33+05:30,2,4,406.86,48.09,P3,P3 MEDIUM: Moderate risk exception (Score: 48.1); standard operational review.,Credit excess fee to user balance; notify engineering of smart contract / fee calculation parameter check.,OPEN
INC_0E2629CE7D,ANO_6EFA1CD492,TX_4999EEF9B937,USR_06076,2026-09-09 13:33:53+05:30,2,4,406.6,48.08,P3,P3 MEDIUM: Moderate risk exception (Score: 48.1); standard operational review.,Credit excess fee to user balance; notify engineering of smart contract / fee calculation parameter check.,OPEN
INC_267E028E46,ANO_0E213C22F4,TX_C0553BB67504,USR_05079,2026-09-08 14:51:01+05:30,2,4,405.77,48.07,P3,P3 MEDIUM: Moderate risk exception (Score: 48.1); standard operational review.,Credit excess fee to user balance; notify engineering of smart contract / fee calculation parameter check.,OPEN
INC_8255FE9D6E,ANO_C87BF8E03F,TX_E3B73228F438,USR_05011,2026-08-08 23:52:17+05:30,2,4,405.65,48.06,P3,P3 MEDIUM: Moderate risk exception (Score: 48.1); standard operational review.,Credit excess fee to user balance; notify engineering of smart contract / fee calculation parameter check.,OPEN
INC_1B71F0B9CC,ANO_5ECABDC48E,TX_A53BB4F9A55C,USR_02646,2026-08-14 01:02:10+05:30,2,4,405.06,48.05,P3,P3 MEDIUM: Moderate risk exception (Score: 48.0); standard operational review.,Credit excess fee to user balance; notify engineering of smart contract / fee calculation parameter check.,OPEN
INC_9AC7EF3648,ANO_4EF6EC0E8E,TX_363AB658A1A2,USR_08096,2026-08-03 10:21:58+05:30,2,4,404.49,48.04,P3,P3 MEDIUM: Moderate risk exception (Score: 48.0); standard operational review.,Credit excess fee to user balance; notify engineering of smart contract / fee calculation parameter check.,OPEN
INC_625F10B15A,ANO_2D4E7182E1,TX_2A23AD3EF9A4,USR_04980,2026-08-27 06:22:36+05:30,2,4,404.26,48.04,P3,P3 MEDIUM: Moderate risk exception (Score: 48.0); standard operational review.,Credit excess fee to user balance; notify engineering of smart contract / fee calculation parameter check.,OPEN
INC_75A0AD1504,ANO_D47C96BDE0,TX_F7D9027EF951,USR_08302,2026-08-17 22:45:30+05:30,2,4,403.77,48.03,P3,P3 MEDIUM: Moderate risk exception (Score: 48.0); standard operational review.,Credit excess fee to user balance; notify engineering of smart contract / fee calculation parameter check.,OPEN
INC_97A0198E81,ANO_BC282292D2,TX_0784D9485A15,USR_04070,2026-08-07 16:44:39+05:30,2,4,402.15,47.99,P3,P3 MEDIUM: Moderate risk exception (Score: 48.0); standard operational review.,Credit excess fee to user balance; notify engineering of smart contract / fee calculation parameter check.,OPEN
INC_66674F40AD,ANO_367702FA84,TX_B1E4D9B4AB6D,USR_00933,2026-08-14 03:31:03+05:30,2,4,402.15,47.99,P3,P3 MEDIUM: Moderate risk exception (Score: 48.0); standard operational review.,Credit excess fee to user balance; notify engineering of smart contract / fee calculation parameter check.,OPEN
INC_C61C7F9D2A,ANO_175C4A4325,TX_A50907FDB4C6,USR_01297,2026-09-09 23:51:39+05:30,2,4,400.05,47.95,P3,P3 MEDIUM: Moderate risk exception (Score: 48.0); standard operational review.,Credit excess fee to user balance; notify engineering of smart contract / fee calculation parameter check.,OPEN
INC_894C6AAB86,ANO_21D7011E6D,TX_373433CD77F0,USR_01358,2026-08-23 07:56:13+05:30,2,4,399.36,47.94,P3,P3 MEDIUM: Moderate risk exception (Score: 47.9); standard operational review.,Credit excess fee to user balance; notify engineering of smart contract / fee calculation parameter check.,OPEN
INC_72FA14C98A,ANO_687EDB84C4,TX_B118539B4430,USR_07115,2026-09-10 12:31:33+05:30,2,4,399.25,47.94,P3,P3 MEDIUM: Moderate risk exception (Score: 47.9); standard operational review.,Credit excess fee to user balance; notify engineering of smart contract / fee calculation parameter check.,OPEN
INC_1C5FAEA687,ANO_3E7ADD0A54,TX_F114848F1703,USR_05210,2026-08-28 18:06:06+05:30,2,4,398.98,47.93,P3,P3 MEDIUM: Moderate risk exception (Score: 47.9); standard operational review.,Credit excess fee to user balance; notify engineering of smart contract / fee calculation parameter check.,OPEN
INC_5A29AF9C2B,ANO_EAE061132B,TX_1B4213B8212C,USR_04932,2026-08-09 18:14:12+05:30,2,4,398.53,47.92,P3,P3 MEDIUM: Moderate risk exception (Score: 47.9); standard operational review.,Credit excess fee to user balance; notify engineering of smart contract / fee calculation parameter check.,OPEN
INC_D8DD0494A9,ANO_8E0ED156B8,TX_25BDFD32666B,USR_08128,2026-08-21 06:30:17+05:30,2,4,398.4,47.92,P3,P3 MEDIUM: Moderate risk exception (Score: 47.9); standard operational review.,Credit excess fee to user balance; notify engineering of smart contract / fee calculation parameter check.,OPEN
INC_FA43A00FD7,ANO_DC275C9349,TX_92A2627CD699,USR_00131,2026-08-31 05:03:57+05:30,2,4,398.38,47.92,P3,P3 MEDIUM: Moderate risk exception (Score: 47.9); standard operational review.,Credit excess fee to user balance; notify engineering of smart contract / fee calculation parameter check.,OPEN
INC_0EF1A3A947,ANO_390E18B165,TX_EBDFFB52B2FA,USR_09747,2026-09-13 09:15:12+05:30,2,4,397.96,47.91,P3,P3 MEDIUM: Moderate risk exception (Score: 47.9); standard operational review.,Credit excess fee to user balance; notify engineering of smart contract / fee calculation parameter check.,OPEN
INC_94588555AE,ANO_FD73AC5FAB,TX_260ED3EBAE66,USR_06541,2026-09-15 17:38:24+05:30,2,4,397.74,47.91,P3,P3 MEDIUM: Moderate risk exception (Score: 47.9); standard operational review.,Credit excess fee to user balance; notify engineering of smart contract / fee calculation parameter check.,OPEN
INC_B899A605FD,ANO_ECBF33D54C,TX_097AFFA402CE,USR_09717,2026-08-01 07:08:50+05:30,2,4,397.31,47.9,P3,P3 MEDIUM: Moderate risk exception (Score: 47.9); standard operational review.,Credit excess fee to user balance; notify engineering of smart contract / fee calculation parameter check.,OPEN
INC_D0494FF320,ANO_DEDEB8D8E1,TX_7893539979ED,USR_01370,2026-08-06 14:26:13+05:30,2,4,394.94,47.85,P3,P3 MEDIUM: Moderate risk exception (Score: 47.9); standard operational review.,Credit excess fee to user balance; notify engineering of smart contract / fee calculation parameter check.,OPEN
INC_CB5DE23317,ANO_EB1A9A706D,TX_69E45ADABE55,USR_04209,2026-08-07 03:41:37+05:30,2,4,394.82,47.85,P3,P3 MEDIUM: Moderate risk exception (Score: 47.9); standard operational review.,Credit excess fee to user balance; notify engineering of smart contract / fee calculation parameter check.,OPEN
INC_2F98E08F07,ANO_3F8DD00296,TX_9F9105AB51FF,USR_01693,2026-08-16 21:43:38+05:30,2,4,394.31,47.84,P3,P3 MEDIUM: Moderate risk exception (Score: 47.8); standard operational review.,Credit excess fee to user balance; notify engineering of smart contract / fee calculation parameter check.,OPEN
INC_C98B35A0E2,ANO_64E1057820,TX_DAE49F74B228,USR_05035,2026-09-02 21:29:26+05:30,2,4,393.22,47.82,P3,P3 MEDIUM: Moderate risk exception (Score: 47.8); standard operational review.,Credit excess fee to user balance; notify engineering of smart contract / fee calculation parameter check.,OPEN
INC_41E4A78B2E,ANO_51EA5EFA67,TX_6159237F425E,USR_06541,2026-08-12 10:11:04+05:30,2,4,391.83,47.79,P3,P3 MEDIUM: Moderate risk exception (Score: 47.8); standard operational review.,Credit excess fee to user balance; notify engineering of smart contract / fee calculation parameter check.,OPEN
INC_ECA9D492E5,ANO_A2717E681B,TX_CB264FBF6941,USR_00271,2026-08-11 07:16:24+05:30,2,4,391.47,47.78,P3,P3 MEDIUM: Moderate risk exception (Score: 47.8); standard operational review.,Credit excess fee to user balance; notify engineering of smart contract / fee calculation parameter check.,OPEN
INC_9BBC98E56A,ANO_9F3606E6A8,TX_98808232E128,USR_07370,2026-09-02 16:38:56+05:30,2,4,388.04,47.71,P3,P3 MEDIUM: Moderate risk exception (Score: 47.7); standard operational review.,Credit excess fee to user balance; notify engineering of smart contract / fee calculation parameter check.,OPEN
INC_9C62AA825E,ANO_00D7311D63,TX_ADAC786D7236,USR_00867,2026-08-08 00:56:02+05:30,2,4,387.36,47.7,P3,P3 MEDIUM: Moderate risk exception (Score: 47.7); standard operational review.,Credit excess fee to user balance; notify engineering of smart contract / fee calculation parameter check.,OPEN
INC_D295311686,ANO_EC1E120431,TX_DDBDB55E0003,USR_08188,2026-08-12 05:58:40+05:30,2,4,387.28,47.69,P3,P3 MEDIUM: Moderate risk exception (Score: 47.7); standard operational review.,Credit excess fee to user balance; notify engineering of smart contract / fee calculation parameter check.,OPEN
INC_F000DF86F1,ANO_72F27B86D3,TX_F8632BE9D240,USR_01510,2026-08-22 03:28:40+05:30,2,4,385.25,47.65,P3,P3 MEDIUM: Moderate risk exception (Score: 47.6); standard operational review.,Credit excess fee to user balance; notify engineering of smart contract / fee calculation parameter check.,OPEN
INC_19F67B63EB,ANO_65604A65AF,TX_58560737F5A0,USR_01370,2026-08-23 18:19:44+05:30,2,4,385.03,47.65,P3,P3 MEDIUM: Moderate risk exception (Score: 47.6); standard operational review.,Credit excess fee to user balance; notify engineering of smart contract / fee calculation parameter check.,OPEN
INC_399A8A82A8,ANO_4CD7747571,TX_3FCD31015F14,USR_06443,2026-09-09 23:54:01+05:30,2,4,385.2,47.65,P3,P3 MEDIUM: Moderate risk exception (Score: 47.6); standard operational review.,Credit excess fee to user balance; notify engineering of smart contract / fee calculation parameter check.,OPEN
INC_23A5103588,ANO_CBAB2A44AF,TX_E67EDF16A7E9,USR_02892,2026-08-18 09:22:21+05:30,2,4,384.16,47.63,P3,P3 MEDIUM: Moderate risk exception (Score: 47.6); standard operational review.,Credit excess fee to user balance; notify engineering of smart contract / fee calculation parameter check.,OPEN
INC_EEA88EF81F,ANO_931DF8D025,TX_9201FBB84BFE,USR_03716,2026-09-05 14:25:45+05:30,2,4,383.04,47.61,P3,P3 MEDIUM: Moderate risk exception (Score: 47.6); standard operational review.,Credit excess fee to user balance; notify engineering of smart contract / fee calculation parameter check.,OPEN
INC_0934EB2EF7,ANO_18666F4127,TX_3A4F47DD0A86,USR_02255,2026-08-09 23:15:25+05:30,2,4,382.15,47.59,P3,P3 MEDIUM: Moderate risk exception (Score: 47.6); standard operational review.,Credit excess fee to user balance; notify engineering of smart contract / fee calculation parameter check.,OPEN
INC_EC2D664532,ANO_B88D4B767D,TX_48B72BB5808C,USR_07715,2026-08-25 09:32:14+05:30,2,4,381.56,47.58,P3,P3 MEDIUM: Moderate risk exception (Score: 47.6); standard operational review.,Credit excess fee to user balance; notify engineering of smart contract / fee calculation parameter check.,OPEN
INC_BF35A6AB13,ANO_DD2E6F8E03,TX_80ED7391F006,USR_06334,2026-08-02 22:25:18+05:30,2,4,381.4,47.57,P3,P3 MEDIUM: Moderate risk exception (Score: 47.6); standard operational review.,Credit excess fee to user balance; notify engineering of smart contract / fee calculation parameter check.,OPEN
INC_DC99C19928,ANO_E7D02C1718,TX_AA553F7AA837,USR_00664,2026-08-03 01:29:36+05:30,2,4,379.54,47.53,P3,P3 MEDIUM: Moderate risk exception (Score: 47.5); standard operational review.,Credit excess fee to user balance; notify engineering of smart contract / fee calculation parameter check.,OPEN
INC_5D19073FE6,ANO_4F2F04FF6D,TX_B33AD12C214B,USR_03502,2026-08-25 07:53:06+05:30,2,4,379.45,47.53,P3,P3 MEDIUM: Moderate risk exception (Score: 47.5); standard operational review.,Credit excess fee to user balance; notify engineering of smart contract / fee calculation parameter check.,OPEN
INC_CBE9D515BF,ANO_EEE4B11F53,TX_B6726A633300,USR_06179,2026-09-18 14:58:53+05:30,2,4,379.06,47.52,P3,P3 MEDIUM: Moderate risk exception (Score: 47.5); standard operational review.,Credit excess fee to user balance; notify engineering of smart contract / fee calculation parameter check.,OPEN
INC_2DE6A73408,ANO_DF07E29547,TX_4EC9B6980D61,USR_07302,2026-08-04 17:25:33+05:30,2,4,377.24,47.48,P3,P3 MEDIUM: Moderate risk exception (Score: 47.5); standard operational review.,Credit excess fee to user balance; notify engineering of smart contract / fee calculation parameter check.,OPEN
INC_A481411126,ANO_0A73D9A0BE,TX_C9AFBF5F553E,USR_03007,2026-09-08 12:03:34+05:30,2,4,377.08,47.48,P3,P3 MEDIUM: Moderate risk exception (Score: 47.5); standard operational review.,Credit excess fee to user balance; notify engineering of smart contract / fee calculation parameter check.,OPEN
INC_D8E399BB76,ANO_F3DA3F8F37,TX_7B42C5B01DB3,USR_02289,2026-08-09 01:23:42+05:30,2,4,376.57,47.47,P3,P3 MEDIUM: Moderate risk exception (Score: 47.5); standard operational review.,Credit excess fee to user balance; notify engineering of smart contract / fee calculation parameter check.,OPEN
INC_BD0211C116,ANO_2F66B36415,TX_18DDFC551F0E,USR_02289,2026-08-29 19:52:04+05:30,2,4,375.69,47.45,P3,P3 MEDIUM: Moderate risk exception (Score: 47.5); standard operational review.,Credit excess fee to user balance; notify engineering of smart contract / fee calculation parameter check.,OPEN
INC_FB27789899,ANO_19A0D83F0E,TX_791510D7CD3E,USR_00847,2026-09-11 02:19:05+05:30,2,4,375.14,47.44,P3,P3 MEDIUM: Moderate risk exception (Score: 47.4); standard operational review.,Credit excess fee to user balance; notify engineering of smart contract / fee calculation parameter check.,OPEN
INC_5728826F42,ANO_264FB5274A,TX_8AA2A37E8F63,USR_08699,2026-08-22 08:01:29+05:30,2,4,373.83,47.41,P3,P3 MEDIUM: Moderate risk exception (Score: 47.4); standard operational review.,Credit excess fee to user balance; notify engineering of smart contract / fee calculation parameter check.,OPEN
INC_FC14CD6A6F,ANO_F717D9AFF1,TX_4C2626820BD2,USR_06301,2026-08-09 19:36:45+05:30,2,4,373.08,47.4,P3,P3 MEDIUM: Moderate risk exception (Score: 47.4); standard operational review.,Credit excess fee to user balance; notify engineering of smart contract / fee calculation parameter check.,OPEN
INC_F9B45EE93E,ANO_16323B50EB,TX_1198C7FA6BF6,USR_09452,2026-08-14 05:34:21+05:30,2,4,373.16,47.4,P3,P3 MEDIUM: Moderate risk exception (Score: 47.4); standard operational review.,Credit excess fee to user balance; notify engineering of smart contract / fee calculation parameter check.,OPEN
INC_0144ED880A,ANO_233C4E7142,TX_26E6A90EEFD8,USR_04345,2026-08-01 11:38:22+05:30,2,4,371.55,47.36,P3,P3 MEDIUM: Moderate risk exception (Score: 47.4); standard operational review.,Credit excess fee to user balance; notify engineering of smart contract / fee calculation parameter check.,OPEN
INC_92E6961E52,ANO_853F053E81,TX_C6CC357D0C43,USR_02980,2026-08-20 01:29:06+05:30,2,4,370.89,47.35,P3,P3 MEDIUM: Moderate risk exception (Score: 47.4); standard operational review.,Credit excess fee to user balance; notify engineering of smart contract / fee calculation parameter check.,OPEN
INC_86A962DC85,ANO_3984B8939A,TX_F3EBC1AD242B,USR_02478,2026-08-06 06:28:53+05:30,2,4,369.56,47.32,P3,P3 MEDIUM: Moderate risk exception (Score: 47.3); standard operational review.,Credit excess fee to user balance; notify engineering of smart contract / fee calculation parameter check.,OPEN
INC_DA80888C8E,ANO_B9DB6A2A35,TX_35F7407D72A6,USR_01486,2026-08-26 18:19:13+05:30,2,4,368.82,47.3,P3,P3 MEDIUM: Moderate risk exception (Score: 47.3); standard operational review.,Credit excess fee to user balance; notify engineering of smart contract / fee calculation parameter check.,OPEN
INC_41489D4122,ANO_0ADD9B062C,TX_BBDAD0015C2C,USR_03741,2026-08-13 01:33:24+05:30,2,4,367.77,47.28,P3,P3 MEDIUM: Moderate risk exception (Score: 47.3); standard operational review.,Credit excess fee to user balance; notify engineering of smart contract / fee calculation parameter check.,OPEN
INC_DA0D657881,ANO_885266838B,TX_FFBD9476A947,USR_02749,2026-08-04 02:07:54+05:30,2,4,367.4,47.27,P3,P3 MEDIUM: Moderate risk exception (Score: 47.3); standard operational review.,Credit excess fee to user balance; notify engineering of smart contract / fee calculation parameter check.,OPEN
INC_142AEE235B,ANO_9B4F49A539,TX_4B6273582F26,USR_06240,2026-09-07 00:19:34+05:30,2,4,363.99,47.2,P3,P3 MEDIUM: Moderate risk exception (Score: 47.2); standard operational review.,Credit excess fee to user balance; notify engineering of smart contract / fee calculation parameter check.,OPEN
INC_75254E2C49,ANO_E00FA11103,TX_B0296AA447EA,USR_07273,2026-08-09 05:08:22+05:30,2,4,362.63,47.17,P3,P3 MEDIUM: Moderate risk exception (Score: 47.2); standard operational review.,Credit excess fee to user balance; notify engineering of smart contract / fee calculation parameter check.,OPEN
INC_2058475E95,ANO_96A8917BA0,TX_509ADF0FE787,USR_02733,2026-08-12 20:19:02+05:30,2,4,362.63,47.17,P3,P3 MEDIUM: Moderate risk exception (Score: 47.2); standard operational review.,Credit excess fee to user balance; notify engineering of smart contract / fee calculation parameter check.,OPEN
INC_8FC280101B,ANO_11855CD760,TX_2C2E75CD4AD4,USR_02211,2026-08-07 04:22:31+05:30,2,4,361.0,47.13,P3,P3 MEDIUM: Moderate risk exception (Score: 47.1); standard operational review.,Credit excess fee to user balance; notify engineering of smart contract / fee calculation parameter check.,OPEN
INC_36AC76355C,ANO_99C34F9119,TX_16B0FEBC196C,USR_05881,2026-08-11 23:18:59+05:30,2,4,360.81,47.13,P3,P3 MEDIUM: Moderate risk exception (Score: 47.1); standard operational review.,Credit excess fee to user balance; notify engineering of smart contract / fee calculation parameter check.,OPEN
INC_664140E45D,ANO_8EEAA390B7,TX_8AD87AD170BF,USR_07472,2026-08-23 17:33:42+05:30,2,4,360.63,47.12,P3,P3 MEDIUM: Moderate risk exception (Score: 47.1); standard operational review.,Credit excess fee to user balance; notify engineering of smart contract / fee calculation parameter check.,OPEN
INC_54705B900F,ANO_40DEF0B22D,TX_D863CFE4418F,USR_06372,2026-09-04 18:44:57+05:30,2,4,360.36,47.12,P3,P3 MEDIUM: Moderate risk exception (Score: 47.1); standard operational review.,Credit excess fee to user balance; notify engineering of smart contract / fee calculation parameter check.,OPEN
INC_86F05CA5DC,ANO_B1D18B1430,TX_4CE03FFB29AE,USR_04343,2026-09-06 10:28:43+05:30,2,4,357.59,47.06,P3,P3 MEDIUM: Moderate risk exception (Score: 47.1); standard operational review.,Credit excess fee to user balance; notify engineering of smart contract / fee calculation parameter check.,OPEN
INC_909DE234FB,ANO_0159923731,TX_84FD263D0C38,USR_05079,2026-08-28 21:55:02+05:30,2,4,357.04,47.05,P3,P3 MEDIUM: Moderate risk exception (Score: 47.0); standard operational review.,Credit excess fee to user balance; notify engineering of smart contract / fee calculation parameter check.,OPEN
INC_376C98BA49,ANO_5187C01794,TX_111D7F13E496,USR_07850,2026-09-15 13:54:31+05:30,2,4,357.31,47.05,P3,P3 MEDIUM: Moderate risk exception (Score: 47.0); standard operational review.,Credit excess fee to user balance; notify engineering of smart contract / fee calculation parameter check.,OPEN
INC_DB33D37A4B,ANO_9868DC6D92,TX_2F3FDDAF43C5,USR_07790,2026-09-19 03:15:58+05:30,2,4,356.76,47.04,P3,P3 MEDIUM: Moderate risk exception (Score: 47.0); standard operational review.,Credit excess fee to user balance; notify engineering of smart contract / fee calculation parameter check.,OPEN
INC_54D9EB1F29,ANO_4A1B55AF0E,TX_262C4526EB5D,USR_09814,2026-08-07 14:29:13+05:30,2,4,354.24,46.98,P3,P3 MEDIUM: Moderate risk exception (Score: 47.0); standard operational review.,Credit excess fee to user balance; notify engineering of smart contract / fee calculation parameter check.,OPEN
INC_3EEBD94814,ANO_4F3D6C6935,TX_5B531D1BFFE4,USR_08832,2026-08-04 01:42:43+05:30,2,4,353.57,46.97,P3,P3 MEDIUM: Moderate risk exception (Score: 47.0); standard operational review.,Credit excess fee to user balance; notify engineering of smart contract / fee calculation parameter check.,OPEN
INC_20FBA4DD64,ANO_6151F44451,TX_BD7EC3F2895D,USR_07884,2026-09-20 02:18:42+05:30,2,4,352.32,46.94,P3,P3 MEDIUM: Moderate risk exception (Score: 46.9); standard operational review.,Credit excess fee to user balance; notify engineering of smart contract / fee calculation parameter check.,OPEN
INC_92EE4CF1EE,ANO_4C50184F79,TX_C651D90D300F,USR_01938,2026-08-13 16:47:07+05:30,2,4,351.83,46.93,P3,P3 MEDIUM: Moderate risk exception (Score: 46.9); standard operational review.,Credit excess fee to user balance; notify engineering of smart contract / fee calculation parameter check.,OPEN
INC_37D030BA1A,ANO_1BA7A65511,TX_A8E926389028,USR_00467,2026-09-01 05:44:53+05:30,2,4,351.92,46.93,P3,P3 MEDIUM: Moderate risk exception (Score: 46.9); standard operational review.,Credit excess fee to user balance; notify engineering of smart contract / fee calculation parameter check.,OPEN
INC_18898E9DAB,ANO_894C7C22B9,TX_9D10C7E1BE09,USR_08425,2026-08-01 09:10:58+05:30,2,4,351.35,46.92,P3,P3 MEDIUM: Moderate risk exception (Score: 46.9); standard operational review.,Credit excess fee to user balance; notify engineering of smart contract / fee calculation parameter check.,OPEN
INC_DA2E7597C8,ANO_88C5D3ED62,TX_50DB0D2E0662,USR_04732,2026-08-23 05:20:50+05:30,2,4,348.84,46.86,P3,P3 MEDIUM: Moderate risk exception (Score: 46.9); standard operational review.,Credit excess fee to user balance; notify engineering of smart contract / fee calculation parameter check.,OPEN
INC_0CA650D5F5,ANO_4168C171EF,TX_07BF25E6D0E1,USR_00274,2026-09-04 12:20:51+05:30,2,4,348.54,46.85,P3,P3 MEDIUM: Moderate risk exception (Score: 46.9); standard operational review.,Credit excess fee to user balance; notify engineering of smart contract / fee calculation parameter check.,OPEN
INC_4985AEDA33,ANO_8E3A1419EC,TX_8C0B81F51169,USR_07613,2026-08-27 00:09:36+05:30,2,4,346.98,46.82,P3,P3 MEDIUM: Moderate risk exception (Score: 46.8); standard operational review.,Credit excess fee to user balance; notify engineering of smart contract / fee calculation parameter check.,OPEN
INC_CFE2933578,ANO_D4080F9DCB,TX_CC870DCDCEB5,USR_08608,2026-09-14 22:59:10+05:30,2,4,344.68,46.76,P3,P3 MEDIUM: Moderate risk exception (Score: 46.8); standard operational review.,Credit excess fee to user balance; notify engineering of smart contract / fee calculation parameter check.,OPEN
INC_E550E85173,ANO_1E18153B12,TX_43D2130F5891,USR_04991,2026-08-27 21:44:49+05:30,2,4,343.3,46.73,P3,P3 MEDIUM: Moderate risk exception (Score: 46.7); standard operational review.,Credit excess fee to user balance; notify engineering of smart contract / fee calculation parameter check.,OPEN
INC_64F42CA607,ANO_550C7B2DA4,TX_F48C4C2DE9FE,USR_03741,2026-08-22 13:48:24+05:30,2,4,342.42,46.71,P3,P3 MEDIUM: Moderate risk exception (Score: 46.7); standard operational review.,Credit excess fee to user balance; notify engineering of smart contract / fee calculation parameter check.,OPEN
INC_903D289E48,ANO_1DEDB6B6C9,TX_1B95624FC2BF,USR_01846,2026-09-04 06:25:43+05:30,2,4,341.79,46.7,P3,P3 MEDIUM: Moderate risk exception (Score: 46.7); standard operational review.,Credit excess fee to user balance; notify engineering of smart contract / fee calculation parameter check.,OPEN
INC_92D5D6B9A8,ANO_ABDC8C3774,TX_19C38266871D,USR_06035,2026-09-12 08:40:12+05:30,2,4,341.81,46.7,P3,P3 MEDIUM: Moderate risk exception (Score: 46.7); standard operational review.,Credit excess fee to user balance; notify engineering of smart contract / fee calculation parameter check.,OPEN
INC_B653C13E8E,ANO_8EF8A9A7D6,TX_B1A504189B59,USR_03629,2026-09-15 20:26:54+05:30,2,4,341.47,46.69,P3,P3 MEDIUM: Moderate risk exception (Score: 46.7); standard operational review.,Credit excess fee to user balance; notify engineering of smart contract / fee calculation parameter check.,OPEN
INC_E4D4ABB329,ANO_414751C0C9,TX_A1110602FF50,USR_03754,2026-08-31 05:48:01+05:30,2,4,340.48,46.67,P3,P3 MEDIUM: Moderate risk exception (Score: 46.7); standard operational review.,Credit excess fee to user balance; notify engineering of smart contract / fee calculation parameter check.,OPEN
INC_559A738DFB,ANO_C73F827F67,TX_F0E323C9FD18,USR_08121,2026-08-30 09:16:06+05:30,2,4,340.27,46.66,P3,P3 MEDIUM: Moderate risk exception (Score: 46.7); standard operational review.,Credit excess fee to user balance; notify engineering of smart contract / fee calculation parameter check.,OPEN
INC_7FAC37B27B,ANO_862C9CE367,TX_50C851661249,USR_01846,2026-08-09 02:20:21+05:30,2,4,339.97,46.65,P3,P3 MEDIUM: Moderate risk exception (Score: 46.6); standard operational review.,Credit excess fee to user balance; notify engineering of smart contract / fee calculation parameter check.,OPEN
INC_2E49BE3E8F,ANO_E20418B706,TX_D02230264078,USR_07533,2026-08-29 19:21:22+05:30,2,4,337.06,46.59,P3,P3 MEDIUM: Moderate risk exception (Score: 46.6); standard operational review.,Credit excess fee to user balance; notify engineering of smart contract / fee calculation parameter check.,OPEN
INC_90AF347D8B,ANO_FB6BCE0B22,TX_82A6927624B8,USR_08444,2026-08-17 01:08:01+05:30,2,4,336.1,46.56,P3,P3 MEDIUM: Moderate risk exception (Score: 46.6); standard operational review.,Credit excess fee to user balance; notify engineering of smart contract / fee calculation parameter check.,OPEN
INC_2EF8A7CCD5,ANO_7F3B428696,TX_A7FC603A7353,USR_09084,2026-08-23 15:25:48+05:30,2,4,334.5,46.52,P3,P3 MEDIUM: Moderate risk exception (Score: 46.5); standard operational review.,Credit excess fee to user balance; notify engineering of smart contract / fee calculation parameter check.,OPEN
INC_503FB1B874,ANO_91DCE9216B,TX_01F738C1FEE3,USR_03209,2026-08-29 13:30:02+05:30,2,4,334.13,46.52,P3,P3 MEDIUM: Moderate risk exception (Score: 46.5); standard operational review.,Credit excess fee to user balance; notify engineering of smart contract / fee calculation parameter check.,OPEN
INC_B111A97E72,ANO_4620C1AEFB,TX_FCF70176AA6A,USR_02466,2026-09-04 07:06:05+05:30,2,4,334.22,46.52,P3,P3 MEDIUM: Moderate risk exception (Score: 46.5); standard operational review.,Credit excess fee to user balance; notify engineering of smart contract / fee calculation parameter check.,OPEN
INC_DEDAD4B9FB,ANO_24A0474881,TX_4979D5F0F95D,USR_03013,2026-08-24 12:38:55+05:30,2,4,332.94,46.49,P3,P3 MEDIUM: Moderate risk exception (Score: 46.5); standard operational review.,Credit excess fee to user balance; notify engineering of smart contract / fee calculation parameter check.,OPEN
INC_1CC4217B73,ANO_689000691C,TX_AE948074E109,USR_08802,2026-08-13 07:20:25+05:30,2,4,332.45,46.48,P3,P3 MEDIUM: Moderate risk exception (Score: 46.5); standard operational review.,Credit excess fee to user balance; notify engineering of smart contract / fee calculation parameter check.,OPEN
INC_6948C32E3F,ANO_BFD6C433C6,TX_EDD06418CE41,USR_07561,2026-09-12 18:15:28+05:30,2,4,332.36,46.47,P3,P3 MEDIUM: Moderate risk exception (Score: 46.5); standard operational review.,Credit excess fee to user balance; notify engineering of smart contract / fee calculation parameter check.,OPEN
INC_01E6B591A8,ANO_4FD1FD6301,TX_2E7630579C0B,USR_08097,2026-09-10 08:10:47+05:30,2,4,331.02,46.44,P3,P3 MEDIUM: Moderate risk exception (Score: 46.4); standard operational review.,Credit excess fee to user balance; notify engineering of smart contract / fee calculation parameter check.,OPEN
INC_2F55A2BAA7,ANO_475055FFC5,TX_C3B1CC44FAD2,USR_08255,2026-08-25 03:42:47+05:30,2,4,329.8,46.41,P3,P3 MEDIUM: Moderate risk exception (Score: 46.4); standard operational review.,Credit excess fee to user balance; notify engineering of smart contract / fee calculation parameter check.,OPEN
INC_1C5BE4DF5B,ANO_95C08AE378,TX_302AB40A3CD7,USR_06091,2026-08-05 10:46:32+05:30,2,4,328.21,46.37,P3,P3 MEDIUM: Moderate risk exception (Score: 46.4); standard operational review.,Credit excess fee to user balance; notify engineering of smart contract / fee calculation parameter check.,OPEN
INC_D7CF7E9D2B,ANO_7DCB1A3DA2,TX_813D56206007,USR_06334,2026-08-08 13:53:27+05:30,2,4,325.72,46.31,P3,P3 MEDIUM: Moderate risk exception (Score: 46.3); standard operational review.,Credit excess fee to user balance; notify engineering of smart contract / fee calculation parameter check.,OPEN
INC_081F655C49,ANO_EB583579FD,TX_7965AD38D201,USR_02170,2026-08-25 07:20:27+05:30,2,4,324.25,46.28,P3,P3 MEDIUM: Moderate risk exception (Score: 46.3); standard operational review.,Credit excess fee to user balance; notify engineering of smart contract / fee calculation parameter check.,OPEN
INC_E6CFCCA672,ANO_91DC3C89AF,TX_7B5DA5D7A134,USR_03569,2026-08-28 00:56:31+05:30,2,4,324.32,46.28,P3,P3 MEDIUM: Moderate risk exception (Score: 46.3); standard operational review.,Credit excess fee to user balance; notify engineering of smart contract / fee calculation parameter check.,OPEN
INC_2DB7E6BE64,ANO_88F40AEB21,TX_CE166B8349B9,USR_01297,2026-09-09 15:50:57+05:30,2,4,324.0,46.27,P3,P3 MEDIUM: Moderate risk exception (Score: 46.3); standard operational review.,Credit excess fee to user balance; notify engineering of smart contract / fee calculation parameter check.,OPEN
INC_F719C0F0F8,ANO_C050F62EC9,TX_AD9F835A8503,USR_04561,2026-09-16 11:38:27+05:30,2,4,323.08,46.25,P3,P3 MEDIUM: Moderate risk exception (Score: 46.2); standard operational review.,Credit excess fee to user balance; notify engineering of smart contract / fee calculation parameter check.,OPEN
INC_11288F88CD,ANO_28C58A4657,TX_F43C10EF20AF,USR_08497,2026-08-07 14:55:30+05:30,2,4,320.33,46.18,P3,P3 MEDIUM: Moderate risk exception (Score: 46.2); standard operational review.,Credit excess fee to user balance; notify engineering of smart contract / fee calculation parameter check.,OPEN
INC_88B057D9DC,ANO_9B24168BB7,TX_2D4E690D28AB,USR_04829,2026-09-09 23:19:21+05:30,2,4,320.29,46.18,P3,P3 MEDIUM: Moderate risk exception (Score: 46.2); standard operational review.,Credit excess fee to user balance; notify engineering of smart contract / fee calculation parameter check.,OPEN
INC_55AB27803F,ANO_FB68BA9C44,TX_1B39AB2D012D,USR_08097,2026-09-15 06:18:08+05:30,2,4,320.43,46.18,P3,P3 MEDIUM: Moderate risk exception (Score: 46.2); standard operational review.,Credit excess fee to user balance; notify engineering of smart contract / fee calculation parameter check.,OPEN
INC_A02C3587F7,ANO_15653B871F,TX_1786236F19E3,USR_01934,2026-09-02 02:53:33+05:30,2,4,319.99,46.17,P3,P3 MEDIUM: Moderate risk exception (Score: 46.2); standard operational review.,Credit excess fee to user balance; notify engineering of smart contract / fee calculation parameter check.,OPEN
INC_9CCC76FC28,ANO_48D591D343,TX_E2266CF5D771,USR_07598,2026-08-09 11:13:16+05:30,2,4,319.37,46.16,P3,P3 MEDIUM: Moderate risk exception (Score: 46.2); standard operational review.,Credit excess fee to user balance; notify engineering of smart contract / fee calculation parameter check.,OPEN
INC_60EC59DA81,ANO_EDA351F79F,TX_9527B66764BC,USR_00271,2026-08-13 12:28:08+05:30,2,4,318.32,46.13,P3,P3 MEDIUM: Moderate risk exception (Score: 46.1); standard operational review.,Credit excess fee to user balance; notify engineering of smart contract / fee calculation parameter check.,OPEN
INC_900FBD2042,ANO_B7AE49E559,TX_2D0B2533636C,USR_03271,2026-08-25 23:11:23+05:30,2,4,317.64,46.11,P3,P3 MEDIUM: Moderate risk exception (Score: 46.1); standard operational review.,Credit excess fee to user balance; notify engineering of smart contract / fee calculation parameter check.,OPEN
INC_B58FF9CC91,ANO_EA503251FE,TX_C9696ADB8D52,USR_09703,2026-09-15 02:09:47+05:30,2,4,316.75,46.09,P3,P3 MEDIUM: Moderate risk exception (Score: 46.1); standard operational review.,Credit excess fee to user balance; notify engineering of smart contract / fee calculation parameter check.,OPEN
INC_521E3E2FDE,ANO_5F289359D6,TX_04F8CF947C90,USR_08255,2026-09-14 20:27:26+05:30,2,4,315.08,46.05,P3,P3 MEDIUM: Moderate risk exception (Score: 46.0); standard operational review.,Credit excess fee to user balance; notify engineering of smart contract / fee calculation parameter check.,OPEN
INC_2F3D22BD6E,ANO_54242A294D,TX_4E65DC4242AE,USR_06019,2026-09-17 14:20:50+05:30,2,4,313.67,46.01,P3,P3 MEDIUM: Moderate risk exception (Score: 46.0); standard operational review.,Credit excess fee to user balance; notify engineering of smart contract / fee calculation parameter check.,OPEN
INC_05F3676D15,ANO_AC1D478997,TX_9D15AC48B707,USR_07715,2026-08-29 11:34:58+05:30,2,4,312.68,45.99,P3,P3 MEDIUM: Moderate risk exception (Score: 46.0); standard operational review.,Credit excess fee to user balance; notify engineering of smart contract / fee calculation parameter check.,OPEN
INC_073B9E92D8,ANO_00973BD321,TX_D89FDFAB24FA,USR_07530,2026-09-09 19:42:26+05:30,2,4,312.62,45.99,P3,P3 MEDIUM: Moderate risk exception (Score: 46.0); standard operational review.,Credit excess fee to user balance; notify engineering of smart contract / fee calculation parameter check.,OPEN
INC_B7A5E2D3AF,ANO_38FE9D34CF,TX_32626200C4DA,USR_04932,2026-08-13 06:12:50+05:30,2,4,312.07,45.97,P3,P3 MEDIUM: Moderate risk exception (Score: 46.0); standard operational review.,Credit excess fee to user balance; notify engineering of smart contract / fee calculation parameter check.,OPEN
INC_D9E2360AE1,ANO_B883F52006,TX_9A73CB5FCD7A,USR_02347,2026-08-20 15:53:20+05:30,2,4,312.04,45.97,P3,P3 MEDIUM: Moderate risk exception (Score: 46.0); standard operational review.,Credit excess fee to user balance; notify engineering of smart contract / fee calculation parameter check.,OPEN
INC_A4B5FC16DC,ANO_623A9DA265,TX_CFF749BC2912,USR_02576,2026-08-22 10:56:17+05:30,2,4,311.72,45.96,P3,P3 MEDIUM: Moderate risk exception (Score: 46.0); standard operational review.,Credit excess fee to user balance; notify engineering of smart contract / fee calculation parameter check.,OPEN
INC_2B97D4BBF9,ANO_374D6FDF99,TX_D861D6CF9775,USR_02181,2026-08-17 08:53:26+05:30,2,4,311.37,45.95,P3,P3 MEDIUM: Moderate risk exception (Score: 46.0); standard operational review.,Credit excess fee to user balance; notify engineering of smart contract / fee calculation parameter check.,OPEN
INC_278A62B12A,ANO_0F1131C51F,TX_06791E6CB2F3,USR_08579,2026-08-14 02:42:01+05:30,2,4,309.88,45.92,P3,P3 MEDIUM: Moderate risk exception (Score: 45.9); standard operational review.,Credit excess fee to user balance; notify engineering of smart contract / fee calculation parameter check.,OPEN
INC_AF7975F953,ANO_975F8EB80D,TX_50BF67992E88,USR_01459,2026-08-14 14:30:32+05:30,2,4,306.37,45.82,P3,P3 MEDIUM: Moderate risk exception (Score: 45.8); standard operational review.,Credit excess fee to user balance; notify engineering of smart contract / fee calculation parameter check.,OPEN
INC_534CBE442C,ANO_7491E8BFD3,TX_37B33B1E5678,USR_06765,2026-08-25 18:54:26+05:30,2,4,306.22,45.82,P3,P3 MEDIUM: Moderate risk exception (Score: 45.8); standard operational review.,Credit excess fee to user balance; notify engineering of smart contract / fee calculation parameter check.,OPEN
INC_3592E48C3B,ANO_EB7F9E4DF2,TX_66BEF472EAF0,USR_03967,2026-09-09 14:17:43+05:30,2,4,306.2,45.82,P3,P3 MEDIUM: Moderate risk exception (Score: 45.8); standard operational review.,Credit excess fee to user balance; notify engineering of smart contract / fee calculation parameter check.,OPEN
INC_1D13B37FC9,ANO_9933C8AB47,TX_9DE392F14179,USR_06202,2026-08-21 09:48:09+05:30,2,4,304.74,45.78,P3,P3 MEDIUM: Moderate risk exception (Score: 45.8); standard operational review.,Credit excess fee to user balance; notify engineering of smart contract / fee calculation parameter check.,OPEN
INC_FC5979C5D5,ANO_58C0AF7B6A,TX_74D7B3E93DC3,USR_05278,2026-09-10 00:40:06+05:30,2,4,303.51,45.75,P3,P3 MEDIUM: Moderate risk exception (Score: 45.8); standard operational review.,Credit excess fee to user balance; notify engineering of smart contract / fee calculation parameter check.,OPEN
INC_5A8AA82C70,ANO_F966AC3D20,TX_81E74545CDA4,USR_05513,2026-09-05 09:55:31+05:30,2,4,303.31,45.74,P3,P3 MEDIUM: Moderate risk exception (Score: 45.7); standard operational review.,Credit excess fee to user balance; notify engineering of smart contract / fee calculation parameter check.,OPEN
INC_61D5B39B38,ANO_4A0A3406E2,TX_20C4A8CA7D8D,USR_06484,2026-08-26 06:05:43+05:30,2,4,302.68,45.73,P3,P3 MEDIUM: Moderate risk exception (Score: 45.7); standard operational review.,Credit excess fee to user balance; notify engineering of smart contract / fee calculation parameter check.,OPEN
INC_2D5BBD55FD,ANO_EFD12CC9C0,TX_D7608C83B69B,USR_07481,2026-09-12 22:34:52+05:30,2,4,301.91,45.71,P3,P3 MEDIUM: Moderate risk exception (Score: 45.7); standard operational review.,Credit excess fee to user balance; notify engineering of smart contract / fee calculation parameter check.,OPEN
INC_C33C060D03,ANO_19D62280B9,TX_1105CC90D6BF,USR_06544,2026-08-03 12:27:39+05:30,2,4,301.12,45.69,P3,P3 MEDIUM: Moderate risk exception (Score: 45.7); standard operational review.,Credit excess fee to user balance; notify engineering of smart contract / fee calculation parameter check.,OPEN
INC_603BD7710D,ANO_54ACE4A8F5,TX_4237AB6F0C3B,USR_05098,2026-08-04 12:42:24+05:30,2,4,301.18,45.69,P3,P3 MEDIUM: Moderate risk exception (Score: 45.7); standard operational review.,Credit excess fee to user balance; notify engineering of smart contract / fee calculation parameter check.,OPEN
INC_9164C96BAC,ANO_2A21E35980,TX_261C67E0BE0C,USR_00274,2026-08-04 17:05:20+05:30,2,4,301.32,45.69,P3,P3 MEDIUM: Moderate risk exception (Score: 45.7); standard operational review.,Credit excess fee to user balance; notify engineering of smart contract / fee calculation parameter check.,OPEN
INC_A8F33393A8,ANO_1B96F97B52,TX_A4229A566035,USR_09832,2026-09-15 23:36:59+05:30,2,4,297.41,45.59,P3,P3 MEDIUM: Moderate risk exception (Score: 45.6); standard operational review.,Credit excess fee to user balance; notify engineering of smart contract / fee calculation parameter check.,OPEN
INC_3485BE650C,ANO_9F0261560A,TX_C2F78FDF3249,USR_08425,2026-08-09 22:23:12+05:30,2,4,296.66,45.57,P3,P3 MEDIUM: Moderate risk exception (Score: 45.6); standard operational review.,Credit excess fee to user balance; notify engineering of smart contract / fee calculation parameter check.,OPEN
INC_436CD88B4B,ANO_FD84F1A643,TX_4EF57643D9ED,USR_05385,2026-08-23 20:33:40+05:30,2,4,295.31,45.53,P3,P3 MEDIUM: Moderate risk exception (Score: 45.5); standard operational review.,Credit excess fee to user balance; notify engineering of smart contract / fee calculation parameter check.,OPEN
INC_1BB9C8477F,ANO_9A7A8A76E2,TX_3FFB3F2B3121,USR_00170,2026-08-10 09:06:34+05:30,2,4,293.26,45.48,P3,P3 MEDIUM: Moderate risk exception (Score: 45.5); standard operational review.,Credit excess fee to user balance; notify engineering of smart contract / fee calculation parameter check.,OPEN
INC_C5D92C1873,ANO_D67286750A,TX_FAEC7B79C614,USR_07115,2026-09-08 18:21:37+05:30,2,4,292.7,45.46,P3,P3 MEDIUM: Moderate risk exception (Score: 45.5); standard operational review.,Credit excess fee to user balance; notify engineering of smart contract / fee calculation parameter check.,OPEN
INC_08A1CEFE63,ANO_0548256D80,TX_65030F0009C7,USR_07613,2026-08-02 09:44:10+05:30,2,4,290.89,45.41,P3,P3 MEDIUM: Moderate risk exception (Score: 45.4); standard operational review.,Credit excess fee to user balance; notify engineering of smart contract / fee calculation parameter check.,OPEN
INC_4696C636E5,ANO_C769F053E1,TX_4740724CB2EB,USR_08247,2026-08-09 20:42:43+05:30,2,4,289.78,45.38,P3,P3 MEDIUM: Moderate risk exception (Score: 45.4); standard operational review.,Credit excess fee to user balance; notify engineering of smart contract / fee calculation parameter check.,OPEN
INC_682A4252ED,ANO_8D4AFEC5C7,TX_F65C7A0B5885,USR_03080,2026-08-21 02:55:41+05:30,2,4,289.02,45.36,P3,P3 MEDIUM: Moderate risk exception (Score: 45.4); standard operational review.,Credit excess fee to user balance; notify engineering of smart contract / fee calculation parameter check.,OPEN
INC_44E70C8ADA,ANO_83280BA749,TX_B9DB9517F836,USR_04536,2026-09-20 04:48:01+05:30,2,4,286.62,45.29,P3,P3 MEDIUM: Moderate risk exception (Score: 45.3); standard operational review.,Credit excess fee to user balance; notify engineering of smart contract / fee calculation parameter check.,OPEN
INC_AD1048A765,ANO_443C81C65E,TX_9E3F203C8303,USR_01167,2026-09-19 04:53:01+05:30,2,4,286.25,45.28,P3,P3 MEDIUM: Moderate risk exception (Score: 45.3); standard operational review.,Credit excess fee to user balance; notify engineering of smart contract / fee calculation parameter check.,OPEN
INC_80605C6A70,ANO_BFFDC853EE,TX_590C03FDD4DB,USR_06038,2026-08-22 17:47:20+05:30,2,4,285.58,45.26,P3,P3 MEDIUM: Moderate risk exception (Score: 45.3); standard operational review.,Credit excess fee to user balance; notify engineering of smart contract / fee calculation parameter check.,OPEN
INC_B91BED3CD6,ANO_7B230673A2,TX_FFB676F36550,USR_08099,2026-08-03 01:39:00+05:30,2,4,282.37,45.17,P3,P3 MEDIUM: Moderate risk exception (Score: 45.2); standard operational review.,Credit excess fee to user balance; notify engineering of smart contract / fee calculation parameter check.,OPEN
INC_D09F455276,ANO_C567DEBDF0,TX_7E932A21EC78,USR_02534,2026-08-24 16:31:27+05:30,2,4,281.9,45.16,P3,P3 MEDIUM: Moderate risk exception (Score: 45.2); standard operational review.,Credit excess fee to user balance; notify engineering of smart contract / fee calculation parameter check.,OPEN
INC_0F2B686C7B,ANO_5B2518462A,TX_B0C70E0D3A7F,USR_07588,2026-08-20 00:05:38+05:30,2,4,280.65,45.13,P3,P3 MEDIUM: Moderate risk exception (Score: 45.1); standard operational review.,Credit excess fee to user balance; notify engineering of smart contract / fee calculation parameter check.,OPEN
INC_F777D2B0B6,ANO_F49C4E8424,TX_A7C99C8C4824,USR_06850,2026-08-24 10:37:41+05:30,2,4,279.68,45.1,P3,P3 MEDIUM: Moderate risk exception (Score: 45.1); standard operational review.,Credit excess fee to user balance; notify engineering of smart contract / fee calculation parameter check.,OPEN
INC_FEFB4E5740,ANO_AF6D30293D,TX_52FEA57AD82B,USR_06404,2026-08-02 11:33:12+05:30,2,4,275.91,44.99,P3,P3 MEDIUM: Moderate risk exception (Score: 45.0); standard operational review.,Credit excess fee to user balance; notify engineering of smart contract / fee calculation parameter check.,OPEN
INC_9CC0FFB5CF,ANO_9DA5D9A895,TX_95011E6D30DF,USR_03458,2026-09-03 09:00:44+05:30,2,4,275.57,44.98,P3,P3 MEDIUM: Moderate risk exception (Score: 45.0); standard operational review.,Credit excess fee to user balance; notify engineering of smart contract / fee calculation parameter check.,OPEN
INC_4FCABD605F,ANO_1BBD262B70,TX_A0886AC10681,USR_02325,2026-08-16 03:58:18+05:30,2,4,274.7,44.95,P3,P3 MEDIUM: Moderate risk exception (Score: 45.0); standard operational review.,Credit excess fee to user balance; notify engineering of smart contract / fee calculation parameter check.,OPEN
INC_995703DEB2,ANO_CBF8E3BC6B,TX_4D1791A59EA0,USR_00280,2026-08-10 10:26:25+05:30,2,4,271.98,44.88,P3,P3 MEDIUM: Moderate risk exception (Score: 44.9); standard operational review.,Credit excess fee to user balance; notify engineering of smart contract / fee calculation parameter check.,OPEN
INC_AD85DC51DA,ANO_AAE5612316,TX_F4EFEF2533A7,USR_03667,2026-09-17 05:28:43+05:30,2,4,271.78,44.87,P3,P3 MEDIUM: Moderate risk exception (Score: 44.9); standard operational review.,Credit excess fee to user balance; notify engineering of smart contract / fee calculation parameter check.,OPEN
INC_614CCF6292,ANO_79D9C4DEB8,TX_761D51C892EB,USR_09882,2026-08-07 07:59:20+05:30,2,4,270.48,44.83,P3,P3 MEDIUM: Moderate risk exception (Score: 44.8); standard operational review.,Credit excess fee to user balance; notify engineering of smart contract / fee calculation parameter check.,OPEN
INC_3AF3D69A0E,ANO_0735B06795,TX_EA5C2540283C,USR_03836,2026-08-17 09:16:09+05:30,2,4,270.07,44.82,P3,P3 MEDIUM: Moderate risk exception (Score: 44.8); standard operational review.,Credit excess fee to user balance; notify engineering of smart contract / fee calculation parameter check.,OPEN
INC_E8D673F6E3,ANO_A1CB91E06B,TX_E7C4CA418990,USR_01074,2026-08-06 01:58:59+05:30,2,4,269.71,44.81,P3,P3 MEDIUM: Moderate risk exception (Score: 44.8); standard operational review.,Credit excess fee to user balance; notify engineering of smart contract / fee calculation parameter check.,OPEN
INC_DE9C648857,ANO_9F81035BDD,TX_4A47197E3564,USR_09161,2026-08-09 02:31:29+05:30,2,4,268.72,44.78,P3,P3 MEDIUM: Moderate risk exception (Score: 44.8); standard operational review.,Credit excess fee to user balance; notify engineering of smart contract / fee calculation parameter check.,OPEN
INC_DE4C6F6385,ANO_E0E0B0BB6A,TX_A370B7D3A79B,USR_02170,2026-08-05 08:41:56+05:30,2,4,268.0,44.76,P3,P3 MEDIUM: Moderate risk exception (Score: 44.8); standard operational review.,Credit excess fee to user balance; notify engineering of smart contract / fee calculation parameter check.,OPEN
INC_1E1A34FCB3,ANO_DBC8EAF232,TX_26D10097F243,USR_01860,2026-08-18 05:10:22+05:30,2,4,265.22,44.67,P3,P3 MEDIUM: Moderate risk exception (Score: 44.7); standard operational review.,Credit excess fee to user balance; notify engineering of smart contract / fee calculation parameter check.,OPEN
INC_1730C49553,ANO_7BBD5B895F,TX_882CA6B52C8B,USR_05007,2026-08-15 14:56:31+05:30,2,4,263.63,44.63,P3,P3 MEDIUM: Moderate risk exception (Score: 44.6); standard operational review.,Credit excess fee to user balance; notify engineering of smart contract / fee calculation parameter check.,OPEN
INC_9EE9AE4201,ANO_68B8F1D55F,TX_EBF69E4CDBF1,USR_06091,2026-08-25 14:01:19+05:30,2,4,262.5,44.59,P3,P3 MEDIUM: Moderate risk exception (Score: 44.6); standard operational review.,Credit excess fee to user balance; notify engineering of smart contract / fee calculation parameter check.,OPEN
INC_8A43C277AF,ANO_A0E586579D,TX_C428F0C0BA84,USR_05210,2026-08-28 08:21:01+05:30,2,4,261.26,44.55,P3,P3 MEDIUM: Moderate risk exception (Score: 44.5); standard operational review.,Credit excess fee to user balance; notify engineering of smart contract / fee calculation parameter check.,OPEN
INC_8364C85EFC,ANO_53D58C3D9D,TX_640D7B6BA63E,USR_01672,2026-08-26 16:12:36+05:30,2,4,258.34,44.47,P3,P3 MEDIUM: Moderate risk exception (Score: 44.5); standard operational review.,Credit excess fee to user balance; notify engineering of smart contract / fee calculation parameter check.,OPEN
INC_289B152D59,ANO_80BB4B9E5C,TX_C74303601B56,USR_09627,2026-08-14 11:58:22+05:30,2,4,255.92,44.39,P3,P3 MEDIUM: Moderate risk exception (Score: 44.4); standard operational review.,Credit excess fee to user balance; notify engineering of smart contract / fee calculation parameter check.,OPEN
INC_AA07018220,ANO_68976239E6,TX_26D38F9E3882,USR_03013,2026-08-31 15:02:06+05:30,2,4,255.91,44.39,P3,P3 MEDIUM: Moderate risk exception (Score: 44.4); standard operational review.,Credit excess fee to user balance; notify engineering of smart contract / fee calculation parameter check.,OPEN
INC_2194C751E4,ANO_E853FD52D9,TX_F031CB63DBF2,USR_03741,2026-09-19 18:51:31+05:30,2,4,252.65,44.29,P3,P3 MEDIUM: Moderate risk exception (Score: 44.3); standard operational review.,Credit excess fee to user balance; notify engineering of smart contract / fee calculation parameter check.,OPEN
INC_22D0D33593,ANO_4649BDD922,TX_6B6662D04CF3,USR_06085,2026-09-05 06:06:34+05:30,2,4,250.64,44.22,P3,P3 MEDIUM: Moderate risk exception (Score: 44.2); standard operational review.,Credit excess fee to user balance; notify engineering of smart contract / fee calculation parameter check.,OPEN
INC_C40DC26B1D,ANO_CA1D64D728,TX_7895750CA986,USR_06544,2026-08-08 07:16:28+05:30,2,4,249.91,44.2,P3,P3 MEDIUM: Moderate risk exception (Score: 44.2); standard operational review.,Credit excess fee to user balance; notify engineering of smart contract / fee calculation parameter check.,OPEN
INC_81022426EB,ANO_1E3CBEB651,TX_1792380006F7,USR_04585,2026-08-19 17:34:47+05:30,2,4,247.24,44.12,P3,P3 MEDIUM: Moderate risk exception (Score: 44.1); standard operational review.,Credit excess fee to user balance; notify engineering of smart contract / fee calculation parameter check.,OPEN
INC_990FE46FE1,ANO_BE49A099E8,TX_84611CC32336,USR_05960,2026-08-02 08:27:08+05:30,2,4,247.07,44.11,P3,P3 MEDIUM: Moderate risk exception (Score: 44.1); standard operational review.,Credit excess fee to user balance; notify engineering of smart contract / fee calculation parameter check.,OPEN
INC_44672C3A2C,ANO_B7886D0DE0,TX_BCE364C4865A,USR_03741,2026-08-28 05:00:26+05:30,2,4,246.46,44.09,P3,P3 MEDIUM: Moderate risk exception (Score: 44.1); standard operational review.,Credit excess fee to user balance; notify engineering of smart contract / fee calculation parameter check.,OPEN
INC_E8C68F94D9,ANO_14780C8FD0,TX_BCE2FFE0AC12,USR_00280,2026-09-16 09:04:06+05:30,2,4,244.97,44.04,P3,P3 MEDIUM: Moderate risk exception (Score: 44.0); standard operational review.,Credit excess fee to user balance; notify engineering of smart contract / fee calculation parameter check.,OPEN
INC_E47174F062,ANO_D89595022C,TX_9EDB4D588B11,USR_06177,2026-09-18 06:28:35+05:30,2,4,243.56,44.0,P3,P3 MEDIUM: Moderate risk exception (Score: 44.0); standard operational review.,Credit excess fee to user balance; notify engineering of smart contract / fee calculation parameter check.,OPEN
INC_EDD6F6C81D,ANO_8D79BB2AC8,TX_7E18D65022B7,USR_00916,2026-08-14 09:05:34+05:30,2,4,238.83,43.84,P3,P3 MEDIUM: Moderate risk exception (Score: 43.8); standard operational review.,Credit excess fee to user balance; notify engineering of smart contract / fee calculation parameter check.,OPEN
INC_D296327538,ANO_5D019549AD,TX_F8EC58F31BC8,USR_02007,2026-08-21 23:03:42+05:30,2,4,238.89,43.84,P3,P3 MEDIUM: Moderate risk exception (Score: 43.8); standard operational review.,Credit excess fee to user balance; notify engineering of smart contract / fee calculation parameter check.,OPEN
INC_7D3C15635C,ANO_EC0F33EC3E,TX_7B0EDF370453,USR_05098,2026-08-30 03:20:14+05:30,2,4,238.33,43.82,P3,P3 MEDIUM: Moderate risk exception (Score: 43.8); standard operational review.,Credit excess fee to user balance; notify engineering of smart contract / fee calculation parameter check.,OPEN
INC_E37471DB84,ANO_96064669FB,TX_CF163AF11DD5,USR_04991,2026-08-02 04:38:19+05:30,2,4,236.91,43.78,P3,P3 MEDIUM: Moderate risk exception (Score: 43.8); standard operational review.,Credit excess fee to user balance; notify engineering of smart contract / fee calculation parameter check.,OPEN
INC_E5839E1A45,ANO_784D968AA6,TX_1DE3AA2A28C9,USR_07351,2026-09-02 01:29:52+05:30,2,4,235.76,43.74,P3,P3 MEDIUM: Moderate risk exception (Score: 43.7); standard operational review.,Credit excess fee to user balance; notify engineering of smart contract / fee calculation parameter check.,OPEN
INC_E526DCE7E3,ANO_BF96B1192F,TX_4A106737C42E,USR_05106,2026-08-18 23:29:57+05:30,2,4,230.34,43.55,P3,P3 MEDIUM: Moderate risk exception (Score: 43.5); standard operational review.,Credit excess fee to user balance; notify engineering of smart contract / fee calculation parameter check.,OPEN
INC_DA71830541,ANO_7011296E3C,TX_98955DC79976,USR_01846,2026-08-20 16:25:08+05:30,2,4,227.12,43.44,P3,P3 MEDIUM: Moderate risk exception (Score: 43.4); standard operational review.,Credit excess fee to user balance; notify engineering of smart contract / fee calculation parameter check.,OPEN
INC_D4C0BFF3C4,ANO_6A6EAAEFCA,TX_80B2CF6F6E12,USR_05217,2026-08-02 04:57:12+05:30,2,4,226.5,43.42,P3,P3 MEDIUM: Moderate risk exception (Score: 43.4); standard operational review.,Credit excess fee to user balance; notify engineering of smart contract / fee calculation parameter check.,OPEN
INC_27713D5F89,ANO_EF6E8092CE,TX_6EA8794062D8,USR_02740,2026-09-03 08:44:18+05:30,2,4,225.67,43.39,P3,P3 MEDIUM: Moderate risk exception (Score: 43.4); standard operational review.,Credit excess fee to user balance; notify engineering of smart contract / fee calculation parameter check.,OPEN
INC_3CF9A3E0BD,ANO_AE3317600C,TX_15FF0661EEBC,USR_06334,2026-08-12 20:38:40+05:30,2,4,224.2,43.34,P3,P3 MEDIUM: Moderate risk exception (Score: 43.3); standard operational review.,Credit excess fee to user balance; notify engineering of smart contract / fee calculation parameter check.,OPEN
INC_7A00FEB85D,ANO_41BFF52D7B,TX_07B594E3B6C7,USR_00041,2026-09-14 20:14:04+05:30,2,4,224.24,43.34,P3,P3 MEDIUM: Moderate risk exception (Score: 43.3); standard operational review.,Credit excess fee to user balance; notify engineering of smart contract / fee calculation parameter check.,OPEN
INC_98879573A5,ANO_66C836EFF7,TX_D4855A367FC2,USR_02696,2026-09-18 17:17:41+05:30,2,4,222.56,43.28,P3,P3 MEDIUM: Moderate risk exception (Score: 43.3); standard operational review.,Credit excess fee to user balance; notify engineering of smart contract / fee calculation parameter check.,OPEN
INC_768F484701,ANO_E342AFF8CA,TX_4AC5BD3B65BF,USR_04851,2026-09-15 21:17:11+05:30,2,4,221.38,43.24,P3,P3 MEDIUM: Moderate risk exception (Score: 43.2); standard operational review.,Credit excess fee to user balance; notify engineering of smart contract / fee calculation parameter check.,OPEN
INC_09C01AFC8C,ANO_D57F957783,TX_3C9FA8E5F60A,USR_07115,2026-08-19 10:57:20+05:30,2,4,221.33,43.23,P3,P3 MEDIUM: Moderate risk exception (Score: 43.2); standard operational review.,Credit excess fee to user balance; notify engineering of smart contract / fee calculation parameter check.,OPEN
INC_49B23B9135,ANO_52DCFD2249,TX_980AE5C1CBDA,USR_06736,2026-08-27 21:19:01+05:30,2,4,219.24,43.16,P3,P3 MEDIUM: Moderate risk exception (Score: 43.2); standard operational review.,Credit excess fee to user balance; notify engineering of smart contract / fee calculation parameter check.,OPEN
INC_BD70321B0C,ANO_5721C4E8AB,TX_46625DD87379,USR_04752,2026-09-11 05:44:53+05:30,2,4,211.67,42.88,P3,P3 MEDIUM: Moderate risk exception (Score: 42.9); standard operational review.,Credit excess fee to user balance; notify engineering of smart contract / fee calculation parameter check.,OPEN
INC_B89EEB6A94,ANO_1B2308B21B,TX_B3655B701BBD,USR_07589,2026-08-10 04:57:02+05:30,2,4,207.42,42.72,P3,P3 MEDIUM: Moderate risk exception (Score: 42.7); standard operational review.,Credit excess fee to user balance; notify engineering of smart contract / fee calculation parameter check.,OPEN
INC_57D08E061E,ANO_B551620E3A,TX_34496788DCB3,USR_00219,2026-09-09 04:18:57+05:30,2,4,206.72,42.69,P3,P3 MEDIUM: Moderate risk exception (Score: 42.7); standard operational review.,Credit excess fee to user balance; notify engineering of smart contract / fee calculation parameter check.,OPEN
INC_EE119CFCF0,ANO_7FCBC93E3A,TX_C7B92D281408,USR_05960,2026-09-18 15:11:45+05:30,2,4,206.65,42.69,P3,P3 MEDIUM: Moderate risk exception (Score: 42.7); standard operational review.,Credit excess fee to user balance; notify engineering of smart contract / fee calculation parameter check.,OPEN
INC_4FA59281E5,ANO_1B97106510,TX_82BF750425F4,USR_07561,2026-08-24 14:49:25+05:30,2,4,204.09,42.59,P3,P3 MEDIUM: Moderate risk exception (Score: 42.6); standard operational review.,Credit excess fee to user balance; notify engineering of smart contract / fee calculation parameter check.,OPEN
INC_47C54CFD83,ANO_AA9C6F91C8,TX_1055D64F52A3,USR_06850,2026-08-09 10:37:18+05:30,2,4,201.6,42.49,P3,P3 MEDIUM: Moderate risk exception (Score: 42.5); standard operational review.,Credit excess fee to user balance; notify engineering of smart contract / fee calculation parameter check.,OPEN
INC_C71253C9AB,ANO_1B452F63C2,TX_E23E4F1DB8EA,USR_00149,2026-09-13 16:36:52+05:30,2,4,195.6,42.25,P3,P3 MEDIUM: Moderate risk exception (Score: 42.2); standard operational review.,Credit excess fee to user balance; notify engineering of smart contract / fee calculation parameter check.,OPEN
INC_9EC5C64B39,ANO_98E4EC30B8,TX_4C2EB15089B7,USR_01443,2026-09-03 14:47:03+05:30,2,4,194.61,42.21,P3,P3 MEDIUM: Moderate risk exception (Score: 42.2); standard operational review.,Credit excess fee to user balance; notify engineering of smart contract / fee calculation parameter check.,OPEN
INC_7123DDB265,ANO_F624FBF625,TX_A13FFD38D4CE,USR_04451,2026-09-01 04:16:07+05:30,2,4,194.41,42.2,P3,P3 MEDIUM: Moderate risk exception (Score: 42.2); standard operational review.,Credit excess fee to user balance; notify engineering of smart contract / fee calculation parameter check.,OPEN
INC_B850F1FD5D,ANO_E3AFF72BC8,TX_12BFF3F44AF1,USR_04065,2026-09-01 21:02:32+05:30,2,4,189.67,42.0,P3,P3 MEDIUM: Moderate risk exception (Score: 42.0); standard operational review.,Credit excess fee to user balance; notify engineering of smart contract / fee calculation parameter check.,OPEN
INC_EF300BCCF9,ANO_5643B850EB,TX_059F1EBCB495,USR_04274,2026-08-19 02:06:04+05:30,2,4,189.12,41.98,P3,P3 MEDIUM: Moderate risk exception (Score: 42.0); standard operational review.,Credit excess fee to user balance; notify engineering of smart contract / fee calculation parameter check.,OPEN
INC_26F6014FC4,ANO_950004554A,TX_B4991AAF9062,USR_01755,2026-08-10 07:09:47+05:30,2,4,184.12,41.77,P3,P3 MEDIUM: Moderate risk exception (Score: 41.8); standard operational review.,Credit excess fee to user balance; notify engineering of smart contract / fee calculation parameter check.,OPEN
INC_3991164CA9,ANO_31454152AD,TX_216DD2BA9D57,USR_06285,2026-09-19 19:59:58+05:30,2,4,179.85,41.58,P3,P3 MEDIUM: Moderate risk exception (Score: 41.6); standard operational review.,Credit excess fee to user balance; notify engineering of smart contract / fee calculation parameter check.,OPEN
INC_F6BAD1F010,ANO_E83F8635FA,TX_C55A6C90421C,USR_00847,2026-08-31 00:26:39+05:30,2,4,179.2,41.55,P3,P3 MEDIUM: Moderate risk exception (Score: 41.5); standard operational review.,Credit excess fee to user balance; notify engineering of smart contract / fee calculation parameter check.,OPEN
INC_3D492B80AC,ANO_F8B830EC23,TX_ANO_WTH_2A1C1EE3,USR_02375,2026-09-17 08:47:37+05:30,5,5,669854.78,335.37,P1,"P1 CRITICAL: High-severity RAPID_PASS_THROUGH with substantial financial exposure (₹669,854.78) exceeding risk threshold.",Place temporary 24h withdrawal hold; verify bank account originator name; request source-of-funds declaration.,OPEN
INC_95D5EDE26C,ANO_3F7A736C6E,TX_ANO_WTH_E6BB488C,USR_08495,2026-09-10 15:34:13+05:30,5,5,658329.07,334.94,P1,"P1 CRITICAL: High-severity RAPID_PASS_THROUGH with substantial financial exposure (₹658,329.07) exceeding risk threshold.",Place temporary 24h withdrawal hold; verify bank account originator name; request source-of-funds declaration.,OPEN
INC_E6007CF328,ANO_86184C7A68,TX_ANO_WTH_C8C95CFB,USR_07916,2026-08-13 04:21:05+05:30,5,5,385431.74,321.55,P1,"P1 CRITICAL: High-severity RAPID_PASS_THROUGH with substantial financial exposure (₹385,431.74) exceeding risk threshold.",Place temporary 24h withdrawal hold; verify bank account originator name; request source-of-funds declaration.,OPEN
INC_F1F7F6B8B2,ANO_4B89DDFC10,TX_ANO_WTH_E6B422E4,USR_03668,2026-09-05 22:57:28+05:30,5,5,301026.07,315.37,P1,"P1 CRITICAL: High-severity RAPID_PASS_THROUGH with substantial financial exposure (₹301,026.07) exceeding risk threshold.",Place temporary 24h withdrawal hold; verify bank account originator name; request source-of-funds declaration.,OPEN
INC_5C3349B934,ANO_3105366646,TX_ANO_WTH_94DE8B2C,USR_00236,2026-09-09 21:47:56+05:30,4,5,721874.25,269.79,P1,"P1 CRITICAL: High-severity BASELINE_SPIKE with substantial financial exposure (₹721,874.25) exceeding risk threshold.",Initiate outbound phone verification; inspect recent device IP and 2FA changes; check order book liquidity depth.,OPEN
INC_77B347252E,ANO_CF72BEAF95,TX_ANO_DEP_5674EFA6,USR_07601,2026-09-19 09:09:59+05:30,4,5,720045.47,269.74,P1,"P1 CRITICAL: High-severity BASELINE_SPIKE with substantial financial exposure (₹720,045.47) exceeding risk threshold.",Initiate outbound phone verification; inspect recent device IP and 2FA changes; check order book liquidity depth.,OPEN
INC_9CE904FA66,ANO_1DD38A716C,TX_ANO_DEP_220A3554,USR_08559,2026-08-27 06:24:20+05:30,4,5,539925.1,263.98,P1,"P1 CRITICAL: High-severity BASELINE_SPIKE with substantial financial exposure (₹539,925.10) exceeding risk threshold.",Initiate outbound phone verification; inspect recent device IP and 2FA changes; check order book liquidity depth.,OPEN
INC_468342FD3C,ANO_799A6D2BC1,TX_ANO_WTH_CFF3E0E6,USR_09643,2026-09-09 12:37:42+05:30,4,5,436852.41,259.75,P1,"P1 CRITICAL: High-severity BASELINE_SPIKE with substantial financial exposure (₹436,852.41) exceeding risk threshold.",Verify user trading history; request KYC Tier-2 verification if unverified.,OPEN
