anomaly_id,transaction_id,user_id,timestamp,anomaly_type,metric_name,observed_value,baseline_value,deviation_score,detector_method,explanation
ANO_226B813F94,TX_0965955BCA9A,USR_00274,2026-08-01 14:17:11+05:30,ABNORMAL_FEE,fee_inr,695.18,165.72,4.19,IQR_UPPER_FENCE,Platform fee ₹695.18 breaches the asset's IQR upper fence of ₹165.72.
ANO_4E8EAF1392,TX_602049C59D3A,USR_04705,2026-08-01 15:10:32+05:30,ABNORMAL_FEE,fee_inr,316.85,169.26,1.87,IQR_UPPER_FENCE,Platform fee ₹316.85 breaches the asset's IQR upper fence of ₹169.26.
ANO_426000775C,TX_3C9AB867558F,USR_08302,2026-08-01 15:19:39+05:30,ABNORMAL_FEE,fee_inr,412.69,161.96,2.55,IQR_UPPER_FENCE,Platform fee ₹412.69 breaches the asset's IQR upper fence of ₹161.96.
ANO_54D22F8EA7,TX_BE8369390864,USR_04725,2026-08-01 17:12:24+05:30,BASELINE_SPIKE,user_baseline_zscore,75599.76,10989.57,4.31,ROLLING_ZSCORE,"Transaction value ₹75,599.76 is 4.3σ above user's rolling historical baseline of ₹10,989.57."
ANO_F3B4002CA5,TX_9C9440D56B91,USR_01328,2026-08-01 17:16:13+05:30,ABNORMAL_FEE,fee_inr,524.92,166.3088,3.16,IQR_UPPER_FENCE,Platform fee ₹524.92 breaches the asset's IQR upper fence of ₹166.31.
ANO_A54A2A211F,TX_19D6DECC1CBA,USR_00437,2026-08-01 17:33:41+05:30,ABNORMAL_FEE,fee_inr,638.03,169.26,3.77,IQR_UPPER_FENCE,Platform fee ₹638.03 breaches the asset's IQR upper fence of ₹169.26.
ANO_BF3449E78E,TX_F4ABECE4D485,USR_03512,2026-08-01 20:16:05+05:30,ABNORMAL_FEE,fee_inr,398.33,161.96,2.46,IQR_UPPER_FENCE,Platform fee ₹398.33 breaches the asset's IQR upper fence of ₹161.96.
ANO_4416B8FC04,TX_8D6DAEEBCC9C,USR_07351,2026-08-01 21:46:15+05:30,ABNORMAL_FEE,fee_inr,419.98,169.26,2.48,IQR_UPPER_FENCE,Platform fee ₹419.98 breaches the asset's IQR upper fence of ₹169.26.
ANO_9B27779F63,TX_B60E65AE288D,USR_09817,2026-08-01 22:50:39+05:30,ABNORMAL_FEE,fee_inr,543.35,165.72,3.28,IQR_UPPER_FENCE,Platform fee ₹543.35 breaches the asset's IQR upper fence of ₹165.72.
ANO_9B1166D0DE,TX_99A7ABFBC3F4,USR_08444,2026-08-02 01:35:04+05:30,ABNORMAL_FEE,fee_inr,484.92,169.26,2.86,IQR_UPPER_FENCE,Platform fee ₹484.92 breaches the asset's IQR upper fence of ₹169.26.
ANO_96064669FB,TX_CF163AF11DD5,USR_04991,2026-08-02 04:38:19+05:30,ABNORMAL_FEE,fee_inr,236.91,161.96,1.46,IQR_UPPER_FENCE,Platform fee ₹236.91 breaches the asset's IQR upper fence of ₹161.96.
ANO_FCD583E4E0,TX_ANO_VEL_84D7EF8D,USR_02886,2026-08-02 04:54:50+05:30,VELOCITY_BURST,tx_velocity_60m,9.0,5.0,1.8,TIME_WINDOW_COUNTER,"User executed 9 transactions within a 60-minute window, breaching velocity threshold of 5."
ANO_2E6A32B1B0,TX_A43B2D0BEC67,USR_07841,2026-08-02 08:42:40+05:30,ABNORMAL_FEE,fee_inr,420.18,166.3088,2.53,IQR_UPPER_FENCE,Platform fee ₹420.18 breaches the asset's IQR upper fence of ₹166.31.
ANO_0C2F76A795,TX_F5D93E2C228A,USR_06505,2026-08-02 12:57:21+05:30,ABNORMAL_FEE,fee_inr,703.68,169.26,4.16,IQR_UPPER_FENCE,Platform fee ₹703.68 breaches the asset's IQR upper fence of ₹169.26.
ANO_A1B74F05F2,TX_71A7B233898F,USR_02742,2026-08-02 13:52:01+05:30,ABNORMAL_FEE,fee_inr,466.8,166.3088,2.81,IQR_UPPER_FENCE,Platform fee ₹466.80 breaches the asset's IQR upper fence of ₹166.31.
ANO_1AEB225299,TX_16519DA95709,USR_07201,2026-08-02 16:02:03+05:30,ABNORMAL_FEE,fee_inr,359.15,167.3525,2.15,IQR_UPPER_FENCE,Platform fee ₹359.15 breaches the asset's IQR upper fence of ₹167.35.
ANO_6501AF3329,TX_189B4D954750,USR_02407,2026-08-02 19:54:04+05:30,ABNORMAL_FEE,fee_inr,493.2,169.26,2.91,IQR_UPPER_FENCE,Platform fee ₹493.20 breaches the asset's IQR upper fence of ₹169.26.
ANO_8225F1F727,TX_ANO_VEL_609BDB29,USR_03193,2026-08-02 22:11:35+05:30,VELOCITY_BURST,tx_velocity_60m,6.0,5.0,1.2,TIME_WINDOW_COUNTER,"User executed 6 transactions within a 60-minute window, breaching velocity threshold of 5."
ANO_335620D232,TX_ANO_VEL_069BE255,USR_03193,2026-08-02 22:21:35+05:30,VELOCITY_BURST,tx_velocity_60m,11.0,5.0,2.2,TIME_WINDOW_COUNTER,"User executed 11 transactions within a 60-minute window, breaching velocity threshold of 5."
ANO_346CE0E645,TX_880D601D902B,USR_06370,2026-08-03 00:32:29+05:30,ABNORMAL_FEE,fee_inr,433.23,169.26,2.56,IQR_UPPER_FENCE,Platform fee ₹433.23 breaches the asset's IQR upper fence of ₹169.26.
ANO_6C3B7EBC74,TX_1DE24D9FE018,USR_01860,2026-08-03 02:03:28+05:30,BASELINE_SPIKE,user_baseline_zscore,766711.68,148590.28,4.12,ROLLING_ZSCORE,"Transaction value ₹766,711.68 is 4.1σ above user's rolling historical baseline of ₹148,590.28."
ANO_A453D3824A,TX_52B13CB2A0FB,USR_03741,2026-08-03 12:45:53+05:30,ABNORMAL_FEE,fee_inr,512.17,169.26,3.03,IQR_UPPER_FENCE,Platform fee ₹512.17 breaches the asset's IQR upper fence of ₹169.26.
ANO_67727B9711,TX_ANO_VEL_36E9839B,USR_01259,2026-08-03 15:29:17+05:30,VELOCITY_BURST,tx_velocity_60m,11.0,5.0,2.2,TIME_WINDOW_COUNTER,"User executed 11 transactions within a 60-minute window, breaching velocity threshold of 5."
ANO_D3ED4F2F25,TX_3844C1E9DDF3,USR_03058,2026-08-04 00:14:24+05:30,ABNORMAL_FEE,fee_inr,568.9,161.96,3.51,IQR_UPPER_FENCE,Platform fee ₹568.90 breaches the asset's IQR upper fence of ₹161.96.
ANO_DAEF771166,TX_F816E9EBDC9D,USR_03209,2026-08-04 01:56:32+05:30,ABNORMAL_FEE,fee_inr,366.2,166.3088,2.2,IQR_UPPER_FENCE,Platform fee ₹366.20 breaches the asset's IQR upper fence of ₹166.31.
ANO_D0A4357B7C,TX_ANO_VEL_14939517,USR_02599,2026-08-04 01:56:46+05:30,VELOCITY_BURST,tx_velocity_60m,5.0,5.0,1.0,TIME_WINDOW_COUNTER,"User executed 5 transactions within a 60-minute window, breaching velocity threshold of 5."
ANO_FCDD57C240,TX_ANO_VEL_8D58ECC2,USR_02599,2026-08-04 02:06:46+05:30,VELOCITY_BURST,tx_velocity_60m,10.0,5.0,2.0,TIME_WINDOW_COUNTER,"User executed 10 transactions within a 60-minute window, breaching velocity threshold of 5."
ANO_02F2FE03D1,TX_76199AD8EB2E,USR_00283,2026-08-04 02:56:53+05:30,ABNORMAL_FEE,fee_inr,272.51,169.26,1.61,IQR_UPPER_FENCE,Platform fee ₹272.51 breaches the asset's IQR upper fence of ₹169.26.
ANO_BC276E41C4,TX_42C0A2F47226,USR_02763,2026-08-04 03:38:37+05:30,ABNORMAL_FEE,fee_inr,290.58,161.96,1.79,IQR_UPPER_FENCE,Platform fee ₹290.58 breaches the asset's IQR upper fence of ₹161.96.
ANO_4C68EB94E0,TX_847B854292CA,USR_00280,2026-08-04 04:30:24+05:30,ABNORMAL_FEE,fee_inr,543.86,161.96,3.36,IQR_UPPER_FENCE,Platform fee ₹543.86 breaches the asset's IQR upper fence of ₹161.96.
ANO_EBD47918BF,TX_0E8D0863F5D5,USR_01470,2026-08-04 06:33:48+05:30,ABNORMAL_FEE,fee_inr,403.15,166.3088,2.42,IQR_UPPER_FENCE,Platform fee ₹403.15 breaches the asset's IQR upper fence of ₹166.31.
ANO_CD226CD5EC,TX_27B95F39E98C,USR_00670,2026-08-04 06:42:34+05:30,ABNORMAL_FEE,fee_inr,526.31,161.96,3.25,IQR_UPPER_FENCE,Platform fee ₹526.31 breaches the asset's IQR upper fence of ₹161.96.
ANO_2543972943,TX_AF478B254A6D,USR_02484,2026-08-04 13:39:50+05:30,ABNORMAL_FEE,fee_inr,599.24,169.26,3.54,IQR_UPPER_FENCE,Platform fee ₹599.24 breaches the asset's IQR upper fence of ₹169.26.
ANO_CF4AB22786,TX_38710E9B015C,USR_05352,2026-08-04 14:28:08+05:30,ABNORMAL_FEE,fee_inr,312.56,166.3088,1.88,IQR_UPPER_FENCE,Platform fee ₹312.56 breaches the asset's IQR upper fence of ₹166.31.
ANO_006B61864F,TX_67BD7040FA98,USR_01968,2026-08-04 15:02:16+05:30,ABNORMAL_FEE,fee_inr,354.71,166.3088,2.13,IQR_UPPER_FENCE,Platform fee ₹354.71 breaches the asset's IQR upper fence of ₹166.31.
ANO_390F86DEA2,TX_166BF08E6DF9,USR_00219,2026-08-04 16:58:12+05:30,ABNORMAL_FEE,fee_inr,389.81,167.3525,2.33,IQR_UPPER_FENCE,Platform fee ₹389.81 breaches the asset's IQR upper fence of ₹167.35.
ANO_AF2B910395,TX_A977AA0A9A3D,USR_03039,2026-08-05 01:50:59+05:30,ABNORMAL_FEE,fee_inr,502.72,161.96,3.1,IQR_UPPER_FENCE,Platform fee ₹502.72 breaches the asset's IQR upper fence of ₹161.96.
ANO_822396DBF9,TX_ANO_FAL_E912B864,USR_04596,2026-08-05 06:20:00+05:30,REPEATED_FAILURES,consecutive_failures,4.0,3.0,1.33,FAILURE_STATE_MACHINE,"User encountered 4 consecutive failed transactions within 30m, indicating potential brute force credential guessing or payment gateway fault."
ANO_14B8962074,TX_E7C30CD54614,USR_02206,2026-08-05 07:06:40+05:30,ABNORMAL_FEE,fee_inr,721.25,166.3088,4.34,IQR_UPPER_FENCE,Platform fee ₹721.25 breaches the asset's IQR upper fence of ₹166.31.
ANO_AA31F71CF4,TX_ANO_FEE_B025977B,USR_03680,2026-08-05 09:11:11+05:30,ABNORMAL_FEE,fee_inr,23304.77,169.26,137.69,IQR_UPPER_FENCE,"Platform fee ₹23,304.77 breaches the asset's IQR upper fence of ₹169.26."
ANO_DD8F9EA3F3,TX_92151FC6B449,USR_02348,2026-08-05 12:39:41+05:30,ABNORMAL_FEE,fee_inr,388.49,165.72,2.34,IQR_UPPER_FENCE,Platform fee ₹388.49 breaches the asset's IQR upper fence of ₹165.72.
ANO_C2D42C199A,TX_3223FC059D16,USR_02659,2026-08-05 21:20:28+05:30,BASELINE_SPIKE,user_baseline_zscore,99261.93,39437.415,3.99,ROLLING_ZSCORE,"Transaction value ₹99,261.93 is 4.0σ above user's rolling historical baseline of ₹39,437.42."
ANO_DE87679A6E,TX_ANO_VEL_98F48F7B,USR_08234,2026-08-05 23:27:07+05:30,VELOCITY_BURST,tx_velocity_60m,5.0,5.0,1.0,TIME_WINDOW_COUNTER,"User executed 5 transactions within a 60-minute window, breaching velocity threshold of 5."
ANO_46EAD7E18C,TX_F70DAE3C3B65,USR_08099,2026-08-06 05:02:21+05:30,ABNORMAL_FEE,fee_inr,568.9,161.96,3.51,IQR_UPPER_FENCE,Platform fee ₹568.90 breaches the asset's IQR upper fence of ₹161.96.
ANO_B2F5C0A41B,TX_776890BD5379,USR_07739,2026-08-06 05:04:21+05:30,ABNORMAL_FEE,fee_inr,294.5,166.3088,1.77,IQR_UPPER_FENCE,Platform fee ₹294.50 breaches the asset's IQR upper fence of ₹166.31.
ANO_27204798FD,TX_E00D65B9053A,USR_02406,2026-08-06 05:51:47+05:30,ABNORMAL_FEE,fee_inr,319.69,169.26,1.89,IQR_UPPER_FENCE,Platform fee ₹319.69 breaches the asset's IQR upper fence of ₹169.26.
ANO_5A363253D6,TX_11F4536D44B0,USR_04964,2026-08-06 07:07:18+05:30,BASELINE_SPIKE,user_baseline_zscore,9715.04,250.0,3.79,ROLLING_ZSCORE,"Transaction value ₹9,715.04 is 3.8σ above user's rolling historical baseline of ₹250.00."
ANO_7C1FA09EBB,TX_F489C0AEB952,USR_06492,2026-08-06 09:07:58+05:30,ABNORMAL_FEE,fee_inr,457.16,169.26,2.7,IQR_UPPER_FENCE,Platform fee ₹457.16 breaches the asset's IQR upper fence of ₹169.26.
ANO_1813347104,TX_41968E2CFD78,USR_06107,2026-08-06 10:48:01+05:30,ABNORMAL_FEE,fee_inr,441.7,169.26,2.61,IQR_UPPER_FENCE,Platform fee ₹441.70 breaches the asset's IQR upper fence of ₹169.26.
ANO_6ED582376B,TX_97496C90126B,USR_01744,2026-08-06 16:06:40+05:30,BASELINE_SPIKE,user_baseline_zscore,92366.57,41718.73,3.38,ROLLING_ZSCORE,"Transaction value ₹92,366.57 is 3.4σ above user's rolling historical baseline of ₹41,718.73."
ANO_9653ED3EB8,TX_A00F66E3DDC6,USR_06458,2026-08-06 16:13:44+05:30,ABNORMAL_FEE,fee_inr,468.46,165.72,2.83,IQR_UPPER_FENCE,Platform fee ₹468.46 breaches the asset's IQR upper fence of ₹165.72.
ANO_B5D51EF213,TX_DF237F5B9CA1,USR_04594,2026-08-06 18:11:39+05:30,ABNORMAL_FEE,fee_inr,471.3,166.3088,2.83,IQR_UPPER_FENCE,Platform fee ₹471.30 breaches the asset's IQR upper fence of ₹166.31.
ANO_147B6CB217,TX_0069865CC4B3,USR_08929,2026-08-06 19:46:56+05:30,ABNORMAL_FEE,fee_inr,374.08,169.26,2.21,IQR_UPPER_FENCE,Platform fee ₹374.08 breaches the asset's IQR upper fence of ₹169.26.
ANO_B5BE8BD945,TX_ANO_FEE_E0455D6B,USR_02055,2026-08-07 02:10:24+05:30,BASELINE_SPIKE,user_baseline_zscore,78573.37,4500.0,29.63,ROLLING_ZSCORE,"Transaction value ₹78,573.37 is 29.6σ above user's rolling historical baseline of ₹4,500.00."
ANO_73AFB47639,TX_3E3CC4A76F3B,USR_05288,2026-08-07 02:19:01+05:30,ABNORMAL_FEE,fee_inr,557.69,165.72,3.37,IQR_UPPER_FENCE,Platform fee ₹557.69 breaches the asset's IQR upper fence of ₹165.72.
ANO_0C9364B101,TX_47D0E21C76B1,USR_03458,2026-08-07 04:57:12+05:30,ABNORMAL_FEE,fee_inr,474.64,165.72,2.86,IQR_UPPER_FENCE,Platform fee ₹474.64 breaches the asset's IQR upper fence of ₹165.72.
ANO_0DD21F234A,TX_C7F9500FF7EA,USR_01934,2026-08-07 10:45:05+05:30,ABNORMAL_FEE,fee_inr,411.77,169.26,2.43,IQR_UPPER_FENCE,Platform fee ₹411.77 breaches the asset's IQR upper fence of ₹169.26.
ANO_72CECD2FB1,TX_697B0874D1D9,USR_04443,2026-08-07 13:10:48+05:30,ABNORMAL_FEE,fee_inr,388.98,161.96,2.4,IQR_UPPER_FENCE,Platform fee ₹388.98 breaches the asset's IQR upper fence of ₹161.96.
ANO_EDF86325A0,TX_BE376B30DAAE,USR_03864,2026-08-07 19:56:44+05:30,ABNORMAL_FEE,fee_inr,668.42,161.96,4.13,IQR_UPPER_FENCE,Platform fee ₹668.42 breaches the asset's IQR upper fence of ₹161.96.
ANO_06FD3BE74A,TX_ANO_VEL_A02B88D2,USR_01933,2026-08-07 21:57:46+05:30,VELOCITY_BURST,tx_velocity_60m,6.0,5.0,1.2,TIME_WINDOW_COUNTER,"User executed 6 transactions within a 60-minute window, breaching velocity threshold of 5."
ANO_FF340F2773,TX_E68169A51356,USR_05385,2026-08-08 00:47:45+05:30,ABNORMAL_FEE,fee_inr,432.63,161.96,2.67,IQR_UPPER_FENCE,Platform fee ₹432.63 breaches the asset's IQR upper fence of ₹161.96.
ANO_4B2F292BC7,TX_8E629672B336,USR_07739,2026-08-08 09:21:40+05:30,ABNORMAL_FEE,fee_inr,475.26,166.3088,2.86,IQR_UPPER_FENCE,Platform fee ₹475.26 breaches the asset's IQR upper fence of ₹166.31.
ANO_8DE5CE1FAC,TX_9F3E5C5FC08A,USR_07481,2026-08-08 10:43:09+05:30,ABNORMAL_FEE,fee_inr,204.94,161.96,1.27,IQR_UPPER_FENCE,Platform fee ₹204.94 breaches the asset's IQR upper fence of ₹161.96.
ANO_E49D46F1E8,TX_E5192A5DF0ED,USR_08383,2026-08-08 13:24:01+05:30,ABNORMAL_FEE,fee_inr,524.78,166.3088,3.16,IQR_UPPER_FENCE,Platform fee ₹524.78 breaches the asset's IQR upper fence of ₹166.31.
ANO_2FB91B5520,TX_462B201EA392,USR_07784,2026-08-08 14:30:27+05:30,ABNORMAL_FEE,fee_inr,585.84,166.3088,3.52,IQR_UPPER_FENCE,Platform fee ₹585.84 breaches the asset's IQR upper fence of ₹166.31.
ANO_4D69F5BBC5,TX_ANO_VEL_27D65AC6,USR_04593,2026-08-09 02:31:16+05:30,VELOCITY_BURST,tx_velocity_60m,5.0,5.0,1.0,TIME_WINDOW_COUNTER,"User executed 5 transactions within a 60-minute window, breaching velocity threshold of 5."
ANO_0A0E1ECB0A,TX_4BA4E134BE31,USR_06035,2026-08-09 03:50:40+05:30,ABNORMAL_FEE,fee_inr,439.88,166.3088,2.64,IQR_UPPER_FENCE,Platform fee ₹439.88 breaches the asset's IQR upper fence of ₹166.31.
ANO_B65FD8CC36,TX_D159E34C8E63,USR_07522,2026-08-09 04:01:05+05:30,ABNORMAL_FEE,fee_inr,290.88,169.26,1.72,IQR_UPPER_FENCE,Platform fee ₹290.88 breaches the asset's IQR upper fence of ₹169.26.
ANO_14A77D08CC,TX_DF0B7721CA3B,USR_06765,2026-08-09 05:04:59+05:30,ABNORMAL_FEE,fee_inr,316.89,161.96,1.96,IQR_UPPER_FENCE,Platform fee ₹316.89 breaches the asset's IQR upper fence of ₹161.96.
ANO_3075DED627,TX_CF7358F1E7F4,USR_00437,2026-08-09 06:02:43+05:30,ABNORMAL_FEE,fee_inr,367.76,161.96,2.27,IQR_UPPER_FENCE,Platform fee ₹367.76 breaches the asset's IQR upper fence of ₹161.96.
ANO_1D27E378AD,TX_D9F1614F02F4,USR_08096,2026-08-09 06:27:30+05:30,ABNORMAL_FEE,fee_inr,432.72,165.72,2.61,IQR_UPPER_FENCE,Platform fee ₹432.72 breaches the asset's IQR upper fence of ₹165.72.
ANO_9CC43E8073,TX_0200D0671284,USR_08302,2026-08-09 08:25:44+05:30,ABNORMAL_FEE,fee_inr,311.03,161.96,1.92,IQR_UPPER_FENCE,Platform fee ₹311.03 breaches the asset's IQR upper fence of ₹161.96.
ANO_DC1D030FEB,TX_A5E8A9ADE4AD,USR_09801,2026-08-09 08:47:43+05:30,ABNORMAL_FEE,fee_inr,295.09,161.96,1.82,IQR_UPPER_FENCE,Platform fee ₹295.09 breaches the asset's IQR upper fence of ₹161.96.
ANO_B551407DC8,TX_70D19FA7E61C,USR_08909,2026-08-09 09:14:25+05:30,BASELINE_SPIKE,user_baseline_zscore,92276.38,45565.1456,3.11,ROLLING_ZSCORE,"Transaction value ₹92,276.38 is 3.1σ above user's rolling historical baseline of ₹45,565.15."
ANO_EB168DA5B5,TX_ANO_VEL_2EC76A1F,USR_02695,2026-08-09 12:04:55+05:30,VELOCITY_BURST,tx_velocity_60m,7.0,5.0,1.4,TIME_WINDOW_COUNTER,"User executed 7 transactions within a 60-minute window, breaching velocity threshold of 5."
ANO_DB532E782C,TX_ANO_VEL_463724EF,USR_02695,2026-08-09 12:06:55+05:30,VELOCITY_BURST,tx_velocity_60m,8.0,5.0,1.6,TIME_WINDOW_COUNTER,"User executed 8 transactions within a 60-minute window, breaching velocity threshold of 5."
ANO_BF2863ED4F,TX_ANO_VEL_67F1A89B,USR_02695,2026-08-09 12:10:55+05:30,VELOCITY_BURST,tx_velocity_60m,10.0,5.0,2.0,TIME_WINDOW_COUNTER,"User executed 10 transactions within a 60-minute window, breaching velocity threshold of 5."
ANO_1984C56979,TX_1BD95AB80736,USR_04727,2026-08-09 12:49:27+05:30,ABNORMAL_FEE,fee_inr,430.11,165.72,2.6,IQR_UPPER_FENCE,Platform fee ₹430.11 breaches the asset's IQR upper fence of ₹165.72.
ANO_ED179732D8,TX_165C50508D2B,USR_00271,2026-08-09 18:11:48+05:30,ABNORMAL_FEE,fee_inr,461.54,166.3088,2.78,IQR_UPPER_FENCE,Platform fee ₹461.54 breaches the asset's IQR upper fence of ₹166.31.
ANO_694C1F445C,TX_BCD9E334D21A,USR_07172,2026-08-09 19:01:21+05:30,ABNORMAL_FEE,fee_inr,415.45,166.3088,2.5,IQR_UPPER_FENCE,Platform fee ₹415.45 breaches the asset's IQR upper fence of ₹166.31.
ANO_FA0B0341E9,TX_0F875EB6AC41,USR_03240,2026-08-09 19:45:37+05:30,ABNORMAL_FEE,fee_inr,384.04,161.96,2.37,IQR_UPPER_FENCE,Platform fee ₹384.04 breaches the asset's IQR upper fence of ₹161.96.
ANO_F2404A67BF,TX_532F0BFF1275,USR_08333,2026-08-10 01:10:21+05:30,ABNORMAL_FEE,fee_inr,418.85,165.72,2.53,IQR_UPPER_FENCE,Platform fee ₹418.85 breaches the asset's IQR upper fence of ₹165.72.
ANO_4EAED06860,TX_ANO_VEL_53238C84,USR_07683,2026-08-10 01:44:09+05:30,VELOCITY_BURST,tx_velocity_60m,6.0,5.0,1.2,TIME_WINDOW_COUNTER,"User executed 6 transactions within a 60-minute window, breaching velocity threshold of 5."
ANO_50826F0233,TX_00EFFCCEBC73,USR_01132,2026-08-10 05:30:31+05:30,ABNORMAL_FEE,fee_inr,501.68,169.26,2.96,IQR_UPPER_FENCE,Platform fee ₹501.68 breaches the asset's IQR upper fence of ₹169.26.
ANO_05C8AB0985,TX_6CA269ECD48E,USR_05040,2026-08-10 05:36:57+05:30,ABNORMAL_FEE,fee_inr,658.17,169.26,3.89,IQR_UPPER_FENCE,Platform fee ₹658.17 breaches the asset's IQR upper fence of ₹169.26.
ANO_6089D7D0E4,TX_1D8CA9411699,USR_03836,2026-08-10 05:55:56+05:30,ABNORMAL_FEE,fee_inr,257.66,165.72,1.55,IQR_UPPER_FENCE,Platform fee ₹257.66 breaches the asset's IQR upper fence of ₹165.72.
ANO_950004554A,TX_B4991AAF9062,USR_01755,2026-08-10 07:09:47+05:30,ABNORMAL_FEE,fee_inr,184.12,166.3088,1.11,IQR_UPPER_FENCE,Platform fee ₹184.12 breaches the asset's IQR upper fence of ₹166.31.
ANO_EBA9D1B0AB,TX_0B4C217D2A5C,USR_06107,2026-08-10 07:38:19+05:30,ABNORMAL_FEE,fee_inr,325.16,161.96,2.01,IQR_UPPER_FENCE,Platform fee ₹325.16 breaches the asset's IQR upper fence of ₹161.96.
ANO_02256535C3,TX_85CE95CBF420,USR_05513,2026-08-10 08:55:55+05:30,ABNORMAL_FEE,fee_inr,172.7,166.3088,1.04,IQR_UPPER_FENCE,Platform fee ₹172.70 breaches the asset's IQR upper fence of ₹166.31.
ANO_061821718C,TX_F3DAA490A47D,USR_03714,2026-08-10 08:56:28+05:30,ABNORMAL_FEE,fee_inr,381.23,169.26,2.25,IQR_UPPER_FENCE,Platform fee ₹381.23 breaches the asset's IQR upper fence of ₹169.26.
ANO_9A7A8A76E2,TX_3FFB3F2B3121,USR_00170,2026-08-10 09:06:34+05:30,ABNORMAL_FEE,fee_inr,293.26,166.3088,1.76,IQR_UPPER_FENCE,Platform fee ₹293.26 breaches the asset's IQR upper fence of ₹166.31.
ANO_E1CF188640,TX_ANO_VEL_46ED720F,USR_00413,2026-08-10 11:40:52+05:30,VELOCITY_BURST,tx_velocity_60m,7.0,5.0,1.4,TIME_WINDOW_COUNTER,"User executed 7 transactions within a 60-minute window, breaching velocity threshold of 5."
ANO_FA5501C5CA,TX_ANO_VEL_DF4F263E,USR_00413,2026-08-10 11:42:52+05:30,VELOCITY_BURST,tx_velocity_60m,8.0,5.0,1.6,TIME_WINDOW_COUNTER,"User executed 8 transactions within a 60-minute window, breaching velocity threshold of 5."
ANO_CE4547156B,TX_63F645C57CF3,USR_06019,2026-08-10 14:50:07+05:30,ABNORMAL_FEE,fee_inr,434.93,161.96,2.69,IQR_UPPER_FENCE,Platform fee ₹434.93 breaches the asset's IQR upper fence of ₹161.96.
ANO_4175C9D2A6,TX_33C93E5BFDE8,USR_09005,2026-08-10 15:56:35+05:30,ABNORMAL_FEE,fee_inr,437.88,166.3088,2.63,IQR_UPPER_FENCE,Platform fee ₹437.88 breaches the asset's IQR upper fence of ₹166.31.
ANO_CADB3AA191,TX_0A41613CC242,USR_06285,2026-08-10 18:46:59+05:30,ABNORMAL_FEE,fee_inr,555.84,165.72,3.35,IQR_UPPER_FENCE,Platform fee ₹555.84 breaches the asset's IQR upper fence of ₹165.72.
ANO_953502860F,TX_8C9952E57BC0,USR_07370,2026-08-10 20:03:20+05:30,ABNORMAL_FEE,fee_inr,577.84,167.3525,3.45,IQR_UPPER_FENCE,Platform fee ₹577.84 breaches the asset's IQR upper fence of ₹167.35.
ANO_815B9AFBBC,TX_D31877FCFBB5,USR_07472,2026-08-10 20:35:56+05:30,ABNORMAL_FEE,fee_inr,435.59,166.3088,2.62,IQR_UPPER_FENCE,Platform fee ₹435.59 breaches the asset's IQR upper fence of ₹166.31.
ANO_6F6C40BD3D,TX_9BDC005BC5B9,USR_04345,2026-08-10 21:11:19+05:30,ABNORMAL_FEE,fee_inr,527.73,161.96,3.26,IQR_UPPER_FENCE,Platform fee ₹527.73 breaches the asset's IQR upper fence of ₹161.96.
ANO_43B6926210,TX_ANO_SPK_61243D67,USR_00436,2026-08-10 22:01:13+05:30,BASELINE_SPIKE,user_baseline_zscore,37449.61,5166.4367,12.91,ROLLING_ZSCORE,"Transaction value ₹37,449.61 is 12.9σ above user's rolling historical baseline of ₹5,166.44."
ANO_4EDCB733EC,TX_4EF234068E65,USR_09529,2026-08-11 02:09:34+05:30,BASELINE_SPIKE,user_baseline_zscore,83406.84,36762.6933,3.11,ROLLING_ZSCORE,"Transaction value ₹83,406.84 is 3.1σ above user's rolling historical baseline of ₹36,762.69."
ANO_0DC701FC04,TX_12F2595642A1,USR_08383,2026-08-11 03:24:42+05:30,ABNORMAL_FEE,fee_inr,573.09,164.06,3.49,IQR_UPPER_FENCE,Platform fee ₹573.09 breaches the asset's IQR upper fence of ₹164.06.
ANO_3B941B9773,TX_DC0D85FC1EDB,USR_04610,2026-08-11 07:36:25+05:30,ABNORMAL_FEE,fee_inr,309.09,166.3088,1.86,IQR_UPPER_FENCE,Platform fee ₹309.09 breaches the asset's IQR upper fence of ₹166.31.
ANO_A238BD4B4A,TX_963A728679BB,USR_07517,2026-08-11 08:56:38+05:30,ABNORMAL_FEE,fee_inr,357.68,165.72,2.16,IQR_UPPER_FENCE,Platform fee ₹357.68 breaches the asset's IQR upper fence of ₹165.72.
ANO_D82A24058D,TX_5824FD871B49,USR_07613,2026-08-11 14:18:30+05:30,ABNORMAL_FEE,fee_inr,400.35,166.3088,2.41,IQR_UPPER_FENCE,Platform fee ₹400.35 breaches the asset's IQR upper fence of ₹166.31.
ANO_6896BAB68C,TX_8CCC9622B4A5,USR_04829,2026-08-11 18:43:13+05:30,ABNORMAL_FEE,fee_inr,372.14,169.26,2.2,IQR_UPPER_FENCE,Platform fee ₹372.14 breaches the asset's IQR upper fence of ₹169.26.
ANO_45EEDD16E2,TX_507F26C95BED,USR_08982,2026-08-11 20:08:55+05:30,ABNORMAL_FEE,fee_inr,355.77,169.26,2.1,IQR_UPPER_FENCE,Platform fee ₹355.77 breaches the asset's IQR upper fence of ₹169.26.
ANO_9F22A8C1F2,TX_8ED3E008D272,USR_09042,2026-08-11 20:48:02+05:30,BASELINE_SPIKE,user_baseline_zscore,90596.09,42793.1795,3.19,ROLLING_ZSCORE,"Transaction value ₹90,596.09 is 3.2σ above user's rolling historical baseline of ₹42,793.18."
ANO_99C34F9119,TX_16B0FEBC196C,USR_05881,2026-08-11 23:18:59+05:30,ABNORMAL_FEE,fee_inr,360.81,169.26,2.13,IQR_UPPER_FENCE,Platform fee ₹360.81 breaches the asset's IQR upper fence of ₹169.26.
ANO_0415E90E9B,TX_ANO_WTH_257B770E,USR_07326,2026-08-11 23:36:12+05:30,BASELINE_SPIKE,user_baseline_zscore,208476.48,71403.29,54.83,ROLLING_ZSCORE,"Transaction value ₹208,476.48 is 54.8σ above user's rolling historical baseline of ₹71,403.29."
ANO_F334614EAB,TX_D6113E0331D5,USR_07332,2026-08-12 00:12:20+05:30,ABNORMAL_FEE,fee_inr,287.85,166.3088,1.73,IQR_UPPER_FENCE,Platform fee ₹287.85 breaches the asset's IQR upper fence of ₹166.31.
ANO_07F39AC98A,TX_47FD5B60006B,USR_03736,2026-08-12 02:01:21+05:30,ABNORMAL_FEE,fee_inr,531.9,169.26,3.14,IQR_UPPER_FENCE,Platform fee ₹531.90 breaches the asset's IQR upper fence of ₹169.26.
ANO_CA975F51F3,TX_E4A712A96368,USR_08326,2026-08-12 02:04:58+05:30,ABNORMAL_FEE,fee_inr,425.42,166.3088,2.56,IQR_UPPER_FENCE,Platform fee ₹425.42 breaches the asset's IQR upper fence of ₹166.31.
ANO_0F83AFE5AB,TX_ANO_SPK_160DECE1,USR_02069,2026-08-12 03:24:33+05:30,BASELINE_SPIKE,user_baseline_zscore,49294.5,4500.0,17.92,ROLLING_ZSCORE,"Transaction value ₹49,294.50 is 17.9σ above user's rolling historical baseline of ₹4,500.00."
ANO_E8321936B2,TX_6910A0D90CFD,USR_03123,2026-08-12 04:14:21+05:30,ABNORMAL_FEE,fee_inr,534.16,169.26,3.16,IQR_UPPER_FENCE,Platform fee ₹534.16 breaches the asset's IQR upper fence of ₹169.26.
ANO_6CC32BB8C4,TX_931F409357F2,USR_06505,2026-08-12 04:16:09+05:30,ABNORMAL_FEE,fee_inr,216.8,169.26,1.28,IQR_UPPER_FENCE,Platform fee ₹216.80 breaches the asset's IQR upper fence of ₹169.26.
ANO_AC99CA19FD,TX_5739D5B79EAA,USR_00041,2026-08-12 04:28:49+05:30,ABNORMAL_FEE,fee_inr,412.97,169.26,2.44,IQR_UPPER_FENCE,Platform fee ₹412.97 breaches the asset's IQR upper fence of ₹169.26.
ANO_7BA5FE5F95,TX_EC8E6C96846A,USR_06482,2026-08-12 11:09:56+05:30,ABNORMAL_FEE,fee_inr,413.75,161.96,2.55,IQR_UPPER_FENCE,Platform fee ₹413.75 breaches the asset's IQR upper fence of ₹161.96.
ANO_AC3C1BE776,TX_CCDF56A18D4B,USR_03502,2026-08-12 14:11:06+05:30,ABNORMAL_FEE,fee_inr,296.8,166.3088,1.78,IQR_UPPER_FENCE,Platform fee ₹296.80 breaches the asset's IQR upper fence of ₹166.31.
ANO_4D4FA9807C,TX_AC6F787E9C0D,USR_01162,2026-08-12 16:26:05+05:30,ABNORMAL_FEE,fee_inr,446.28,166.3088,2.68,IQR_UPPER_FENCE,Platform fee ₹446.28 breaches the asset's IQR upper fence of ₹166.31.
ANO_E3E3BA2B72,TX_93ADEFA39536,USR_03039,2026-08-12 19:39:21+05:30,ABNORMAL_FEE,fee_inr,181.84,161.96,1.12,IQR_UPPER_FENCE,Platform fee ₹181.84 breaches the asset's IQR upper fence of ₹161.96.
ANO_D473247DD9,TX_BCCB15ABFEEA,USR_08302,2026-08-12 20:04:27+05:30,ABNORMAL_FEE,fee_inr,382.82,166.3088,2.3,IQR_UPPER_FENCE,Platform fee ₹382.82 breaches the asset's IQR upper fence of ₹166.31.
ANO_AE3317600C,TX_15FF0661EEBC,USR_06334,2026-08-12 20:38:40+05:30,ABNORMAL_FEE,fee_inr,224.2,165.72,1.35,IQR_UPPER_FENCE,Platform fee ₹224.20 breaches the asset's IQR upper fence of ₹165.72.
ANO_BCB124F75D,TX_4EBBAE7ABAEF,USR_00136,2026-08-13 02:32:20+05:30,BASELINE_SPIKE,user_baseline_zscore,83776.87,38604.3554,3.01,ROLLING_ZSCORE,"Transaction value ₹83,776.87 is 3.0σ above user's rolling historical baseline of ₹38,604.36."
ANO_C70BEEBEFE,TX_28D39C26F287,USR_04395,2026-08-13 04:44:53+05:30,ABNORMAL_FEE,fee_inr,319.13,166.3088,1.92,IQR_UPPER_FENCE,Platform fee ₹319.13 breaches the asset's IQR upper fence of ₹166.31.
ANO_26D67AF393,TX_ANO_VEL_21C55947,USR_02913,2026-08-13 04:58:43+05:30,VELOCITY_BURST,tx_velocity_60m,11.0,5.0,2.2,TIME_WINDOW_COUNTER,"User executed 11 transactions within a 60-minute window, breaching velocity threshold of 5."
ANO_41AFB1CA2A,TX_B8D47155F198,USR_02542,2026-08-13 08:02:28+05:30,ABNORMAL_FEE,fee_inr,422.44,165.72,2.55,IQR_UPPER_FENCE,Platform fee ₹422.44 breaches the asset's IQR upper fence of ₹165.72.
ANO_FABB9FEC2D,TX_ANO_FAL_9A559D60,USR_05879,2026-08-13 08:03:40+05:30,REPEATED_FAILURES,consecutive_failures,3.0,3.0,1.0,FAILURE_STATE_MACHINE,"User encountered 3 consecutive failed transactions within 30m, indicating potential brute force credential guessing or payment gateway fault."
ANO_71E6EA0CCC,TX_0B51E3145B82,USR_08444,2026-08-13 10:21:49+05:30,ABNORMAL_FEE,fee_inr,311.92,164.06,1.9,IQR_UPPER_FENCE,Platform fee ₹311.92 breaches the asset's IQR upper fence of ₹164.06.
ANO_3FAF413540,TX_66F6D828B385,USR_01297,2026-08-13 16:28:52+05:30,ABNORMAL_FEE,fee_inr,269.47,166.3088,1.62,IQR_UPPER_FENCE,Platform fee ₹269.47 breaches the asset's IQR upper fence of ₹166.31.
ANO_8C4E5E0ECB,TX_E05F4B3627BA,USR_02186,2026-08-13 17:08:19+05:30,ABNORMAL_FEE,fee_inr,319.42,169.26,1.89,IQR_UPPER_FENCE,Platform fee ₹319.42 breaches the asset's IQR upper fence of ₹169.26.
ANO_A9195F3BDB,TX_D696B34696B3,USR_06202,2026-08-13 17:13:17+05:30,ABNORMAL_FEE,fee_inr,537.83,166.3088,3.23,IQR_UPPER_FENCE,Platform fee ₹537.83 breaches the asset's IQR upper fence of ₹166.31.
ANO_3CD19CFB35,TX_40FC393813A9,USR_05203,2026-08-13 19:11:39+05:30,ABNORMAL_FEE,fee_inr,255.96,161.96,1.58,IQR_UPPER_FENCE,Platform fee ₹255.96 breaches the asset's IQR upper fence of ₹161.96.
ANO_7EF3BD4625,TX_D07E61A82C46,USR_04536,2026-08-13 19:44:50+05:30,ABNORMAL_FEE,fee_inr,552.67,165.72,3.33,IQR_UPPER_FENCE,Platform fee ₹552.67 breaches the asset's IQR upper fence of ₹165.72.
ANO_FEA0755147,TX_ANO_VEL_E9539EDB,USR_09923,2026-08-13 19:50:38+05:30,VELOCITY_BURST,tx_velocity_60m,10.0,5.0,2.0,TIME_WINDOW_COUNTER,"User executed 10 transactions within a 60-minute window, breaching velocity threshold of 5."
ANO_FE520E0D13,TX_732D33183D65,USR_06202,2026-08-13 20:16:31+05:30,ABNORMAL_FEE,fee_inr,371.88,169.26,2.2,IQR_UPPER_FENCE,Platform fee ₹371.88 breaches the asset's IQR upper fence of ₹169.26.
ANO_A0F9292F45,TX_43A4D47C54C8,USR_02725,2026-08-13 20:55:52+05:30,ABNORMAL_FEE,fee_inr,391.08,166.3088,2.35,IQR_UPPER_FENCE,Platform fee ₹391.08 breaches the asset's IQR upper fence of ₹166.31.
ANO_E0FAEDD1C5,TX_DA4CFD46FD7E,USR_07470,2026-08-14 00:24:58+05:30,ABNORMAL_FEE,fee_inr,438.83,161.96,2.71,IQR_UPPER_FENCE,Platform fee ₹438.83 breaches the asset's IQR upper fence of ₹161.96.
ANO_56C6B4FDF5,TX_C20C0BC5ACDC,USR_08326,2026-08-14 00:47:13+05:30,ABNORMAL_FEE,fee_inr,347.72,161.96,2.15,IQR_UPPER_FENCE,Platform fee ₹347.72 breaches the asset's IQR upper fence of ₹161.96.
ANO_30EF411D66,TX_ANO_VEL_52CE3569,USR_08782,2026-08-14 00:52:37+05:30,VELOCITY_BURST,tx_velocity_60m,5.0,5.0,1.0,TIME_WINDOW_COUNTER,"User executed 5 transactions within a 60-minute window, breaching velocity threshold of 5."
ANO_320B3E2E8E,TX_DA682FC493C9,USR_01358,2026-08-14 01:17:00+05:30,ABNORMAL_FEE,fee_inr,536.16,166.3088,3.22,IQR_UPPER_FENCE,Platform fee ₹536.16 breaches the asset's IQR upper fence of ₹166.31.
ANO_0F1131C51F,TX_06791E6CB2F3,USR_08579,2026-08-14 02:42:01+05:30,ABNORMAL_FEE,fee_inr,309.88,161.96,1.91,IQR_UPPER_FENCE,Platform fee ₹309.88 breaches the asset's IQR upper fence of ₹161.96.
ANO_48247222E0,TX_BF66C7E84804,USR_03830,2026-08-14 03:20:59+05:30,ABNORMAL_FEE,fee_inr,515.43,161.96,3.18,IQR_UPPER_FENCE,Platform fee ₹515.43 breaches the asset's IQR upper fence of ₹161.96.
ANO_CECFF59CAE,TX_8D7066605C61,USR_07336,2026-08-14 09:59:10+05:30,ABNORMAL_FEE,fee_inr,461.62,161.96,2.85,IQR_UPPER_FENCE,Platform fee ₹461.62 breaches the asset's IQR upper fence of ₹161.96.
ANO_58E9ED0DC7,TX_475E1D78FE16,USR_07585,2026-08-14 17:36:48+05:30,ABNORMAL_FEE,fee_inr,308.04,169.26,1.82,IQR_UPPER_FENCE,Platform fee ₹308.04 breaches the asset's IQR upper fence of ₹169.26.
ANO_5937498A74,TX_DF9E02470C4A,USR_03736,2026-08-14 19:01:54+05:30,ABNORMAL_FEE,fee_inr,532.28,169.26,3.14,IQR_UPPER_FENCE,Platform fee ₹532.28 breaches the asset's IQR upper fence of ₹169.26.
ANO_A8FFFA0AC1,TX_ANO_FAL_6F32A3CE,USR_06787,2026-08-14 21:31:33+05:30,REPEATED_FAILURES,consecutive_failures,3.0,3.0,1.0,FAILURE_STATE_MACHINE,"User encountered 3 consecutive failed transactions within 30m, indicating potential brute force credential guessing or payment gateway fault."
ANO_A241CCE15C,TX_ANO_FAL_A13BB500,USR_06787,2026-08-14 21:37:33+05:30,REPEATED_FAILURES,consecutive_failures,5.0,3.0,1.67,FAILURE_STATE_MACHINE,"User encountered 5 consecutive failed transactions within 30m, indicating potential brute force credential guessing or payment gateway fault."
ANO_99EFB1F920,TX_8C920F363DE3,USR_04132,2026-08-15 00:10:19+05:30,BASELINE_SPIKE,user_baseline_zscore,9486.93,1735.77,3.1,ROLLING_ZSCORE,"Transaction value ₹9,486.93 is 3.1σ above user's rolling historical baseline of ₹1,735.77."
ANO_D85D953AC6,TX_13B52BC51BEF,USR_07561,2026-08-15 01:48:05+05:30,ABNORMAL_FEE,fee_inr,485.82,167.3525,2.9,IQR_UPPER_FENCE,Platform fee ₹485.82 breaches the asset's IQR upper fence of ₹167.35.
ANO_2AB29F722A,TX_ANO_FAL_03936957,USR_09319,2026-08-15 10:01:47+05:30,REPEATED_FAILURES,consecutive_failures,5.0,3.0,1.67,FAILURE_STATE_MACHINE,"User encountered 5 consecutive failed transactions within 30m, indicating potential brute force credential guessing or payment gateway fault."
ANO_55E501133A,TX_4D1DD660A385,USR_06691,2026-08-15 11:59:42+05:30,ABNORMAL_FEE,fee_inr,505.53,165.72,3.05,IQR_UPPER_FENCE,Platform fee ₹505.53 breaches the asset's IQR upper fence of ₹165.72.
ANO_46FFF19D0E,TX_64069B2369DF,USR_00017,2026-08-15 12:37:21+05:30,ABNORMAL_FEE,fee_inr,305.61,165.72,1.84,IQR_UPPER_FENCE,Platform fee ₹305.61 breaches the asset's IQR upper fence of ₹165.72.
ANO_DD9A1886A4,TX_017AE429F86C,USR_07652,2026-08-15 17:26:24+05:30,ABNORMAL_FEE,fee_inr,426.81,169.26,2.52,IQR_UPPER_FENCE,Platform fee ₹426.81 breaches the asset's IQR upper fence of ₹169.26.
ANO_555764C92F,TX_ANO_SPK_2F58C1FB,USR_02335,2026-08-15 18:16:31+05:30,BASELINE_SPIKE,user_baseline_zscore,53668.73,4500.0,19.67,ROLLING_ZSCORE,"Transaction value ₹53,668.73 is 19.7σ above user's rolling historical baseline of ₹4,500.00."
ANO_52EF108C89,TX_91EA50F19D8D,USR_03486,2026-08-15 18:57:26+05:30,BASELINE_SPIKE,user_baseline_zscore,11703.99,4003.1367,3.08,ROLLING_ZSCORE,"Transaction value ₹11,703.99 is 3.1σ above user's rolling historical baseline of ₹4,003.14."
ANO_0173CBBF03,TX_A2AA3D6A8EB4,USR_03736,2026-08-15 19:56:25+05:30,ABNORMAL_FEE,fee_inr,175.64,161.96,1.08,IQR_UPPER_FENCE,Platform fee ₹175.64 breaches the asset's IQR upper fence of ₹161.96.
ANO_4A87129A71,TX_BADED3581EA3,USR_06334,2026-08-15 20:58:25+05:30,ABNORMAL_FEE,fee_inr,382.86,169.26,2.26,IQR_UPPER_FENCE,Platform fee ₹382.86 breaches the asset's IQR upper fence of ₹169.26.
ANO_511AFC2D22,TX_23D3E8110EA0,USR_00933,2026-08-15 22:03:47+05:30,ABNORMAL_FEE,fee_inr,403.71,161.96,2.49,IQR_UPPER_FENCE,Platform fee ₹403.71 breaches the asset's IQR upper fence of ₹161.96.
ANO_E8DD16F891,TX_0D0F1E03E9EF,USR_02742,2026-08-15 23:08:23+05:30,ABNORMAL_FEE,fee_inr,480.82,165.72,2.9,IQR_UPPER_FENCE,Platform fee ₹480.82 breaches the asset's IQR upper fence of ₹165.72.
ANO_54E6ED60D1,TX_946B74756E81,USR_05405,2026-08-16 00:40:45+05:30,ABNORMAL_FEE,fee_inr,429.81,161.96,2.65,IQR_UPPER_FENCE,Platform fee ₹429.81 breaches the asset's IQR upper fence of ₹161.96.
ANO_2E5A8419AC,TX_3C897421984E,USR_04073,2026-08-16 01:51:42+05:30,BASELINE_SPIKE,user_baseline_zscore,9158.79,1105.77,3.22,ROLLING_ZSCORE,"Transaction value ₹9,158.79 is 3.2σ above user's rolling historical baseline of ₹1,105.77."
ANO_1BBD262B70,TX_A0886AC10681,USR_02325,2026-08-16 03:58:18+05:30,ABNORMAL_FEE,fee_inr,274.7,161.96,1.7,IQR_UPPER_FENCE,Platform fee ₹274.70 breaches the asset's IQR upper fence of ₹161.96.
ANO_BB41699A36,TX_87E96B30AB08,USR_01426,2026-08-16 04:14:39+05:30,BASELINE_SPIKE,user_baseline_zscore,10391.47,2854.14,3.01,ROLLING_ZSCORE,"Transaction value ₹10,391.47 is 3.0σ above user's rolling historical baseline of ₹2,854.14."
ANO_38107D2C52,TX_C36FC2398D20,USR_05996,2026-08-16 07:19:35+05:30,ABNORMAL_FEE,fee_inr,207.4,165.72,1.25,IQR_UPPER_FENCE,Platform fee ₹207.40 breaches the asset's IQR upper fence of ₹165.72.
ANO_41D59C7F8B,TX_E29573CE85F6,USR_09199,2026-08-16 12:27:15+05:30,ABNORMAL_FEE,fee_inr,476.14,169.26,2.81,IQR_UPPER_FENCE,Platform fee ₹476.14 breaches the asset's IQR upper fence of ₹169.26.
ANO_F07307A213,TX_CBFEAEEFA3C1,USR_09503,2026-08-16 13:03:07+05:30,ABNORMAL_FEE,fee_inr,493.37,165.72,2.98,IQR_UPPER_FENCE,Platform fee ₹493.37 breaches the asset's IQR upper fence of ₹165.72.
ANO_E53336EC4B,TX_ANO_FAL_76D73BCA,USR_07911,2026-08-16 14:19:00+05:30,VELOCITY_BURST,tx_velocity_60m,5.0,5.0,1.0,TIME_WINDOW_COUNTER,"User executed 5 transactions within a 60-minute window, breaching velocity threshold of 5."
ANO_0C355CA5AD,TX_FCB076ABC94C,USR_08520,2026-08-16 15:44:04+05:30,ABNORMAL_FEE,fee_inr,460.16,166.3088,2.77,IQR_UPPER_FENCE,Platform fee ₹460.16 breaches the asset's IQR upper fence of ₹166.31.
ANO_A11A7BD8CE,TX_BDBAD47D24BD,USR_04667,2026-08-16 20:43:12+05:30,ABNORMAL_FEE,fee_inr,300.6,169.26,1.78,IQR_UPPER_FENCE,Platform fee ₹300.60 breaches the asset's IQR upper fence of ₹169.26.
ANO_2BE5BF8B22,TX_ANO_FAL_05E393DE,USR_09074,2026-08-17 02:53:53+05:30,REPEATED_FAILURES,consecutive_failures,6.0,3.0,2.0,FAILURE_STATE_MACHINE,"User encountered 6 consecutive failed transactions within 30m, indicating potential brute force credential guessing or payment gateway fault."
ANO_40A03FAE3B,TX_ANO_FAL_A57CAE01,USR_05813,2026-08-17 04:00:33+05:30,VELOCITY_BURST,tx_velocity_60m,5.0,5.0,1.0,TIME_WINDOW_COUNTER,"User executed 5 transactions within a 60-minute window, breaching velocity threshold of 5."
ANO_BCA86FBE81,TX_DC01FABFC7F6,USR_07905,2026-08-17 09:30:33+05:30,ABNORMAL_FEE,fee_inr,499.23,167.3525,2.98,IQR_UPPER_FENCE,Platform fee ₹499.23 breaches the asset's IQR upper fence of ₹167.35.
ANO_E1CA8E6A56,TX_ANO_WTH_6F239222,USR_07388,2026-08-17 12:16:31+05:30,RAPID_PASS_THROUGH,pass_through_minutes,4.0,15.0,3.75,STATE_TRANSITION_TIMING,"Rapid pass-through: Withdrawal of ₹243,595.31 requested just 4.0m after fiat deposit of ₹243,595.31 with zero trading activity."
ANO_0967E2A5E5,TX_7CA75D4770A4,USR_03098,2026-08-17 12:33:37+05:30,BASELINE_SPIKE,user_baseline_zscore,10372.77,2244.42,3.25,ROLLING_ZSCORE,"Transaction value ₹10,372.77 is 3.3σ above user's rolling historical baseline of ₹2,244.42."
ANO_0746EB86DF,TX_0E30CE9448A9,USR_02254,2026-08-17 14:01:12+05:30,ABNORMAL_FEE,fee_inr,444.6,161.96,2.75,IQR_UPPER_FENCE,Platform fee ₹444.60 breaches the asset's IQR upper fence of ₹161.96.
ANO_C91948B06A,TX_9A86C6BB9D62,USR_05203,2026-08-17 15:46:18+05:30,ABNORMAL_FEE,fee_inr,352.03,166.3088,2.12,IQR_UPPER_FENCE,Platform fee ₹352.03 breaches the asset's IQR upper fence of ₹166.31.
ANO_781BC214AE,TX_01F17F40CB79,USR_09270,2026-08-17 16:17:10+05:30,ABNORMAL_FEE,fee_inr,420.43,169.26,2.48,IQR_UPPER_FENCE,Platform fee ₹420.43 breaches the asset's IQR upper fence of ₹169.26.
ANO_DD77BC5908,TX_9411DCC8D8C3,USR_00136,2026-08-17 17:03:32+05:30,BASELINE_SPIKE,user_baseline_zscore,87136.02,41980.2241,3.01,ROLLING_ZSCORE,"Transaction value ₹87,136.02 is 3.0σ above user's rolling historical baseline of ₹41,980.22."
ANO_C78A9C4180,TX_4402A1B81A45,USR_06458,2026-08-17 17:40:50+05:30,ABNORMAL_FEE,fee_inr,390.49,164.06,2.38,IQR_UPPER_FENCE,Platform fee ₹390.49 breaches the asset's IQR upper fence of ₹164.06.
ANO_A2C514F031,TX_954C4C6099C4,USR_03736,2026-08-17 19:54:20+05:30,ABNORMAL_FEE,fee_inr,315.48,169.26,1.86,IQR_UPPER_FENCE,Platform fee ₹315.48 breaches the asset's IQR upper fence of ₹169.26.
ANO_D47C96BDE0,TX_F7D9027EF951,USR_08302,2026-08-17 22:45:30+05:30,ABNORMAL_FEE,fee_inr,403.77,166.3088,2.43,IQR_UPPER_FENCE,Platform fee ₹403.77 breaches the asset's IQR upper fence of ₹166.31.
ANO_865DFECC84,TX_D2EF707DE7B4,USR_03411,2026-08-17 23:18:37+05:30,ABNORMAL_FEE,fee_inr,406.67,165.72,2.45,IQR_UPPER_FENCE,Platform fee ₹406.67 breaches the asset's IQR upper fence of ₹165.72.
ANO_4E0E4336D3,TX_920444048F17,USR_06035,2026-08-18 00:47:04+05:30,ABNORMAL_FEE,fee_inr,723.82,161.96,4.47,IQR_UPPER_FENCE,Platform fee ₹723.82 breaches the asset's IQR upper fence of ₹161.96.
ANO_2F4B6217A3,TX_ANO_VEL_54792EAE,USR_07595,2026-08-18 05:44:42+05:30,VELOCITY_BURST,tx_velocity_60m,6.0,5.0,1.2,TIME_WINDOW_COUNTER,"User executed 6 transactions within a 60-minute window, breaching velocity threshold of 5."
ANO_535CC87D23,TX_293AF3E17443,USR_02195,2026-08-18 06:26:25+05:30,ABNORMAL_FEE,fee_inr,186.0,164.06,1.13,IQR_UPPER_FENCE,Platform fee ₹186.00 breaches the asset's IQR upper fence of ₹164.06.
ANO_171C89ADB6,TX_FAAE994639C1,USR_02205,2026-08-18 07:25:16+05:30,ABNORMAL_FEE,fee_inr,205.43,169.26,1.21,IQR_UPPER_FENCE,Platform fee ₹205.43 breaches the asset's IQR upper fence of ₹169.26.
ANO_FC9AA4F780,TX_DF9E75A4324E,USR_08444,2026-08-18 12:48:09+05:30,ABNORMAL_FEE,fee_inr,549.47,167.3525,3.28,IQR_UPPER_FENCE,Platform fee ₹549.47 breaches the asset's IQR upper fence of ₹167.35.
ANO_1E9CCC4018,TX_09DAE7289AD9,USR_02589,2026-08-18 12:55:43+05:30,ABNORMAL_FEE,fee_inr,454.13,169.26,2.68,IQR_UPPER_FENCE,Platform fee ₹454.13 breaches the asset's IQR upper fence of ₹169.26.
ANO_CBB1339A56,TX_ANO_SPK_B4CEFDF1,USR_09014,2026-08-18 14:54:10+05:30,BASELINE_SPIKE,user_baseline_zscore,48411.79,4306.945,17.64,ROLLING_ZSCORE,"Transaction value ₹48,411.79 is 17.6σ above user's rolling historical baseline of ₹4,306.94."
ANO_AA74451AAE,TX_5A799AD32E73,USR_02478,2026-08-18 16:12:49+05:30,ABNORMAL_FEE,fee_inr,336.93,169.26,1.99,IQR_UPPER_FENCE,Platform fee ₹336.93 breaches the asset's IQR upper fence of ₹169.26.
ANO_E0C5A52C7A,TX_EE49998C89E8,USR_09663,2026-08-18 16:13:26+05:30,ABNORMAL_FEE,fee_inr,595.99,161.96,3.68,IQR_UPPER_FENCE,Platform fee ₹595.99 breaches the asset's IQR upper fence of ₹161.96.
ANO_89D85D2428,TX_D2A7013E60B5,USR_07517,2026-08-18 16:44:53+05:30,ABNORMAL_FEE,fee_inr,425.89,169.26,2.52,IQR_UPPER_FENCE,Platform fee ₹425.89 breaches the asset's IQR upper fence of ₹169.26.
ANO_CDC2798FBD,TX_592C0389143C,USR_04520,2026-08-18 17:26:40+05:30,ABNORMAL_FEE,fee_inr,447.33,167.3525,2.67,IQR_UPPER_FENCE,Platform fee ₹447.33 breaches the asset's IQR upper fence of ₹167.35.
ANO_AA4386614D,TX_D3BDDF020F06,USR_08910,2026-08-19 05:20:45+05:30,ABNORMAL_FEE,fee_inr,450.48,166.3088,2.71,IQR_UPPER_FENCE,Platform fee ₹450.48 breaches the asset's IQR upper fence of ₹166.31.
ANO_4B8FBFD896,TX_548508EBADD5,USR_09503,2026-08-19 10:12:02+05:30,ABNORMAL_FEE,fee_inr,637.49,161.96,3.94,IQR_UPPER_FENCE,Platform fee ₹637.49 breaches the asset's IQR upper fence of ₹161.96.
ANO_E01C02832B,TX_955FA4F37BE0,USR_02242,2026-08-19 11:01:19+05:30,ABNORMAL_FEE,fee_inr,481.59,166.3088,2.9,IQR_UPPER_FENCE,Platform fee ₹481.59 breaches the asset's IQR upper fence of ₹166.31.
ANO_41A4911B78,TX_2FF989CAAC04,USR_09983,2026-08-19 13:50:33+05:30,ABNORMAL_FEE,fee_inr,272.56,161.96,1.68,IQR_UPPER_FENCE,Platform fee ₹272.56 breaches the asset's IQR upper fence of ₹161.96.
ANO_F59DCD638E,TX_0CF6CD8BC17D,USR_03826,2026-08-19 14:58:18+05:30,ABNORMAL_FEE,fee_inr,486.2,166.3088,2.92,IQR_UPPER_FENCE,Platform fee ₹486.20 breaches the asset's IQR upper fence of ₹166.31.
ANO_5694A1E3FB,TX_ANO_VEL_A18D24E7,USR_01750,2026-08-19 15:04:16+05:30,VELOCITY_BURST,tx_velocity_60m,11.0,5.0,2.2,TIME_WINDOW_COUNTER,"User executed 11 transactions within a 60-minute window, breaching velocity threshold of 5."
ANO_3318D5B07C,TX_047CF726C459,USR_03765,2026-08-19 15:51:24+05:30,ABNORMAL_FEE,fee_inr,329.94,166.3088,1.98,IQR_UPPER_FENCE,Platform fee ₹329.94 breaches the asset's IQR upper fence of ₹166.31.
ANO_415295CF01,TX_5D427BF6AAF2,USR_09399,2026-08-19 21:30:24+05:30,ABNORMAL_FEE,fee_inr,336.5,169.26,1.99,IQR_UPPER_FENCE,Platform fee ₹336.50 breaches the asset's IQR upper fence of ₹169.26.
ANO_253CD51D1D,TX_ANO_FAL_2079C7DA,USR_00464,2026-08-19 23:06:11+05:30,REPEATED_FAILURES,consecutive_failures,5.0,3.0,1.67,FAILURE_STATE_MACHINE,"User encountered 5 consecutive failed transactions within 30m, indicating potential brute force credential guessing or payment gateway fault."
ANO_87DFBE9B32,TX_B2B5BD691C11,USR_09801,2026-08-20 00:59:18+05:30,ABNORMAL_FEE,fee_inr,499.01,166.3088,3.0,IQR_UPPER_FENCE,Platform fee ₹499.01 breaches the asset's IQR upper fence of ₹166.31.
ANO_0D63B3F032,TX_7F16E642AD99,USR_03014,2026-08-20 01:26:05+05:30,ABNORMAL_FEE,fee_inr,225.51,166.3088,1.36,IQR_UPPER_FENCE,Platform fee ₹225.51 breaches the asset's IQR upper fence of ₹166.31.
ANO_3381289B4C,TX_FC506A7C0C3D,USR_05385,2026-08-20 12:53:48+05:30,ABNORMAL_FEE,fee_inr,391.51,169.26,2.31,IQR_UPPER_FENCE,Platform fee ₹391.51 breaches the asset's IQR upper fence of ₹169.26.
ANO_F519844A0C,TX_493870CBCCA3,USR_05278,2026-08-20 14:01:01+05:30,ABNORMAL_FEE,fee_inr,478.87,167.3525,2.86,IQR_UPPER_FENCE,Platform fee ₹478.87 breaches the asset's IQR upper fence of ₹167.35.
ANO_E6EDCC8923,TX_23F65987B0CA,USR_02165,2026-08-20 15:02:36+05:30,ABNORMAL_FEE,fee_inr,616.89,169.26,3.64,IQR_UPPER_FENCE,Platform fee ₹616.89 breaches the asset's IQR upper fence of ₹169.26.
ANO_32FE5EA1D9,TX_ANO_VEL_5F7EEBA7,USR_01948,2026-08-20 18:40:05+05:30,VELOCITY_BURST,tx_velocity_60m,10.0,5.0,2.0,TIME_WINDOW_COUNTER,"User executed 10 transactions within a 60-minute window, breaching velocity threshold of 5."
ANO_17DBCA5378,TX_674B1B539817,USR_02646,2026-08-20 19:29:33+05:30,ABNORMAL_FEE,fee_inr,599.43,169.26,3.54,IQR_UPPER_FENCE,Platform fee ₹599.43 breaches the asset's IQR upper fence of ₹169.26.
ANO_CEC74351A3,TX_20C470031C6B,USR_02181,2026-08-20 19:41:04+05:30,ABNORMAL_FEE,fee_inr,194.05,167.3525,1.16,IQR_UPPER_FENCE,Platform fee ₹194.05 breaches the asset's IQR upper fence of ₹167.35.
ANO_DF12812921,TX_E9A60E717C4E,USR_08579,2026-08-20 23:26:05+05:30,ABNORMAL_FEE,fee_inr,274.26,169.26,1.62,IQR_UPPER_FENCE,Platform fee ₹274.26 breaches the asset's IQR upper fence of ₹169.26.
ANO_FC5F322CAE,TX_73155759F158,USR_01228,2026-08-21 01:38:25+05:30,ABNORMAL_FEE,fee_inr,339.39,161.96,2.1,IQR_UPPER_FENCE,Platform fee ₹339.39 breaches the asset's IQR upper fence of ₹161.96.
ANO_3BB792F6D4,TX_A36D95C8E7D7,USR_07929,2026-08-21 02:25:28+05:30,ABNORMAL_FEE,fee_inr,467.2,164.06,2.85,IQR_UPPER_FENCE,Platform fee ₹467.20 breaches the asset's IQR upper fence of ₹164.06.
ANO_B541E86C5F,TX_E070178C8ECB,USR_00640,2026-08-21 06:38:02+05:30,ABNORMAL_FEE,fee_inr,391.23,169.26,2.31,IQR_UPPER_FENCE,Platform fee ₹391.23 breaches the asset's IQR upper fence of ₹169.26.
ANO_3C4FD1C8FE,TX_1D4A1DB481E8,USR_00510,2026-08-21 07:46:29+05:30,ABNORMAL_FEE,fee_inr,374.27,169.26,2.21,IQR_UPPER_FENCE,Platform fee ₹374.27 breaches the asset's IQR upper fence of ₹169.26.
ANO_3BD6926AAD,TX_ANO_FEE_7828E5F3,USR_09918,2026-08-21 11:56:28+05:30,BASELINE_SPIKE,user_baseline_zscore,122775.11,4178.0529,47.44,ROLLING_ZSCORE,"Transaction value ₹122,775.11 is 47.4σ above user's rolling historical baseline of ₹4,178.05."
ANO_C9D5C46F02,TX_F4BB4F960290,USR_08608,2026-08-21 12:53:45+05:30,ABNORMAL_FEE,fee_inr,403.62,164.06,2.46,IQR_UPPER_FENCE,Platform fee ₹403.62 breaches the asset's IQR upper fence of ₹164.06.
ANO_EF42D0FF11,TX_528E47D3328D,USR_06883,2026-08-21 15:11:16+05:30,ABNORMAL_FEE,fee_inr,549.79,169.26,3.25,IQR_UPPER_FENCE,Platform fee ₹549.79 breaches the asset's IQR upper fence of ₹169.26.
ANO_55180453D1,TX_F7D0B21A82FF,USR_04858,2026-08-21 15:34:55+05:30,ABNORMAL_FEE,fee_inr,472.67,166.3088,2.84,IQR_UPPER_FENCE,Platform fee ₹472.67 breaches the asset's IQR upper fence of ₹166.31.
ANO_A2631A7839,TX_113D08726084,USR_04752,2026-08-21 18:55:19+05:30,ABNORMAL_FEE,fee_inr,333.01,169.26,1.97,IQR_UPPER_FENCE,Platform fee ₹333.01 breaches the asset's IQR upper fence of ₹169.26.
ANO_01CD41F93C,TX_4462E9DC5E7B,USR_07924,2026-08-21 19:29:09+05:30,ABNORMAL_FEE,fee_inr,166.33,165.72,1.0,IQR_UPPER_FENCE,Platform fee ₹166.33 breaches the asset's IQR upper fence of ₹165.72.
ANO_24D07EF6A7,TX_270FC53F7F01,USR_02242,2026-08-21 22:18:31+05:30,ABNORMAL_FEE,fee_inr,224.54,165.72,1.35,IQR_UPPER_FENCE,Platform fee ₹224.54 breaches the asset's IQR upper fence of ₹165.72.
ANO_FF53143C7B,TX_FB37FD51914F,USR_01846,2026-08-21 22:34:43+05:30,ABNORMAL_FEE,fee_inr,285.42,166.3088,1.72,IQR_UPPER_FENCE,Platform fee ₹285.42 breaches the asset's IQR upper fence of ₹166.31.
ANO_30D49A490F,TX_88800468CC5B,USR_09801,2026-08-21 23:04:39+05:30,ABNORMAL_FEE,fee_inr,463.33,161.96,2.86,IQR_UPPER_FENCE,Platform fee ₹463.33 breaches the asset's IQR upper fence of ₹161.96.
ANO_C4687F8ECE,TX_ANO_FAL_08745BC0,USR_09553,2026-08-21 23:34:20+05:30,BASELINE_SPIKE,user_baseline_zscore,10000.0,1692.195,3.32,ROLLING_ZSCORE,"Transaction value ₹10,000.00 is 3.3σ above user's rolling historical baseline of ₹1,692.19."
ANO_9ECEC40C8D,TX_B81CE6C6711F,USR_07302,2026-08-22 04:27:21+05:30,ABNORMAL_FEE,fee_inr,249.76,161.96,1.54,IQR_UPPER_FENCE,Platform fee ₹249.76 breaches the asset's IQR upper fence of ₹161.96.
ANO_CEAC266DB9,TX_243568330BFC,USR_02646,2026-08-22 06:30:51+05:30,ABNORMAL_FEE,fee_inr,192.78,169.26,1.14,IQR_UPPER_FENCE,Platform fee ₹192.78 breaches the asset's IQR upper fence of ₹169.26.
ANO_732F214B80,TX_C0032AED3A63,USR_09262,2026-08-22 11:29:21+05:30,ABNORMAL_FEE,fee_inr,433.28,169.26,2.56,IQR_UPPER_FENCE,Platform fee ₹433.28 breaches the asset's IQR upper fence of ₹169.26.
ANO_DDEE2324B5,TX_9ECBC404CCE3,USR_07844,2026-08-22 20:01:45+05:30,BASELINE_SPIKE,user_baseline_zscore,12570.94,4500.0,3.23,ROLLING_ZSCORE,"Transaction value ₹12,570.94 is 3.2σ above user's rolling historical baseline of ₹4,500.00."
ANO_8FC0635A6C,TX_C920CF5E20C2,USR_02261,2026-08-22 23:55:42+05:30,ABNORMAL_FEE,fee_inr,435.17,169.26,2.57,IQR_UPPER_FENCE,Platform fee ₹435.17 breaches the asset's IQR upper fence of ₹169.26.
ANO_04B9FFA4B7,TX_5C07009DCB3C,USR_01934,2026-08-23 03:53:05+05:30,ABNORMAL_FEE,fee_inr,260.72,161.96,1.61,IQR_UPPER_FENCE,Platform fee ₹260.72 breaches the asset's IQR upper fence of ₹161.96.
ANO_D80EFCCE38,TX_ADE8691026A1,USR_07332,2026-08-23 04:05:25+05:30,ABNORMAL_FEE,fee_inr,360.59,169.26,2.13,IQR_UPPER_FENCE,Platform fee ₹360.59 breaches the asset's IQR upper fence of ₹169.26.
ANO_356D6C7EA2,TX_ANO_VEL_5860285D,USR_03031,2026-08-23 04:35:43+05:30,VELOCITY_BURST,tx_velocity_60m,5.0,5.0,1.0,TIME_WINDOW_COUNTER,"User executed 5 transactions within a 60-minute window, breaching velocity threshold of 5."
ANO_50F85643EA,TX_D943123363AD,USR_01755,2026-08-23 09:12:28+05:30,ABNORMAL_FEE,fee_inr,436.9,169.26,2.58,IQR_UPPER_FENCE,Platform fee ₹436.90 breaches the asset's IQR upper fence of ₹169.26.
ANO_0425857EF3,TX_1734517AD504,USR_02980,2026-08-23 09:44:05+05:30,ABNORMAL_FEE,fee_inr,464.12,166.3088,2.79,IQR_UPPER_FENCE,Platform fee ₹464.12 breaches the asset's IQR upper fence of ₹166.31.
ANO_799D3B568F,TX_ANO_DEP_4868E57F,USR_08525,2026-08-23 12:06:50+05:30,BASELINE_SPIKE,user_baseline_zscore,694530.31,2499.2933,276.81,ROLLING_ZSCORE,"Transaction value ₹694,530.31 is 276.8σ above user's rolling historical baseline of ₹2,499.29."
ANO_DE8FF6E14C,TX_ANO_FAL_BD6B2FA3,USR_04246,2026-08-23 15:51:56+05:30,REPEATED_FAILURES,consecutive_failures,6.0,3.0,2.0,FAILURE_STATE_MACHINE,"User encountered 6 consecutive failed transactions within 30m, indicating potential brute force credential guessing or payment gateway fault."
ANO_20E06C738A,TX_ANO_VEL_986627DC,USR_07910,2026-08-23 16:17:49+05:30,VELOCITY_BURST,tx_velocity_60m,6.0,5.0,1.2,TIME_WINDOW_COUNTER,"User executed 6 transactions within a 60-minute window, breaching velocity threshold of 5."
ANO_360DE5BC3E,TX_DCCD692A8161,USR_02466,2026-08-23 20:37:00+05:30,ABNORMAL_FEE,fee_inr,302.66,166.3088,1.82,IQR_UPPER_FENCE,Platform fee ₹302.66 breaches the asset's IQR upper fence of ₹166.31.
ANO_7EDD3D18E5,TX_D0D7B0CB3FC5,USR_03667,2026-08-23 21:20:33+05:30,ABNORMAL_FEE,fee_inr,331.15,166.3088,1.99,IQR_UPPER_FENCE,Platform fee ₹331.15 breaches the asset's IQR upper fence of ₹166.31.
ANO_C04A549B0F,TX_B0822429D448,USR_01370,2026-08-24 00:20:07+05:30,ABNORMAL_FEE,fee_inr,279.97,166.3088,1.68,IQR_UPPER_FENCE,Platform fee ₹279.97 breaches the asset's IQR upper fence of ₹166.31.
ANO_7D4079002D,TX_BFEE1AAB1D01,USR_04459,2026-08-24 02:39:48+05:30,ABNORMAL_FEE,fee_inr,457.21,166.3088,2.75,IQR_UPPER_FENCE,Platform fee ₹457.21 breaches the asset's IQR upper fence of ₹166.31.
ANO_1B4DF8603C,TX_007D781B00EC,USR_05794,2026-08-24 10:56:51+05:30,ABNORMAL_FEE,fee_inr,618.76,166.3088,3.72,IQR_UPPER_FENCE,Platform fee ₹618.76 breaches the asset's IQR upper fence of ₹166.31.
ANO_D3C508D70F,TX_AD86D41A3DB7,USR_08966,2026-08-24 13:24:23+05:30,ABNORMAL_FEE,fee_inr,336.33,169.26,1.99,IQR_UPPER_FENCE,Platform fee ₹336.33 breaches the asset's IQR upper fence of ₹169.26.
ANO_1B97106510,TX_82BF750425F4,USR_07561,2026-08-24 14:49:25+05:30,ABNORMAL_FEE,fee_inr,204.09,166.3088,1.23,IQR_UPPER_FENCE,Platform fee ₹204.09 breaches the asset's IQR upper fence of ₹166.31.
ANO_2AB93C4E7B,TX_1EE6AA8A398E,USR_05922,2026-08-24 15:32:04+05:30,ABNORMAL_FEE,fee_inr,428.78,169.26,2.53,IQR_UPPER_FENCE,Platform fee ₹428.78 breaches the asset's IQR upper fence of ₹169.26.
ANO_DF65DE5967,TX_E1C6E2C393D4,USR_06883,2026-08-24 16:47:30+05:30,ABNORMAL_FEE,fee_inr,380.5,165.72,2.3,IQR_UPPER_FENCE,Platform fee ₹380.50 breaches the asset's IQR upper fence of ₹165.72.
ANO_8852FD518E,TX_02A77D0868CF,USR_03240,2026-08-24 23:03:45+05:30,ABNORMAL_FEE,fee_inr,259.57,169.26,1.53,IQR_UPPER_FENCE,Platform fee ₹259.57 breaches the asset's IQR upper fence of ₹169.26.
ANO_A41D92D575,TX_77DBF5BD99BB,USR_09404,2026-08-25 02:47:37+05:30,ABNORMAL_FEE,fee_inr,411.69,169.26,2.43,IQR_UPPER_FENCE,Platform fee ₹411.69 breaches the asset's IQR upper fence of ₹169.26.
ANO_76725581B9,TX_2426166E9201,USR_05106,2026-08-25 04:25:28+05:30,ABNORMAL_FEE,fee_inr,346.48,166.3088,2.08,IQR_UPPER_FENCE,Platform fee ₹346.48 breaches the asset's IQR upper fence of ₹166.31.
ANO_D0DF8F94A4,TX_A307062C75E2,USR_00245,2026-08-25 08:16:20+05:30,ABNORMAL_FEE,fee_inr,470.77,161.96,2.91,IQR_UPPER_FENCE,Platform fee ₹470.77 breaches the asset's IQR upper fence of ₹161.96.
ANO_D35A031D60,TX_30DD4837117C,USR_07010,2026-08-25 09:31:48+05:30,ABNORMAL_FEE,fee_inr,541.61,169.26,3.2,IQR_UPPER_FENCE,Platform fee ₹541.61 breaches the asset's IQR upper fence of ₹169.26.
ANO_E99F2AD76E,TX_BEE12AC68266,USR_09404,2026-08-25 15:12:17+05:30,ABNORMAL_FEE,fee_inr,448.57,169.26,2.65,IQR_UPPER_FENCE,Platform fee ₹448.57 breaches the asset's IQR upper fence of ₹169.26.
ANO_CD93938C35,TX_916FB04F3D69,USR_02211,2026-08-25 20:03:02+05:30,ABNORMAL_FEE,fee_inr,248.93,169.26,1.47,IQR_UPPER_FENCE,Platform fee ₹248.93 breaches the asset's IQR upper fence of ₹169.26.
ANO_B7AE49E559,TX_2D0B2533636C,USR_03271,2026-08-25 23:11:23+05:30,ABNORMAL_FEE,fee_inr,317.64,169.26,1.88,IQR_UPPER_FENCE,Platform fee ₹317.64 breaches the asset's IQR upper fence of ₹169.26.
ANO_54C7AA41F0,TX_ANO_VEL_2945A33A,USR_09123,2026-08-25 23:18:34+05:30,VELOCITY_BURST,tx_velocity_60m,5.0,5.0,1.0,TIME_WINDOW_COUNTER,"User executed 5 transactions within a 60-minute window, breaching velocity threshold of 5."
ANO_C6EFF43069,TX_ANO_VEL_0E77995E,USR_09123,2026-08-25 23:22:34+05:30,VELOCITY_BURST,tx_velocity_60m,7.0,5.0,1.4,TIME_WINDOW_COUNTER,"User executed 7 transactions within a 60-minute window, breaching velocity threshold of 5."
ANO_1D6CB75DA5,TX_D2FBA8CC1AA1,USR_09395,2026-08-26 00:20:27+05:30,ABNORMAL_FEE,fee_inr,291.02,169.26,1.72,IQR_UPPER_FENCE,Platform fee ₹291.02 breaches the asset's IQR upper fence of ₹169.26.
ANO_517C240805,TX_BC8CCEF2A54A,USR_09404,2026-08-26 03:35:39+05:30,ABNORMAL_FEE,fee_inr,423.85,166.3088,2.55,IQR_UPPER_FENCE,Platform fee ₹423.85 breaches the asset's IQR upper fence of ₹166.31.
ANO_D481E4F6B3,TX_F13C949AE8D9,USR_03319,2026-08-26 04:21:25+05:30,ABNORMAL_FEE,fee_inr,333.55,161.96,2.06,IQR_UPPER_FENCE,Platform fee ₹333.55 breaches the asset's IQR upper fence of ₹161.96.
ANO_D3589FE0E2,TX_ANO_SPK_4CC88730,USR_02781,2026-08-26 04:55:42+05:30,BASELINE_SPIKE,user_baseline_zscore,28374.7,4723.32,9.46,ROLLING_ZSCORE,"Transaction value ₹28,374.70 is 9.5σ above user's rolling historical baseline of ₹4,723.32."
ANO_6EBD62178A,TX_E3EB9DC5A99C,USR_09470,2026-08-26 05:05:40+05:30,ABNORMAL_FEE,fee_inr,436.84,164.06,2.66,IQR_UPPER_FENCE,Platform fee ₹436.84 breaches the asset's IQR upper fence of ₹164.06.
ANO_6D4CC3925C,TX_9FC488E033E8,USR_06518,2026-08-26 09:47:08+05:30,BASELINE_SPIKE,user_baseline_zscore,8317.9,250.0,3.23,ROLLING_ZSCORE,"Transaction value ₹8,317.90 is 3.2σ above user's rolling historical baseline of ₹250.00."
ANO_E1E9C4E394,TX_A2E1976168BF,USR_00916,2026-08-26 11:34:18+05:30,ABNORMAL_FEE,fee_inr,340.58,169.26,2.01,IQR_UPPER_FENCE,Platform fee ₹340.58 breaches the asset's IQR upper fence of ₹169.26.
ANO_A7CCB9EE66,TX_B5DAFF86A849,USR_01968,2026-08-26 14:14:51+05:30,ABNORMAL_FEE,fee_inr,450.71,161.96,2.78,IQR_UPPER_FENCE,Platform fee ₹450.71 breaches the asset's IQR upper fence of ₹161.96.
ANO_E16345F1F2,TX_ANO_FAL_BE901AF4,USR_06198,2026-08-26 16:42:45+05:30,REPEATED_FAILURES,consecutive_failures,3.0,3.0,1.0,FAILURE_STATE_MACHINE,"User encountered 3 consecutive failed transactions within 30m, indicating potential brute force credential guessing or payment gateway fault."
ANO_D5CAF1E2F6,TX_ANO_FAL_0487A333,USR_07997,2026-08-26 18:13:42+05:30,REPEATED_FAILURES,consecutive_failures,3.0,3.0,1.0,FAILURE_STATE_MACHINE,"User encountered 3 consecutive failed transactions within 30m, indicating potential brute force credential guessing or payment gateway fault."
ANO_4A017D6F7F,TX_6566C3592C52,USR_07071,2026-08-26 22:40:10+05:30,ABNORMAL_FEE,fee_inr,371.18,166.3088,2.23,IQR_UPPER_FENCE,Platform fee ₹371.18 breaches the asset's IQR upper fence of ₹166.31.
ANO_D138B726A3,TX_ANO_FAL_4370A0CA,USR_04158,2026-08-27 01:55:33+05:30,REPEATED_FAILURES,consecutive_failures,4.0,3.0,1.33,FAILURE_STATE_MACHINE,"User encountered 4 consecutive failed transactions within 30m, indicating potential brute force credential guessing or payment gateway fault."
ANO_FCDBA46073,TX_ANO_FAL_652AFC53,USR_04158,2026-08-27 02:01:33+05:30,REPEATED_FAILURES,consecutive_failures,6.0,3.0,2.0,FAILURE_STATE_MACHINE,"User encountered 6 consecutive failed transactions within 30m, indicating potential brute force credential guessing or payment gateway fault."
ANO_1F2D9189A3,TX_1C9C18756B25,USR_09470,2026-08-27 02:24:08+05:30,ABNORMAL_FEE,fee_inr,321.29,161.96,1.98,IQR_UPPER_FENCE,Platform fee ₹321.29 breaches the asset's IQR upper fence of ₹161.96.
ANO_26514C49E7,TX_B73A145B05E6,USR_07884,2026-08-27 02:49:14+05:30,ABNORMAL_FEE,fee_inr,410.1,166.3088,2.47,IQR_UPPER_FENCE,Platform fee ₹410.10 breaches the asset's IQR upper fence of ₹166.31.
ANO_2E854EB17D,TX_ANO_FAL_06AADE96,USR_02445,2026-08-27 03:05:37+05:30,REPEATED_FAILURES,consecutive_failures,3.0,3.0,1.0,FAILURE_STATE_MACHINE,"User encountered 3 consecutive failed transactions within 30m, indicating potential brute force credential guessing or payment gateway fault."
ANO_983A2D4E44,TX_ANO_FAL_80CE6F24,USR_02445,2026-08-27 03:11:37+05:30,VELOCITY_BURST,tx_velocity_60m,5.0,5.0,1.0,TIME_WINDOW_COUNTER,"User executed 5 transactions within a 60-minute window, breaching velocity threshold of 5."
ANO_765F957B4B,TX_B4A0EDAEC756,USR_02318,2026-08-27 05:10:42+05:30,ABNORMAL_FEE,fee_inr,390.78,169.26,2.31,IQR_UPPER_FENCE,Platform fee ₹390.78 breaches the asset's IQR upper fence of ₹169.26.
ANO_0D5A0AE28E,TX_CDE8DEB7AA2F,USR_02589,2026-08-27 12:24:51+05:30,ABNORMAL_FEE,fee_inr,376.56,166.3088,2.26,IQR_UPPER_FENCE,Platform fee ₹376.56 breaches the asset's IQR upper fence of ₹166.31.
ANO_2F1F3FA508,TX_2CB08E3DF68D,USR_03268,2026-08-27 16:06:38+05:30,ABNORMAL_FEE,fee_inr,321.9,165.72,1.94,IQR_UPPER_FENCE,Platform fee ₹321.90 breaches the asset's IQR upper fence of ₹165.72.
ANO_356966FD4F,TX_6779E9D856E3,USR_06482,2026-08-27 17:50:31+05:30,ABNORMAL_FEE,fee_inr,431.46,166.3088,2.59,IQR_UPPER_FENCE,Platform fee ₹431.46 breaches the asset's IQR upper fence of ₹166.31.
ANO_AF31DA98D1,TX_261ABA66BDC7,USR_01521,2026-08-27 20:43:53+05:30,ABNORMAL_FEE,fee_inr,485.11,161.96,3.0,IQR_UPPER_FENCE,Platform fee ₹485.11 breaches the asset's IQR upper fence of ₹161.96.
ANO_3594450C63,TX_ANO_VEL_2C136963,USR_02861,2026-08-27 22:03:20+05:30,VELOCITY_BURST,tx_velocity_60m,8.0,5.0,1.6,TIME_WINDOW_COUNTER,"User executed 8 transactions within a 60-minute window, breaching velocity threshold of 5."
ANO_D6C151CB62,TX_ANO_FAL_4AFAAA17,USR_06832,2026-08-28 05:07:27+05:30,REPEATED_FAILURES,consecutive_failures,4.0,3.0,1.33,FAILURE_STATE_MACHINE,"User encountered 4 consecutive failed transactions within 30m, indicating potential brute force credential guessing or payment gateway fault."
ANO_BDEF2C8D0F,TX_D1919031407C,USR_06544,2026-08-28 06:03:59+05:30,ABNORMAL_FEE,fee_inr,254.01,169.26,1.5,IQR_UPPER_FENCE,Platform fee ₹254.01 breaches the asset's IQR upper fence of ₹169.26.
ANO_AAB370B345,TX_26564C032C01,USR_04052,2026-08-28 06:57:36+05:30,ABNORMAL_FEE,fee_inr,405.96,169.26,2.4,IQR_UPPER_FENCE,Platform fee ₹405.96 breaches the asset's IQR upper fence of ₹169.26.
ANO_6B6F7DA91D,TX_D6548868C82F,USR_02181,2026-08-28 07:52:00+05:30,ABNORMAL_FEE,fee_inr,506.92,166.3088,3.05,IQR_UPPER_FENCE,Platform fee ₹506.92 breaches the asset's IQR upper fence of ₹166.31.
ANO_54064A9E61,TX_FB52BBABC5E5,USR_03209,2026-08-28 09:17:03+05:30,ABNORMAL_FEE,fee_inr,301.26,161.96,1.86,IQR_UPPER_FENCE,Platform fee ₹301.26 breaches the asset's IQR upper fence of ₹161.96.
ANO_8E934F16EC,TX_DCF430F336DD,USR_06301,2026-08-28 10:34:37+05:30,ABNORMAL_FEE,fee_inr,425.8,165.72,2.57,IQR_UPPER_FENCE,Platform fee ₹425.80 breaches the asset's IQR upper fence of ₹165.72.
ANO_6C41D214E4,TX_673B127A8097,USR_06222,2026-08-28 11:18:11+05:30,ABNORMAL_FEE,fee_inr,564.94,164.06,3.44,IQR_UPPER_FENCE,Platform fee ₹564.94 breaches the asset's IQR upper fence of ₹164.06.
ANO_D45D5E855B,TX_466CEC43C970,USR_04070,2026-08-29 01:10:39+05:30,ABNORMAL_FEE,fee_inr,262.05,166.3088,1.58,IQR_UPPER_FENCE,Platform fee ₹262.05 breaches the asset's IQR upper fence of ₹166.31.
ANO_D3CFBF9587,TX_50AED6550BCA,USR_03164,2026-08-29 03:23:07+05:30,ABNORMAL_FEE,fee_inr,519.45,161.96,3.21,IQR_UPPER_FENCE,Platform fee ₹519.45 breaches the asset's IQR upper fence of ₹161.96.
ANO_9BBB77044D,TX_ANO_FAL_C3B4BAFC,USR_03641,2026-08-29 03:39:59+05:30,REPEATED_FAILURES,consecutive_failures,5.0,3.0,1.67,FAILURE_STATE_MACHINE,"User encountered 5 consecutive failed transactions within 30m, indicating potential brute force credential guessing or payment gateway fault."
ANO_13EC622BB0,TX_0823B957E515,USR_09224,2026-08-29 07:24:48+05:30,ABNORMAL_FEE,fee_inr,504.24,169.26,2.98,IQR_UPPER_FENCE,Platform fee ₹504.24 breaches the asset's IQR upper fence of ₹169.26.
ANO_32A5CD5E27,TX_ANO_FEE_6FB0C7A0,USR_08318,2026-08-29 16:02:11+05:30,BASELINE_SPIKE,user_baseline_zscore,63454.95,6489.2567,22.79,ROLLING_ZSCORE,"Transaction value ₹63,454.95 is 22.8σ above user's rolling historical baseline of ₹6,489.26."
ANO_9D4EAA902F,TX_505D6D5653CD,USR_07329,2026-08-29 19:25:05+05:30,ABNORMAL_FEE,fee_inr,420.29,169.26,2.48,IQR_UPPER_FENCE,Platform fee ₹420.29 breaches the asset's IQR upper fence of ₹169.26.
ANO_AE22E3EF02,TX_89FE84BED085,USR_08128,2026-08-29 23:50:31+05:30,ABNORMAL_FEE,fee_inr,354.03,161.96,2.19,IQR_UPPER_FENCE,Platform fee ₹354.03 breaches the asset's IQR upper fence of ₹161.96.
ANO_AEF5C49BCB,TX_219C965FEBE8,USR_07477,2026-08-30 03:57:22+05:30,ABNORMAL_FEE,fee_inr,607.89,166.3088,3.66,IQR_UPPER_FENCE,Platform fee ₹607.89 breaches the asset's IQR upper fence of ₹166.31.
ANO_27D1B70485,TX_2EDF52361460,USR_00264,2026-08-30 07:48:45+05:30,ABNORMAL_FEE,fee_inr,413.89,161.96,2.56,IQR_UPPER_FENCE,Platform fee ₹413.89 breaches the asset's IQR upper fence of ₹161.96.
ANO_AC6CE0ECF1,TX_FA5198CAD7A8,USR_06035,2026-08-30 16:40:51+05:30,ABNORMAL_FEE,fee_inr,442.23,167.3525,2.64,IQR_UPPER_FENCE,Platform fee ₹442.23 breaches the asset's IQR upper fence of ₹167.35.
ANO_0249961ADD,TX_8D0BFA86C52F,USR_09938,2026-08-30 16:47:10+05:30,ABNORMAL_FEE,fee_inr,361.22,166.3088,2.17,IQR_UPPER_FENCE,Platform fee ₹361.22 breaches the asset's IQR upper fence of ₹166.31.
ANO_C8B5CFE173,TX_75E7D8DA1A87,USR_08255,2026-08-30 21:44:49+05:30,ABNORMAL_FEE,fee_inr,361.5,169.26,2.14,IQR_UPPER_FENCE,Platform fee ₹361.50 breaches the asset's IQR upper fence of ₹169.26.
ANO_E241B817B6,TX_925A698D73AA,USR_07530,2026-08-30 22:28:20+05:30,ABNORMAL_FEE,fee_inr,269.09,166.3088,1.62,IQR_UPPER_FENCE,Platform fee ₹269.09 breaches the asset's IQR upper fence of ₹166.31.
ANO_81497D4BFC,TX_BF8F2D814678,USR_03908,2026-08-31 01:12:28+05:30,BASELINE_SPIKE,user_baseline_zscore,11910.78,3758.0133,3.26,ROLLING_ZSCORE,"Transaction value ₹11,910.78 is 3.3σ above user's rolling historical baseline of ₹3,758.01."
ANO_455AF47E8B,TX_94BDFAC2E3D1,USR_00670,2026-08-31 03:54:27+05:30,ABNORMAL_FEE,fee_inr,394.12,169.26,2.33,IQR_UPPER_FENCE,Platform fee ₹394.12 breaches the asset's IQR upper fence of ₹169.26.
ANO_400B4D7DD3,TX_4540AE75643C,USR_09484,2026-08-31 04:16:47+05:30,ABNORMAL_FEE,fee_inr,335.05,167.3525,2.0,IQR_UPPER_FENCE,Platform fee ₹335.05 breaches the asset's IQR upper fence of ₹167.35.
ANO_133FEEFE14,TX_ANO_VEL_CF2356FB,USR_01116,2026-08-31 08:28:46+05:30,VELOCITY_BURST,tx_velocity_60m,9.0,5.0,1.8,TIME_WINDOW_COUNTER,"User executed 9 transactions within a 60-minute window, breaching velocity threshold of 5."
ANO_7D572C0187,TX_ANO_WTH_83A0E104,USR_03275,2026-08-31 10:55:55+05:30,BASELINE_SPIKE,user_baseline_zscore,563823.55,284249.615,111.83,ROLLING_ZSCORE,"Transaction value ₹563,823.55 is 111.8σ above user's rolling historical baseline of ₹284,249.62."
ANO_3CF46489C5,TX_77FE8E5FF053,USR_05741,2026-08-31 15:23:03+05:30,ABNORMAL_FEE,fee_inr,286.74,161.96,1.77,IQR_UPPER_FENCE,Platform fee ₹286.74 breaches the asset's IQR upper fence of ₹161.96.
ANO_B5B44B68CD,TX_97B3F4219935,USR_01331,2026-08-31 16:49:07+05:30,ABNORMAL_FEE,fee_inr,531.97,166.3088,3.2,IQR_UPPER_FENCE,Platform fee ₹531.97 breaches the asset's IQR upper fence of ₹166.31.
ANO_1345614B94,TX_9EAE26ADA302,USR_09908,2026-08-31 16:55:27+05:30,ABNORMAL_FEE,fee_inr,498.58,164.06,3.04,IQR_UPPER_FENCE,Platform fee ₹498.58 breaches the asset's IQR upper fence of ₹164.06.
ANO_45533272BE,TX_1C1C57A020F3,USR_02832,2026-08-31 17:43:37+05:30,ABNORMAL_FEE,fee_inr,396.61,169.26,2.34,IQR_UPPER_FENCE,Platform fee ₹396.61 breaches the asset's IQR upper fence of ₹169.26.
ANO_91F412573C,TX_940DF20AED8D,USR_04192,2026-08-31 21:58:46+05:30,ABNORMAL_FEE,fee_inr,486.67,166.3088,2.93,IQR_UPPER_FENCE,Platform fee ₹486.67 breaches the asset's IQR upper fence of ₹166.31.
ANO_924E58976D,TX_0578F0DD1355,USR_03667,2026-08-31 22:58:49+05:30,ABNORMAL_FEE,fee_inr,339.5,161.96,2.1,IQR_UPPER_FENCE,Platform fee ₹339.50 breaches the asset's IQR upper fence of ₹161.96.
ANO_B146CB53C9,TX_E35C813A9173,USR_08263,2026-08-31 23:01:35+05:30,ABNORMAL_FEE,fee_inr,264.16,165.72,1.59,IQR_UPPER_FENCE,Platform fee ₹264.16 breaches the asset's IQR upper fence of ₹165.72.
ANO_2BAA9F67DA,TX_36FFAAEAD42C,USR_03007,2026-08-31 23:16:42+05:30,ABNORMAL_FEE,fee_inr,416.92,166.3088,2.51,IQR_UPPER_FENCE,Platform fee ₹416.92 breaches the asset's IQR upper fence of ₹166.31.
ANO_9C595FF77D,TX_8C4EABB79E94,USR_09801,2026-09-01 01:22:30+05:30,ABNORMAL_FEE,fee_inr,257.37,161.96,1.59,IQR_UPPER_FENCE,Platform fee ₹257.37 breaches the asset's IQR upper fence of ₹161.96.
ANO_702E0B0442,TX_6B09E683728B,USR_02407,2026-09-01 03:27:18+05:30,ABNORMAL_FEE,fee_inr,600.07,169.26,3.55,IQR_UPPER_FENCE,Platform fee ₹600.07 breaches the asset's IQR upper fence of ₹169.26.
ANO_2831B2E465,TX_CC000B08F6E8,USR_05598,2026-09-01 04:27:14+05:30,ABNORMAL_FEE,fee_inr,587.67,169.26,3.47,IQR_UPPER_FENCE,Platform fee ₹587.67 breaches the asset's IQR upper fence of ₹169.26.
ANO_5E07D90754,TX_96C92461C29B,USR_04752,2026-09-01 04:41:57+05:30,ABNORMAL_FEE,fee_inr,328.04,169.26,1.94,IQR_UPPER_FENCE,Platform fee ₹328.04 breaches the asset's IQR upper fence of ₹169.26.
ANO_C0412ED224,TX_BE875AD5C2F1,USR_08966,2026-09-01 04:53:35+05:30,ABNORMAL_FEE,fee_inr,556.66,166.3088,3.35,IQR_UPPER_FENCE,Platform fee ₹556.66 breaches the asset's IQR upper fence of ₹166.31.
ANO_5AEC5E0952,TX_5F0FE0068379,USR_09814,2026-09-01 05:58:25+05:30,ABNORMAL_FEE,fee_inr,614.1,166.3088,3.69,IQR_UPPER_FENCE,Platform fee ₹614.10 breaches the asset's IQR upper fence of ₹166.31.
ANO_3971D4C867,TX_9043FFBDC3B8,USR_02406,2026-09-01 08:52:27+05:30,ABNORMAL_FEE,fee_inr,468.25,166.3088,2.82,IQR_UPPER_FENCE,Platform fee ₹468.25 breaches the asset's IQR upper fence of ₹166.31.
ANO_E8C07FAFD6,TX_856B9FF6ED61,USR_08759,2026-09-01 10:14:16+05:30,ABNORMAL_FEE,fee_inr,386.66,164.06,2.36,IQR_UPPER_FENCE,Platform fee ₹386.66 breaches the asset's IQR upper fence of ₹164.06.
ANO_B807E9E362,TX_A846A9ADD5CF,USR_02261,2026-09-01 10:33:55+05:30,ABNORMAL_FEE,fee_inr,465.19,166.3088,2.8,IQR_UPPER_FENCE,Platform fee ₹465.19 breaches the asset's IQR upper fence of ₹166.31.
ANO_6D73BBBC1E,TX_31A2C24A0996,USR_09801,2026-09-01 10:50:24+05:30,ABNORMAL_FEE,fee_inr,487.32,169.26,2.88,IQR_UPPER_FENCE,Platform fee ₹487.32 breaches the asset's IQR upper fence of ₹169.26.
ANO_3D0D6DEED4,TX_4BF9D01822AC,USR_04938,2026-09-01 12:37:42+05:30,ABNORMAL_FEE,fee_inr,495.58,169.26,2.93,IQR_UPPER_FENCE,Platform fee ₹495.58 breaches the asset's IQR upper fence of ₹169.26.
ANO_76A93F4378,TX_C434F69FE553,USR_08169,2026-09-01 16:18:37+05:30,ABNORMAL_FEE,fee_inr,519.58,169.26,3.07,IQR_UPPER_FENCE,Platform fee ₹519.58 breaches the asset's IQR upper fence of ₹169.26.
ANO_4B22DC89B6,TX_F29098751A0D,USR_02568,2026-09-01 16:45:00+05:30,ABNORMAL_FEE,fee_inr,552.05,161.96,3.41,IQR_UPPER_FENCE,Platform fee ₹552.05 breaches the asset's IQR upper fence of ₹161.96.
ANO_4F0930DEAE,TX_218FA23A4B71,USR_01459,2026-09-01 17:00:12+05:30,ABNORMAL_FEE,fee_inr,683.79,164.06,4.17,IQR_UPPER_FENCE,Platform fee ₹683.79 breaches the asset's IQR upper fence of ₹164.06.
ANO_2666A71F66,TX_FFE219D6ACFB,USR_02428,2026-09-01 18:13:07+05:30,ABNORMAL_FEE,fee_inr,495.29,166.3088,2.98,IQR_UPPER_FENCE,Platform fee ₹495.29 breaches the asset's IQR upper fence of ₹166.31.
ANO_93871B08F8,TX_719073C4DCCF,USR_04932,2026-09-01 18:58:38+05:30,ABNORMAL_FEE,fee_inr,393.06,161.96,2.43,IQR_UPPER_FENCE,Platform fee ₹393.06 breaches the asset's IQR upper fence of ₹161.96.
ANO_61F25CBE21,TX_ANO_FAL_04B93A84,USR_08285,2026-09-01 19:11:44+05:30,VELOCITY_BURST,tx_velocity_60m,5.0,5.0,1.0,TIME_WINDOW_COUNTER,"User executed 5 transactions within a 60-minute window, breaching velocity threshold of 5."
ANO_7DB4B65540,TX_7834250C2A0E,USR_07372,2026-09-01 23:01:20+05:30,ABNORMAL_FEE,fee_inr,372.78,169.26,2.2,IQR_UPPER_FENCE,Platform fee ₹372.78 breaches the asset's IQR upper fence of ₹169.26.
ANO_B3E5D6D6BF,TX_A4259F4263C9,USR_06240,2026-09-02 06:01:40+05:30,ABNORMAL_FEE,fee_inr,357.74,164.06,2.18,IQR_UPPER_FENCE,Platform fee ₹357.74 breaches the asset's IQR upper fence of ₹164.06.
ANO_0C2EC84670,TX_F1E68008B174,USR_08191,2026-09-02 10:30:01+05:30,ABNORMAL_FEE,fee_inr,306.26,169.26,1.81,IQR_UPPER_FENCE,Platform fee ₹306.26 breaches the asset's IQR upper fence of ₹169.26.
ANO_636FB99A17,TX_ANO_FAL_803EC02C,USR_01812,2026-09-02 11:46:56+05:30,REPEATED_FAILURES,consecutive_failures,4.0,3.0,1.33,FAILURE_STATE_MACHINE,"User encountered 4 consecutive failed transactions within 30m, indicating potential brute force credential guessing or payment gateway fault."
ANO_22AC45D32D,TX_906A4D7E035B,USR_06035,2026-09-02 15:50:06+05:30,ABNORMAL_FEE,fee_inr,491.07,161.96,3.03,IQR_UPPER_FENCE,Platform fee ₹491.07 breaches the asset's IQR upper fence of ₹161.96.
ANO_FF1929442B,TX_1447EE555BEE,USR_08123,2026-09-02 18:54:06+05:30,ABNORMAL_FEE,fee_inr,295.06,161.96,1.82,IQR_UPPER_FENCE,Platform fee ₹295.06 breaches the asset's IQR upper fence of ₹161.96.
ANO_DC5BBC090F,TX_A0D133D8D2D2,USR_02406,2026-09-02 22:38:51+05:30,ABNORMAL_FEE,fee_inr,565.99,166.3088,3.4,IQR_UPPER_FENCE,Platform fee ₹565.99 breaches the asset's IQR upper fence of ₹166.31.
ANO_2522C2816B,TX_153E7AC82491,USR_08255,2026-09-02 22:54:42+05:30,ABNORMAL_FEE,fee_inr,382.62,161.96,2.36,IQR_UPPER_FENCE,Platform fee ₹382.62 breaches the asset's IQR upper fence of ₹161.96.
ANO_27001E86FE,TX_A9C7043020F2,USR_01755,2026-09-03 06:26:44+05:30,ABNORMAL_FEE,fee_inr,481.23,161.96,2.97,IQR_UPPER_FENCE,Platform fee ₹481.23 breaches the asset's IQR upper fence of ₹161.96.
ANO_BAD9F8CE2A,TX_356401EA4CAC,USR_04392,2026-09-03 06:45:02+05:30,ABNORMAL_FEE,fee_inr,505.8,166.3088,3.04,IQR_UPPER_FENCE,Platform fee ₹505.80 breaches the asset's IQR upper fence of ₹166.31.
ANO_2C238CA653,TX_2D3A7B313A1F,USR_08255,2026-09-03 08:03:01+05:30,ABNORMAL_FEE,fee_inr,482.83,169.26,2.85,IQR_UPPER_FENCE,Platform fee ₹482.83 breaches the asset's IQR upper fence of ₹169.26.
ANO_41899B32DF,TX_DB5B99027757,USR_07115,2026-09-03 16:48:40+05:30,ABNORMAL_FEE,fee_inr,320.14,161.96,1.98,IQR_UPPER_FENCE,Platform fee ₹320.14 breaches the asset's IQR upper fence of ₹161.96.
ANO_B79411E930,TX_DC426B955842,USR_01672,2026-09-03 17:55:52+05:30,ABNORMAL_FEE,fee_inr,508.28,166.3088,3.06,IQR_UPPER_FENCE,Platform fee ₹508.28 breaches the asset's IQR upper fence of ₹166.31.
ANO_257C479CB6,TX_A5D60F87C4DC,USR_04991,2026-09-03 19:01:38+05:30,ABNORMAL_FEE,fee_inr,286.65,161.96,1.77,IQR_UPPER_FENCE,Platform fee ₹286.65 breaches the asset's IQR upper fence of ₹161.96.
ANO_559FC01B89,TX_10039FDBC918,USR_00933,2026-09-03 19:58:04+05:30,ABNORMAL_FEE,fee_inr,257.91,169.26,1.52,IQR_UPPER_FENCE,Platform fee ₹257.91 breaches the asset's IQR upper fence of ₹169.26.
ANO_106FC5A447,TX_379AE3F9F9C2,USR_08188,2026-09-03 20:37:09+05:30,ABNORMAL_FEE,fee_inr,548.42,164.06,3.34,IQR_UPPER_FENCE,Platform fee ₹548.42 breaches the asset's IQR upper fence of ₹164.06.
ANO_0A0ABDE661,TX_85838D9D4558,USR_05947,2026-09-03 22:56:58+05:30,BASELINE_SPIKE,user_baseline_zscore,92280.85,41366.4876,3.39,ROLLING_ZSCORE,"Transaction value ₹92,280.85 is 3.4σ above user's rolling historical baseline of ₹41,366.49."
ANO_FAB2561C04,TX_ANO_FAL_BC6AD21F,USR_09080,2026-09-04 02:17:10+05:30,REPEATED_FAILURES,consecutive_failures,3.0,3.0,1.0,FAILURE_STATE_MACHINE,"User encountered 3 consecutive failed transactions within 30m, indicating potential brute force credential guessing or payment gateway fault."
ANO_A3D315B35B,TX_ANO_FAL_57F2B6F1,USR_09080,2026-09-04 02:20:10+05:30,REPEATED_FAILURES,consecutive_failures,4.0,3.0,1.33,FAILURE_STATE_MACHINE,"User encountered 4 consecutive failed transactions within 30m, indicating potential brute force credential guessing or payment gateway fault."
ANO_DB201D99EC,TX_7CC78326E42E,USR_03458,2026-09-04 18:57:49+05:30,ABNORMAL_FEE,fee_inr,386.65,166.3088,2.32,IQR_UPPER_FENCE,Platform fee ₹386.65 breaches the asset's IQR upper fence of ₹166.31.
ANO_0CE7674BE3,TX_F90244012F71,USR_04752,2026-09-04 19:31:30+05:30,ABNORMAL_FEE,fee_inr,433.63,169.26,2.56,IQR_UPPER_FENCE,Platform fee ₹433.63 breaches the asset's IQR upper fence of ₹169.26.
ANO_969514ECC3,TX_D20CA62A5AB5,USR_06202,2026-09-05 01:40:54+05:30,ABNORMAL_FEE,fee_inr,388.97,169.26,2.3,IQR_UPPER_FENCE,Platform fee ₹388.97 breaches the asset's IQR upper fence of ₹169.26.
ANO_8777B6A2FE,TX_F56E83EB8D3E,USR_01470,2026-09-05 03:12:20+05:30,ABNORMAL_FEE,fee_inr,405.14,161.96,2.5,IQR_UPPER_FENCE,Platform fee ₹405.14 breaches the asset's IQR upper fence of ₹161.96.
ANO_237117F542,TX_EEE3FBAECBDA,USR_08247,2026-09-05 03:31:16+05:30,ABNORMAL_FEE,fee_inr,244.12,165.72,1.47,IQR_UPPER_FENCE,Platform fee ₹244.12 breaches the asset's IQR upper fence of ₹165.72.
ANO_0535FBEB8F,TX_FC3FB1A0AE9A,USR_04395,2026-09-05 04:41:48+05:30,ABNORMAL_FEE,fee_inr,646.74,161.96,3.99,IQR_UPPER_FENCE,Platform fee ₹646.74 breaches the asset's IQR upper fence of ₹161.96.
ANO_B88AB4843E,TX_874CF8827870,USR_08910,2026-09-05 06:21:14+05:30,ABNORMAL_FEE,fee_inr,547.43,166.3088,3.29,IQR_UPPER_FENCE,Platform fee ₹547.43 breaches the asset's IQR upper fence of ₹166.31.
ANO_D6506C96DE,TX_8F82CC264D74,USR_08233,2026-09-05 07:01:13+05:30,ABNORMAL_FEE,fee_inr,377.16,161.96,2.33,IQR_UPPER_FENCE,Platform fee ₹377.16 breaches the asset's IQR upper fence of ₹161.96.
ANO_E181372B0E,TX_863B03C76E4D,USR_05881,2026-09-05 07:56:40+05:30,ABNORMAL_FEE,fee_inr,287.38,169.26,1.7,IQR_UPPER_FENCE,Platform fee ₹287.38 breaches the asset's IQR upper fence of ₹169.26.
ANO_35D37C37C9,TX_ANO_FAL_C8B77F8B,USR_00360,2026-09-05 09:26:30+05:30,REPEATED_FAILURES,consecutive_failures,2.0,3.0,0.67,FAILURE_STATE_MACHINE,"User encountered 2 consecutive failed transactions within 30m, indicating potential brute force credential guessing or payment gateway fault."
ANO_989911B38C,TX_ANO_FAL_90D3D28E,USR_00360,2026-09-05 09:29:30+05:30,REPEATED_FAILURES,consecutive_failures,3.0,3.0,1.0,FAILURE_STATE_MACHINE,"User encountered 3 consecutive failed transactions within 30m, indicating potential brute force credential guessing or payment gateway fault."
ANO_466F7680E1,TX_E7E0D257B94C,USR_06850,2026-09-05 09:45:22+05:30,ABNORMAL_FEE,fee_inr,250.82,165.72,1.51,IQR_UPPER_FENCE,Platform fee ₹250.82 breaches the asset's IQR upper fence of ₹165.72.
ANO_614E150DD7,TX_C384C0C35DD7,USR_04732,2026-09-05 18:39:34+05:30,ABNORMAL_FEE,fee_inr,358.79,169.26,2.12,IQR_UPPER_FENCE,Platform fee ₹358.79 breaches the asset's IQR upper fence of ₹169.26.
ANO_AA2C97AF0C,TX_3A89815A78A8,USR_05203,2026-09-05 19:07:19+05:30,ABNORMAL_FEE,fee_inr,344.16,167.3525,2.06,IQR_UPPER_FENCE,Platform fee ₹344.16 breaches the asset's IQR upper fence of ₹167.35.
ANO_3CFCD15FF5,TX_A9544F506D48,USR_00768,2026-09-06 02:27:59+05:30,ABNORMAL_FEE,fee_inr,340.25,169.26,2.01,IQR_UPPER_FENCE,Platform fee ₹340.25 breaches the asset's IQR upper fence of ₹169.26.
ANO_7C7A297D2C,TX_E6306BADD189,USR_06822,2026-09-06 06:12:55+05:30,ABNORMAL_FEE,fee_inr,664.9,164.06,4.05,IQR_UPPER_FENCE,Platform fee ₹664.90 breaches the asset's IQR upper fence of ₹164.06.
ANO_C656F38D57,TX_683C7680857F,USR_00149,2026-09-06 07:18:53+05:30,ABNORMAL_FEE,fee_inr,427.73,161.96,2.64,IQR_UPPER_FENCE,Platform fee ₹427.73 breaches the asset's IQR upper fence of ₹161.96.
ANO_7765410CE6,TX_ANO_SPK_1D27480B,USR_05174,2026-09-06 08:06:03+05:30,BASELINE_SPIKE,user_baseline_zscore,52133.82,250.0,20.75,ROLLING_ZSCORE,"Transaction value ₹52,133.82 is 20.8σ above user's rolling historical baseline of ₹250.00."
ANO_AEEB26C1A5,TX_0BDCF296FB9B,USR_06606,2026-09-06 08:19:04+05:30,ABNORMAL_FEE,fee_inr,362.3,164.06,2.21,IQR_UPPER_FENCE,Platform fee ₹362.30 breaches the asset's IQR upper fence of ₹164.06.
ANO_9CE25BE740,TX_ANO_VEL_CF8FEDCF,USR_05289,2026-09-06 09:08:17+05:30,VELOCITY_BURST,tx_velocity_60m,8.0,5.0,1.6,TIME_WINDOW_COUNTER,"User executed 8 transactions within a 60-minute window, breaching velocity threshold of 5."
ANO_8EB4169A27,TX_DC04D2709A20,USR_03836,2026-09-06 11:55:42+05:30,ABNORMAL_FEE,fee_inr,347.39,169.26,2.05,IQR_UPPER_FENCE,Platform fee ₹347.39 breaches the asset's IQR upper fence of ₹169.26.
ANO_95901FBA5E,TX_21E2CE0C870E,USR_08446,2026-09-06 17:41:32+05:30,ABNORMAL_FEE,fee_inr,301.05,167.3525,1.8,IQR_UPPER_FENCE,Platform fee ₹301.05 breaches the asset's IQR upper fence of ₹167.35.
ANO_B4BAD234DC,TX_A28B1CE69977,USR_01944,2026-09-06 18:31:27+05:30,ABNORMAL_FEE,fee_inr,398.44,166.3088,2.4,IQR_UPPER_FENCE,Platform fee ₹398.44 breaches the asset's IQR upper fence of ₹166.31.
ANO_247751E8C0,TX_0A60CB601978,USR_01443,2026-09-06 18:45:15+05:30,ABNORMAL_FEE,fee_inr,293.39,166.3088,1.76,IQR_UPPER_FENCE,Platform fee ₹293.39 breaches the asset's IQR upper fence of ₹166.31.
ANO_8699ED146D,TX_160DCB6828E3,USR_09826,2026-09-06 22:01:51+05:30,ABNORMAL_FEE,fee_inr,497.13,161.96,3.07,IQR_UPPER_FENCE,Platform fee ₹497.13 breaches the asset's IQR upper fence of ₹161.96.
ANO_9196FE7AE3,TX_50EF436573B0,USR_03817,2026-09-07 02:31:52+05:30,ABNORMAL_FEE,fee_inr,198.15,169.26,1.17,IQR_UPPER_FENCE,Platform fee ₹198.15 breaches the asset's IQR upper fence of ₹169.26.
ANO_B3C8386F66,TX_ANO_VEL_BE074C74,USR_04284,2026-09-07 04:30:15+05:30,VELOCITY_BURST,tx_velocity_60m,9.0,5.0,1.8,TIME_WINDOW_COUNTER,"User executed 9 transactions within a 60-minute window, breaching velocity threshold of 5."
ANO_E6B3199160,TX_2C5CD8952E4F,USR_03458,2026-09-07 07:01:21+05:30,ABNORMAL_FEE,fee_inr,242.53,169.26,1.43,IQR_UPPER_FENCE,Platform fee ₹242.53 breaches the asset's IQR upper fence of ₹169.26.
ANO_86A979088E,TX_92B13A2329D5,USR_05203,2026-09-07 07:08:32+05:30,ABNORMAL_FEE,fee_inr,504.33,166.3088,3.03,IQR_UPPER_FENCE,Platform fee ₹504.33 breaches the asset's IQR upper fence of ₹166.31.
ANO_AF0B190974,TX_B5A99E0DB560,USR_04485,2026-09-07 07:11:48+05:30,BASELINE_SPIKE,user_baseline_zscore,91973.53,45537.6749,3.1,ROLLING_ZSCORE,"Transaction value ₹91,973.53 is 3.1σ above user's rolling historical baseline of ₹45,537.67."
ANO_5074734B7E,TX_F482B93B0733,USR_09893,2026-09-07 11:21:08+05:30,BASELINE_SPIKE,user_baseline_zscore,12466.44,4449.1086,3.21,ROLLING_ZSCORE,"Transaction value ₹12,466.44 is 3.2σ above user's rolling historical baseline of ₹4,449.11."
ANO_CEF2CAC886,TX_508EAFF485F1,USR_05881,2026-09-07 19:48:49+05:30,ABNORMAL_FEE,fee_inr,383.84,161.96,2.37,IQR_UPPER_FENCE,Platform fee ₹383.84 breaches the asset's IQR upper fence of ₹161.96.
ANO_96AE6E460E,TX_2F379842355C,USR_00245,2026-09-08 00:12:57+05:30,ABNORMAL_FEE,fee_inr,225.71,165.72,1.36,IQR_UPPER_FENCE,Platform fee ₹225.71 breaches the asset's IQR upper fence of ₹165.72.
ANO_32B423CF8A,TX_F69B2BE8CA82,USR_05214,2026-09-08 06:24:02+05:30,ABNORMAL_FEE,fee_inr,418.23,166.3088,2.51,IQR_UPPER_FENCE,Platform fee ₹418.23 breaches the asset's IQR upper fence of ₹166.31.
ANO_4EE0164673,TX_CE7BC6C7CF67,USR_03448,2026-09-08 13:25:12+05:30,ABNORMAL_FEE,fee_inr,282.57,161.96,1.74,IQR_UPPER_FENCE,Platform fee ₹282.57 breaches the asset's IQR upper fence of ₹161.96.
ANO_278C653CEE,TX_0E55F54FFEAF,USR_03864,2026-09-08 16:57:44+05:30,ABNORMAL_FEE,fee_inr,357.02,166.3088,2.15,IQR_UPPER_FENCE,Platform fee ₹357.02 breaches the asset's IQR upper fence of ₹166.31.
ANO_092D332B16,TX_ANO_DEP_49837488,USR_07552,2026-09-08 20:15:31+05:30,BASELINE_SPIKE,user_baseline_zscore,652971.6,4861.316,259.24,ROLLING_ZSCORE,"Transaction value ₹652,971.60 is 259.2σ above user's rolling historical baseline of ₹4,861.32."
ANO_206087B9AB,TX_36946C48A122,USR_08946,2026-09-08 20:55:32+05:30,ABNORMAL_FEE,fee_inr,463.31,166.3088,2.79,IQR_UPPER_FENCE,Platform fee ₹463.31 breaches the asset's IQR upper fence of ₹166.31.
ANO_9084B35637,TX_A594CE6583E1,USR_07790,2026-09-09 01:19:26+05:30,ABNORMAL_FEE,fee_inr,482.82,166.3088,2.9,IQR_UPPER_FENCE,Platform fee ₹482.82 breaches the asset's IQR upper fence of ₹166.31.
ANO_2D200F3B9C,TX_CB9A757247A7,USR_06736,2026-09-09 02:58:41+05:30,ABNORMAL_FEE,fee_inr,320.78,169.26,1.9,IQR_UPPER_FENCE,Platform fee ₹320.78 breaches the asset's IQR upper fence of ₹169.26.
ANO_C7246FAF2B,TX_24DDCC1181C0,USR_00897,2026-09-09 13:29:08+05:30,ABNORMAL_FEE,fee_inr,216.27,167.3525,1.29,IQR_UPPER_FENCE,Platform fee ₹216.27 breaches the asset's IQR upper fence of ₹167.35.
ANO_DF85B0AB5F,TX_C4024739E7E8,USR_06482,2026-09-09 19:57:39+05:30,ABNORMAL_FEE,fee_inr,501.37,166.3088,3.01,IQR_UPPER_FENCE,Platform fee ₹501.37 breaches the asset's IQR upper fence of ₹166.31.
ANO_3086D78440,TX_94BE57EF8632,USR_04858,2026-09-09 21:06:10+05:30,ABNORMAL_FEE,fee_inr,245.77,169.26,1.45,IQR_UPPER_FENCE,Platform fee ₹245.77 breaches the asset's IQR upper fence of ₹169.26.
ANO_17D423E27B,TX_0DDEE6E8253B,USR_02749,2026-09-09 23:40:47+05:30,ABNORMAL_FEE,fee_inr,390.58,169.26,2.31,IQR_UPPER_FENCE,Platform fee ₹390.58 breaches the asset's IQR upper fence of ₹169.26.
ANO_C897D6990C,TX_A8E7602F26A3,USR_05217,2026-09-10 02:22:39+05:30,ABNORMAL_FEE,fee_inr,318.65,161.96,1.97,IQR_UPPER_FENCE,Platform fee ₹318.65 breaches the asset's IQR upper fence of ₹161.96.
ANO_222D08516C,TX_291E99B3E6E7,USR_07855,2026-09-10 03:24:33+05:30,BASELINE_SPIKE,user_baseline_zscore,91984.89,45627.3449,3.09,ROLLING_ZSCORE,"Transaction value ₹91,984.89 is 3.1σ above user's rolling historical baseline of ₹45,627.34."
ANO_98AD75F37E,TX_ANO_VEL_15F12D85,USR_06826,2026-09-10 10:25:40+05:30,VELOCITY_BURST,tx_velocity_60m,7.0,5.0,1.4,TIME_WINDOW_COUNTER,"User executed 7 transactions within a 60-minute window, breaching velocity threshold of 5."
ANO_F3B66639FC,TX_ANO_VEL_D1D6C01F,USR_06826,2026-09-10 10:27:40+05:30,VELOCITY_BURST,tx_velocity_60m,8.0,5.0,1.6,TIME_WINDOW_COUNTER,"User executed 8 transactions within a 60-minute window, breaching velocity threshold of 5."
ANO_C868AF0AFB,TX_83A3A5B114C4,USR_00264,2026-09-10 14:59:44+05:30,ABNORMAL_FEE,fee_inr,422.71,161.96,2.61,IQR_UPPER_FENCE,Platform fee ₹422.71 breaches the asset's IQR upper fence of ₹161.96.
ANO_7DA424A68B,TX_E55A5A5E3550,USR_02007,2026-09-10 18:11:12+05:30,ABNORMAL_FEE,fee_inr,361.61,161.96,2.23,IQR_UPPER_FENCE,Platform fee ₹361.61 breaches the asset's IQR upper fence of ₹161.96.
ANO_2112D8BE72,TX_ANO_WTH_BD6BA447,USR_09800,2026-09-10 19:31:25+05:30,BASELINE_SPIKE,user_baseline_zscore,469488.24,55971.2378,165.41,ROLLING_ZSCORE,"Transaction value ₹469,488.24 is 165.4σ above user's rolling historical baseline of ₹55,971.24."
ANO_127D8104DE,TX_ANO_WTH_BD6BA447,USR_09800,2026-09-10 19:31:25+05:30,RAPID_PASS_THROUGH,pass_through_minutes,7.0,15.0,2.14,STATE_TRANSITION_TIMING,"Rapid pass-through: Withdrawal of ₹469,488.24 requested just 7.0m after fiat deposit of ₹469,488.24 with zero trading activity."
ANO_03EAE9D9BB,TX_7981469358DF,USR_09399,2026-09-10 20:14:19+05:30,ABNORMAL_FEE,fee_inr,440.74,169.26,2.6,IQR_UPPER_FENCE,Platform fee ₹440.74 breaches the asset's IQR upper fence of ₹169.26.
ANO_1D66C6E54F,TX_9CC07BC936C2,USR_08204,2026-09-10 22:40:29+05:30,ABNORMAL_FEE,fee_inr,170.02,166.3088,1.02,IQR_UPPER_FENCE,Platform fee ₹170.02 breaches the asset's IQR upper fence of ₹166.31.
ANO_65B51C5F48,TX_D2061F64E4B9,USR_08376,2026-09-10 23:07:59+05:30,ABNORMAL_FEE,fee_inr,504.17,161.96,3.11,IQR_UPPER_FENCE,Platform fee ₹504.17 breaches the asset's IQR upper fence of ₹161.96.
ANO_98B901CC1C,TX_11FC7B2058EE,USR_02261,2026-09-10 23:09:21+05:30,ABNORMAL_FEE,fee_inr,503.62,166.3088,3.03,IQR_UPPER_FENCE,Platform fee ₹503.62 breaches the asset's IQR upper fence of ₹166.31.
ANO_46F6041A5A,TX_D127A9D35F81,USR_02478,2026-09-11 09:56:01+05:30,ABNORMAL_FEE,fee_inr,275.11,169.26,1.63,IQR_UPPER_FENCE,Platform fee ₹275.11 breaches the asset's IQR upper fence of ₹169.26.
ANO_C876C9ACEA,TX_DBEABCDB9E6F,USR_06541,2026-09-11 09:58:56+05:30,ABNORMAL_FEE,fee_inr,655.95,165.72,3.96,IQR_UPPER_FENCE,Platform fee ₹655.95 breaches the asset's IQR upper fence of ₹165.72.
ANO_1D5BB99C4F,TX_4B54CDDB34C7,USR_05308,2026-09-11 13:32:49+05:30,ABNORMAL_FEE,fee_inr,418.93,167.3525,2.5,IQR_UPPER_FENCE,Platform fee ₹418.93 breaches the asset's IQR upper fence of ₹167.35.
ANO_2AF5EB30E5,TX_E2B75BEAFF9E,USR_06404,2026-09-11 14:29:43+05:30,ABNORMAL_FEE,fee_inr,601.56,169.26,3.55,IQR_UPPER_FENCE,Platform fee ₹601.56 breaches the asset's IQR upper fence of ₹169.26.
ANO_C28E7909EE,TX_4AC8DF61E5D7,USR_07107,2026-09-11 14:30:20+05:30,ABNORMAL_FEE,fee_inr,382.16,169.26,2.26,IQR_UPPER_FENCE,Platform fee ₹382.16 breaches the asset's IQR upper fence of ₹169.26.
ANO_A2D2A7F3F3,TX_ANO_FAL_DA023F00,USR_06140,2026-09-11 16:18:13+05:30,REPEATED_FAILURES,consecutive_failures,2.0,3.0,0.67,FAILURE_STATE_MACHINE,"User encountered 2 consecutive failed transactions within 30m, indicating potential brute force credential guessing or payment gateway fault."
ANO_28DF5EC53A,TX_5E52111C5505,USR_05210,2026-09-11 17:59:25+05:30,ABNORMAL_FEE,fee_inr,241.95,169.26,1.43,IQR_UPPER_FENCE,Platform fee ₹241.95 breaches the asset's IQR upper fence of ₹169.26.
ANO_0678B3D516,TX_F218811439FB,USR_04667,2026-09-11 20:27:28+05:30,ABNORMAL_FEE,fee_inr,519.76,169.26,3.07,IQR_UPPER_FENCE,Platform fee ₹519.76 breaches the asset's IQR upper fence of ₹169.26.
ANO_85E5035A62,TX_038B412D5EFB,USR_01711,2026-09-11 21:22:49+05:30,ABNORMAL_FEE,fee_inr,487.88,169.26,2.88,IQR_UPPER_FENCE,Platform fee ₹487.88 breaches the asset's IQR upper fence of ₹169.26.
ANO_1C4FE10665,TX_A1F40958036E,USR_08444,2026-09-12 02:40:50+05:30,ABNORMAL_FEE,fee_inr,347.81,166.3088,2.09,IQR_UPPER_FENCE,Platform fee ₹347.81 breaches the asset's IQR upper fence of ₹166.31.
ANO_73F3F39934,TX_F9C8B9FA9917,USR_08929,2026-09-12 03:27:59+05:30,ABNORMAL_FEE,fee_inr,353.12,161.96,2.18,IQR_UPPER_FENCE,Platform fee ₹353.12 breaches the asset's IQR upper fence of ₹161.96.
ANO_12A73E7475,TX_C43CBFF06AB5,USR_06530,2026-09-12 05:44:02+05:30,ABNORMAL_FEE,fee_inr,555.78,161.96,3.43,IQR_UPPER_FENCE,Platform fee ₹555.78 breaches the asset's IQR upper fence of ₹161.96.
ANO_E4C7CB69C3,TX_ANO_VEL_A9FACF73,USR_00162,2026-09-12 06:48:19+05:30,VELOCITY_BURST,tx_velocity_60m,12.0,5.0,2.4,TIME_WINDOW_COUNTER,"User executed 12 transactions within a 60-minute window, breaching velocity threshold of 5."
ANO_B7DF9F0517,TX_5DF73B39675A,USR_07201,2026-09-12 07:06:09+05:30,ABNORMAL_FEE,fee_inr,447.43,161.96,2.76,IQR_UPPER_FENCE,Platform fee ₹447.43 breaches the asset's IQR upper fence of ₹161.96.
ANO_95B30F7C5D,TX_05AD820CB0A8,USR_06240,2026-09-12 13:00:59+05:30,ABNORMAL_FEE,fee_inr,292.66,169.26,1.73,IQR_UPPER_FENCE,Platform fee ₹292.66 breaches the asset's IQR upper fence of ₹169.26.
ANO_A2CA7AC418,TX_183360314CF9,USR_02348,2026-09-12 13:41:24+05:30,ABNORMAL_FEE,fee_inr,442.31,169.26,2.61,IQR_UPPER_FENCE,Platform fee ₹442.31 breaches the asset's IQR upper fence of ₹169.26.
ANO_27FD29DAFA,TX_B5BB05C903D6,USR_02289,2026-09-12 21:11:39+05:30,ABNORMAL_FEE,fee_inr,489.25,161.96,3.02,IQR_UPPER_FENCE,Platform fee ₹489.25 breaches the asset's IQR upper fence of ₹161.96.
ANO_25C5AB03EC,TX_98987AE4FFF8,USR_01860,2026-09-13 02:27:41+05:30,ABNORMAL_FEE,fee_inr,556.58,167.3525,3.33,IQR_UPPER_FENCE,Platform fee ₹556.58 breaches the asset's IQR upper fence of ₹167.35.
ANO_1C842A8A68,TX_8C553F69B14C,USR_06301,2026-09-13 03:01:27+05:30,ABNORMAL_FEE,fee_inr,601.72,161.96,3.72,IQR_UPPER_FENCE,Platform fee ₹601.72 breaches the asset's IQR upper fence of ₹161.96.
ANO_E0DD003CAA,TX_ANO_DEP_10BD4B2C,USR_05746,2026-09-13 05:37:38+05:30,BASELINE_SPIKE,user_baseline_zscore,794253.47,4582.035,315.87,ROLLING_ZSCORE,"Transaction value ₹794,253.47 is 315.9σ above user's rolling historical baseline of ₹4,582.04."
ANO_C3952FA411,TX_28825DFDD649,USR_06148,2026-09-13 07:27:34+05:30,ABNORMAL_FEE,fee_inr,510.06,161.96,3.15,IQR_UPPER_FENCE,Platform fee ₹510.06 breaches the asset's IQR upper fence of ₹161.96.
ANO_D595CE5AB7,TX_FB873FC9E4C0,USR_08121,2026-09-13 13:34:33+05:30,ABNORMAL_FEE,fee_inr,361.98,161.96,2.23,IQR_UPPER_FENCE,Platform fee ₹361.98 breaches the asset's IQR upper fence of ₹161.96.
ANO_60607FDE6F,TX_ANO_VEL_BCC87FAF,USR_01181,2026-09-13 14:02:37+05:30,VELOCITY_BURST,tx_velocity_60m,12.0,5.0,2.4,TIME_WINDOW_COUNTER,"User executed 12 transactions within a 60-minute window, breaching velocity threshold of 5."
ANO_1A6DECAB39,TX_CD972A454EB0,USR_06404,2026-09-13 15:44:06+05:30,ABNORMAL_FEE,fee_inr,486.63,166.3088,2.93,IQR_UPPER_FENCE,Platform fee ₹486.63 breaches the asset's IQR upper fence of ₹166.31.
ANO_8995B3982F,TX_ANO_VEL_FC87D9D9,USR_02872,2026-09-13 16:26:31+05:30,VELOCITY_BURST,tx_velocity_60m,5.0,5.0,1.0,TIME_WINDOW_COUNTER,"User executed 5 transactions within a 60-minute window, breaching velocity threshold of 5."
ANO_FC5E93B363,TX_ANO_VEL_4430D939,USR_02872,2026-09-13 16:38:31+05:30,VELOCITY_BURST,tx_velocity_60m,11.0,5.0,2.2,TIME_WINDOW_COUNTER,"User executed 11 transactions within a 60-minute window, breaching velocity threshold of 5."
ANO_1521ADD7DA,TX_FC115132CDD2,USR_08188,2026-09-13 22:55:44+05:30,ABNORMAL_FEE,fee_inr,367.55,166.3088,2.21,IQR_UPPER_FENCE,Platform fee ₹367.55 breaches the asset's IQR upper fence of ₹166.31.
ANO_3FEAC18572,TX_0526F3971B57,USR_08776,2026-09-14 07:01:59+05:30,BASELINE_SPIKE,user_baseline_zscore,11252.71,3707.865,3.02,ROLLING_ZSCORE,"Transaction value ₹11,252.71 is 3.0σ above user's rolling historical baseline of ₹3,707.86."
ANO_830874C551,TX_A2F0E03609EE,USR_00041,2026-09-14 12:21:10+05:30,ABNORMAL_FEE,fee_inr,417.82,166.3088,2.51,IQR_UPPER_FENCE,Platform fee ₹417.82 breaches the asset's IQR upper fence of ₹166.31.
ANO_CB8B5EBB55,TX_ABBC21B997C4,USR_07115,2026-09-14 13:02:11+05:30,ABNORMAL_FEE,fee_inr,258.03,169.26,1.52,IQR_UPPER_FENCE,Platform fee ₹258.03 breaches the asset's IQR upper fence of ₹169.26.
ANO_E3FF315129,TX_ANO_VEL_6863D3AB,USR_04012,2026-09-14 15:08:01+05:30,VELOCITY_BURST,tx_velocity_60m,9.0,5.0,1.8,TIME_WINDOW_COUNTER,"User executed 9 transactions within a 60-minute window, breaching velocity threshold of 5."
ANO_D21058F9F8,TX_0139F56F6F32,USR_01609,2026-09-14 15:08:37+05:30,ABNORMAL_FEE,fee_inr,319.87,166.3088,1.92,IQR_UPPER_FENCE,Platform fee ₹319.87 breaches the asset's IQR upper fence of ₹166.31.
ANO_69826A334F,TX_DEA9EECC5AB4,USR_03864,2026-09-14 16:29:48+05:30,ABNORMAL_FEE,fee_inr,372.88,161.96,2.3,IQR_UPPER_FENCE,Platform fee ₹372.88 breaches the asset's IQR upper fence of ₹161.96.
ANO_E543508572,TX_44AE885A5C4C,USR_00274,2026-09-14 16:38:31+05:30,ABNORMAL_FEE,fee_inr,249.02,161.96,1.54,IQR_UPPER_FENCE,Platform fee ₹249.02 breaches the asset's IQR upper fence of ₹161.96.
ANO_422779D187,TX_BFD507F4E450,USR_08946,2026-09-14 17:14:31+05:30,ABNORMAL_FEE,fee_inr,406.98,161.96,2.51,IQR_UPPER_FENCE,Platform fee ₹406.98 breaches the asset's IQR upper fence of ₹161.96.
ANO_32DA8759D7,TX_788344892BC5,USR_01260,2026-09-14 19:44:41+05:30,ABNORMAL_FEE,fee_inr,501.33,169.26,2.96,IQR_UPPER_FENCE,Platform fee ₹501.33 breaches the asset's IQR upper fence of ₹169.26.
ANO_3BA442FD9F,TX_A349E19E408C,USR_06035,2026-09-14 21:22:07+05:30,ABNORMAL_FEE,fee_inr,497.91,167.3525,2.98,IQR_UPPER_FENCE,Platform fee ₹497.91 breaches the asset's IQR upper fence of ₹167.35.
ANO_89D29AA8F2,TX_85D6C20119DC,USR_06222,2026-09-15 00:37:07+05:30,ABNORMAL_FEE,fee_inr,432.96,166.3088,2.6,IQR_UPPER_FENCE,Platform fee ₹432.96 breaches the asset's IQR upper fence of ₹166.31.
ANO_A7A29DF3A9,TX_ANO_DEP_0BCB0058,USR_07767,2026-09-15 01:42:26+05:30,BASELINE_SPIKE,user_baseline_zscore,750976.5,7176.7633,297.52,ROLLING_ZSCORE,"Transaction value ₹750,976.50 is 297.5σ above user's rolling historical baseline of ₹7,176.76."
ANO_B1977F69F2,TX_D6FC5449C0D5,USR_08188,2026-09-15 03:12:54+05:30,ABNORMAL_FEE,fee_inr,445.73,167.3525,2.66,IQR_UPPER_FENCE,Platform fee ₹445.73 breaches the asset's IQR upper fence of ₹167.35.
ANO_0112556DBB,TX_68693124C516,USR_09470,2026-09-15 05:19:28+05:30,ABNORMAL_FEE,fee_inr,273.25,169.26,1.61,IQR_UPPER_FENCE,Platform fee ₹273.25 breaches the asset's IQR upper fence of ₹169.26.
ANO_BB453580EE,TX_13EEDF36849E,USR_00041,2026-09-15 09:06:46+05:30,ABNORMAL_FEE,fee_inr,492.73,166.3088,2.96,IQR_UPPER_FENCE,Platform fee ₹492.73 breaches the asset's IQR upper fence of ₹166.31.
ANO_604EC23AC4,TX_ANO_WTH_EABD8162,USR_07088,2026-09-15 11:37:05+05:30,RAPID_PASS_THROUGH,pass_through_minutes,4.0,15.0,3.75,STATE_TRANSITION_TIMING,"Rapid pass-through: Withdrawal of ₹772,557.31 requested just 4.0m after fiat deposit of ₹772,557.31 with zero trading activity."
ANO_350E1C59B5,TX_B2225447A154,USR_09832,2026-09-15 14:31:27+05:30,ABNORMAL_FEE,fee_inr,389.35,165.72,2.35,IQR_UPPER_FENCE,Platform fee ₹389.35 breaches the asset's IQR upper fence of ₹165.72.
ANO_A96E106B8D,TX_0C130759E4A6,USR_00362,2026-09-15 19:44:48+05:30,ABNORMAL_FEE,fee_inr,491.39,169.26,2.9,IQR_UPPER_FENCE,Platform fee ₹491.39 breaches the asset's IQR upper fence of ₹169.26.
ANO_0F7D01459B,TX_ANO_WTH_23F146E8,USR_01201,2026-09-15 21:17:53+05:30,RAPID_PASS_THROUGH,pass_through_minutes,3.0,15.0,5.0,STATE_TRANSITION_TIMING,"Rapid pass-through: Withdrawal of ₹400,530.57 requested just 3.0m after fiat deposit of ₹400,530.57 with zero trading activity."
ANO_224B64CB40,TX_63B8A27F26BB,USR_01672,2026-09-15 21:27:56+05:30,ABNORMAL_FEE,fee_inr,352.61,166.3088,2.12,IQR_UPPER_FENCE,Platform fee ₹352.61 breaches the asset's IQR upper fence of ₹166.31.
ANO_BB150DDD29,TX_05708D88213B,USR_02742,2026-09-15 22:44:33+05:30,ABNORMAL_FEE,fee_inr,310.48,166.3088,1.87,IQR_UPPER_FENCE,Platform fee ₹310.48 breaches the asset's IQR upper fence of ₹166.31.
ANO_5DCB0F75D6,TX_E7441FE12E6C,USR_01755,2026-09-16 00:56:53+05:30,ABNORMAL_FEE,fee_inr,445.21,165.72,2.69,IQR_UPPER_FENCE,Platform fee ₹445.21 breaches the asset's IQR upper fence of ₹165.72.
ANO_2E009A264F,TX_6271733A5FC7,USR_08233,2026-09-16 09:12:57+05:30,ABNORMAL_FEE,fee_inr,390.53,166.3088,2.35,IQR_UPPER_FENCE,Platform fee ₹390.53 breaches the asset's IQR upper fence of ₹166.31.
ANO_7A619F032C,TX_ANO_VEL_8E5BE0D3,USR_04650,2026-09-16 11:35:00+05:30,VELOCITY_BURST,tx_velocity_60m,7.0,5.0,1.4,TIME_WINDOW_COUNTER,"User executed 7 transactions within a 60-minute window, breaching velocity threshold of 5."
ANO_40E3D5E698,TX_30ECB3026DD1,USR_02906,2026-09-16 15:07:31+05:30,ABNORMAL_FEE,fee_inr,381.78,169.26,2.26,IQR_UPPER_FENCE,Platform fee ₹381.78 breaches the asset's IQR upper fence of ₹169.26.
ANO_97FDE1B5EB,TX_D59647BA0FFA,USR_00219,2026-09-16 16:26:31+05:30,ABNORMAL_FEE,fee_inr,324.0,165.72,1.96,IQR_UPPER_FENCE,Platform fee ₹324.00 breaches the asset's IQR upper fence of ₹165.72.
ANO_2486ACDD71,TX_8AB7A535D70F,USR_02466,2026-09-16 21:39:47+05:30,ABNORMAL_FEE,fee_inr,437.26,167.3525,2.61,IQR_UPPER_FENCE,Platform fee ₹437.26 breaches the asset's IQR upper fence of ₹167.35.
ANO_77ACD07A2C,TX_B543FAA7AAF0,USR_02255,2026-09-16 21:53:30+05:30,ABNORMAL_FEE,fee_inr,198.87,166.3088,1.2,IQR_UPPER_FENCE,Platform fee ₹198.87 breaches the asset's IQR upper fence of ₹166.31.
ANO_4D778FDF53,TX_AB8B2D0F4CF6,USR_09224,2026-09-17 01:35:56+05:30,ABNORMAL_FEE,fee_inr,552.81,166.3088,3.32,IQR_UPPER_FENCE,Platform fee ₹552.81 breaches the asset's IQR upper fence of ₹166.31.
ANO_340F964929,TX_93B8BEAB06D6,USR_09673,2026-09-17 01:46:54+05:30,ABNORMAL_FEE,fee_inr,245.43,161.96,1.52,IQR_UPPER_FENCE,Platform fee ₹245.43 breaches the asset's IQR upper fence of ₹161.96.
ANO_8E95876B8A,TX_A03FE8CD9B18,USR_02899,2026-09-17 02:06:53+05:30,BASELINE_SPIKE,user_baseline_zscore,10804.66,3227.34,3.03,ROLLING_ZSCORE,"Transaction value ₹10,804.66 is 3.0σ above user's rolling historical baseline of ₹3,227.34."
ANO_DF4F2F7FAF,TX_ANO_VEL_CBF08771,USR_04183,2026-09-17 08:29:35+05:30,VELOCITY_BURST,tx_velocity_60m,6.0,5.0,1.2,TIME_WINDOW_COUNTER,"User executed 6 transactions within a 60-minute window, breaching velocity threshold of 5."
ANO_3FE43DC1D1,TX_F4253E047855,USR_07336,2026-09-17 08:37:18+05:30,ABNORMAL_FEE,fee_inr,484.15,161.96,2.99,IQR_UPPER_FENCE,Platform fee ₹484.15 breaches the asset's IQR upper fence of ₹161.96.
ANO_224052A282,TX_ANO_VEL_482537A8,USR_05555,2026-09-17 10:51:58+05:30,VELOCITY_BURST,tx_velocity_60m,7.0,5.0,1.4,TIME_WINDOW_COUNTER,"User executed 7 transactions within a 60-minute window, breaching velocity threshold of 5."
ANO_8EAF90E236,TX_000D4F6AE9DE,USR_05098,2026-09-17 15:36:22+05:30,ABNORMAL_FEE,fee_inr,551.73,169.26,3.26,IQR_UPPER_FENCE,Platform fee ₹551.73 breaches the asset's IQR upper fence of ₹169.26.
ANO_4D9889CF16,TX_5D31F51DADCC,USR_09614,2026-09-17 16:31:22+05:30,ABNORMAL_FEE,fee_inr,422.85,161.96,2.61,IQR_UPPER_FENCE,Platform fee ₹422.85 breaches the asset's IQR upper fence of ₹161.96.
ANO_A778D3B9CC,TX_03920FAEAEAB,USR_06458,2026-09-17 21:26:56+05:30,ABNORMAL_FEE,fee_inr,709.63,165.72,4.28,IQR_UPPER_FENCE,Platform fee ₹709.63 breaches the asset's IQR upper fence of ₹165.72.
ANO_28883A5A6D,TX_FB5A045DFE1C,USR_09663,2026-09-18 00:48:46+05:30,ABNORMAL_FEE,fee_inr,562.5,166.3088,3.38,IQR_UPPER_FENCE,Platform fee ₹562.50 breaches the asset's IQR upper fence of ₹166.31.
ANO_B74A216E47,TX_C5B56C974E6D,USR_09915,2026-09-18 01:34:19+05:30,BASELINE_SPIKE,user_baseline_zscore,86465.23,41460.2579,3.0,ROLLING_ZSCORE,"Transaction value ₹86,465.23 is 3.0σ above user's rolling historical baseline of ₹41,460.26."
ANO_1C755EDEB8,TX_FD5421975B20,USR_00274,2026-09-18 02:06:41+05:30,ABNORMAL_FEE,fee_inr,482.63,161.96,2.98,IQR_UPPER_FENCE,Platform fee ₹482.63 breaches the asset's IQR upper fence of ₹161.96.
ANO_AF07C61CDA,TX_2C3CD05086A1,USR_06085,2026-09-18 04:31:54+05:30,ABNORMAL_FEE,fee_inr,334.0,169.26,1.97,IQR_UPPER_FENCE,Platform fee ₹334.00 breaches the asset's IQR upper fence of ₹169.26.
ANO_C781D35C1F,TX_376480C4D54F,USR_09801,2026-09-18 05:08:29+05:30,ABNORMAL_FEE,fee_inr,525.7,166.3088,3.16,IQR_UPPER_FENCE,Platform fee ₹525.70 breaches the asset's IQR upper fence of ₹166.31.
ANO_D89595022C,TX_9EDB4D588B11,USR_06177,2026-09-18 06:28:35+05:30,ABNORMAL_FEE,fee_inr,243.56,169.26,1.44,IQR_UPPER_FENCE,Platform fee ₹243.56 breaches the asset's IQR upper fence of ₹169.26.
ANO_91525C75C6,TX_C3D9764643F8,USR_03411,2026-09-18 07:47:12+05:30,ABNORMAL_FEE,fee_inr,387.34,169.26,2.29,IQR_UPPER_FENCE,Platform fee ₹387.34 breaches the asset's IQR upper fence of ₹169.26.
ANO_2C9EBBCF97,TX_969AD4ED5BB2,USR_09882,2026-09-18 09:55:43+05:30,ABNORMAL_FEE,fee_inr,507.02,165.72,3.06,IQR_UPPER_FENCE,Platform fee ₹507.02 breaches the asset's IQR upper fence of ₹165.72.
ANO_2AEEDA8623,TX_D2DC8DC65057,USR_00283,2026-09-18 11:49:21+05:30,ABNORMAL_FEE,fee_inr,626.16,164.06,3.82,IQR_UPPER_FENCE,Platform fee ₹626.16 breaches the asset's IQR upper fence of ₹164.06.
ANO_125AF61C99,TX_ANO_WTH_6D549C17,USR_02596,2026-09-18 16:20:29+05:30,RAPID_PASS_THROUGH,pass_through_minutes,5.0,15.0,3.0,STATE_TRANSITION_TIMING,"Rapid pass-through: Withdrawal of ₹766,910.48 requested just 5.0m after fiat deposit of ₹766,910.48 with zero trading activity."
ANO_FB7BA1AFF6,TX_83BC9E7F363E,USR_08579,2026-09-18 19:19:19+05:30,ABNORMAL_FEE,fee_inr,539.11,166.3088,3.24,IQR_UPPER_FENCE,Platform fee ₹539.11 breaches the asset's IQR upper fence of ₹166.31.
ANO_6CA2EC6171,TX_5696785ECB1D,USR_06505,2026-09-18 20:48:57+05:30,ABNORMAL_FEE,fee_inr,455.35,166.3088,2.74,IQR_UPPER_FENCE,Platform fee ₹455.35 breaches the asset's IQR upper fence of ₹166.31.
ANO_6908B25B3D,TX_78F6E98906F8,USR_06301,2026-09-19 03:39:23+05:30,ABNORMAL_FEE,fee_inr,661.11,164.06,4.03,IQR_UPPER_FENCE,Platform fee ₹661.11 breaches the asset's IQR upper fence of ₹164.06.
ANO_CA4DCE3EFE,TX_FE93AD4AB53D,USR_09679,2026-09-19 07:07:31+05:30,ABNORMAL_FEE,fee_inr,292.68,166.3088,1.76,IQR_UPPER_FENCE,Platform fee ₹292.68 breaches the asset's IQR upper fence of ₹166.31.
ANO_A0834E1DF6,TX_ANO_WTH_CB7B04F2,USR_07601,2026-09-19 09:13:59+05:30,RAPID_PASS_THROUGH,pass_through_minutes,4.0,15.0,3.75,STATE_TRANSITION_TIMING,"Rapid pass-through: Withdrawal of ₹720,045.47 requested just 4.0m after fiat deposit of ₹720,045.47 with zero trading activity."
ANO_5B3AFB10B9,TX_BB5AE9841C3C,USR_03267,2026-09-20 02:41:19+05:30,ABNORMAL_FEE,fee_inr,412.86,164.06,2.52,IQR_UPPER_FENCE,Platform fee ₹412.86 breaches the asset's IQR upper fence of ₹164.06.
ANO_85CD2B3A88,TX_ANO_VEL_AD7AF313,USR_08578,2026-09-20 04:58:23+05:30,VELOCITY_BURST,tx_velocity_60m,10.0,5.0,2.0,TIME_WINDOW_COUNTER,"User executed 10 transactions within a 60-minute window, breaching velocity threshold of 5."
ANO_1C5CDFB21C,TX_9583DE20306E,USR_06850,2026-08-01 08:59:52+05:30,ABNORMAL_FEE,fee_inr,468.07,161.96,2.89,IQR_UPPER_FENCE,Platform fee ₹468.07 breaches the asset's IQR upper fence of ₹161.96.
ANO_ACBB8CEFE1,TX_6EA14BD0BDD0,USR_03634,2026-08-01 11:26:04+05:30,ABNORMAL_FEE,fee_inr,391.48,169.26,2.31,IQR_UPPER_FENCE,Platform fee ₹391.48 breaches the asset's IQR upper fence of ₹169.26.
ANO_082F3AE986,TX_800814182035,USR_03458,2026-08-01 12:23:38+05:30,ABNORMAL_FEE,fee_inr,469.11,161.96,2.9,IQR_UPPER_FENCE,Platform fee ₹469.11 breaches the asset's IQR upper fence of ₹161.96.
ANO_65727F9BEE,TX_8FF2C3504BB8,USR_00219,2026-08-01 14:19:47+05:30,ABNORMAL_FEE,fee_inr,169.89,169.26,1.0,IQR_UPPER_FENCE,Platform fee ₹169.89 breaches the asset's IQR upper fence of ₹169.26.
ANO_A4E22A0EFF,TX_ANO_FAL_A056F069,USR_06981,2026-08-01 16:22:20+05:30,REPEATED_FAILURES,consecutive_failures,5.0,3.0,1.67,FAILURE_STATE_MACHINE,"User encountered 5 consecutive failed transactions within 30m, indicating potential brute force credential guessing or payment gateway fault."
ANO_D8B133464A,TX_9A9349C9CDE3,USR_04253,2026-08-01 22:36:43+05:30,ABNORMAL_FEE,fee_inr,279.87,169.26,1.65,IQR_UPPER_FENCE,Platform fee ₹279.87 breaches the asset's IQR upper fence of ₹169.26.
ANO_E98D3837FA,TX_C9B7D9925018,USR_08302,2026-08-01 23:10:09+05:30,ABNORMAL_FEE,fee_inr,371.44,161.96,2.29,IQR_UPPER_FENCE,Platform fee ₹371.44 breaches the asset's IQR upper fence of ₹161.96.
ANO_0BF6EBD5F8,TX_ANO_SPK_26806259,USR_02116,2026-08-02 02:04:22+05:30,BASELINE_SPIKE,user_baseline_zscore,49123.91,4500.0,17.85,ROLLING_ZSCORE,"Transaction value ₹49,123.91 is 17.8σ above user's rolling historical baseline of ₹4,500.00."
ANO_724E2F3BA8,TX_C2B2D59BBAAF,USR_01377,2026-08-02 02:29:43+05:30,BASELINE_SPIKE,user_baseline_zscore,66067.43,14692.35,3.43,ROLLING_ZSCORE,"Transaction value ₹66,067.43 is 3.4σ above user's rolling historical baseline of ₹14,692.35."
ANO_E7488D180B,TX_B54B55B48745,USR_00394,2026-08-02 02:31:06+05:30,ABNORMAL_FEE,fee_inr,351.11,166.3088,2.11,IQR_UPPER_FENCE,Platform fee ₹351.11 breaches the asset's IQR upper fence of ₹166.31.
ANO_A5B53CB1F9,TX_54ADBBA6291A,USR_03765,2026-08-02 03:32:29+05:30,ABNORMAL_FEE,fee_inr,496.25,164.06,3.02,IQR_UPPER_FENCE,Platform fee ₹496.25 breaches the asset's IQR upper fence of ₹164.06.
ANO_362E4EAAF9,TX_D43FE559E80B,USR_01693,2026-08-02 03:35:27+05:30,ABNORMAL_FEE,fee_inr,432.65,166.3088,2.6,IQR_UPPER_FENCE,Platform fee ₹432.65 breaches the asset's IQR upper fence of ₹166.31.
ANO_6A6EAAEFCA,TX_80B2CF6F6E12,USR_05217,2026-08-02 04:57:12+05:30,ABNORMAL_FEE,fee_inr,226.5,166.3088,1.36,IQR_UPPER_FENCE,Platform fee ₹226.50 breaches the asset's IQR upper fence of ₹166.31.
