anomaly_id,transaction_id,user_id,timestamp,anomaly_type,severity,likelihood,exposure_inr,reason
ANO_GT_000001,TX_ANO_FAL_6C9AEBED,USR_06257,2026-08-23 19:41:07+00:00,REPEATED_FAILURES,3,4,10000.0,Synthetic injection: repeated failure attempt 1/5
ANO_GT_000002,TX_ANO_FAL_88EF83ED,USR_06257,2026-08-23 19:44:07+00:00,REPEATED_FAILURES,3,4,10000.0,Synthetic injection: repeated failure attempt 2/5
ANO_GT_000003,TX_ANO_FAL_97813F76,USR_06257,2026-08-23 19:47:07+00:00,REPEATED_FAILURES,3,4,10000.0,Synthetic injection: repeated failure attempt 3/5
ANO_GT_000004,TX_ANO_FAL_FA6B0D86,USR_06257,2026-08-23 19:50:07+00:00,REPEATED_FAILURES,3,4,10000.0,Synthetic injection: repeated failure attempt 4/5
ANO_GT_000005,TX_ANO_FAL_EAEA147C,USR_06257,2026-08-23 19:53:07+00:00,REPEATED_FAILURES,3,4,10000.0,Synthetic injection: repeated failure attempt 5/5
ANO_GT_000006,TX_ANO_VEL_B0E29CB0,USR_01181,2026-09-13 08:10:37+00:00,VELOCITY_BURST,4,5,8950.0,Synthetic injection: high-velocity burst of 12 tx in 20 mins
ANO_GT_000007,TX_ANO_VEL_ECADD78F,USR_01181,2026-09-13 08:12:37+00:00,VELOCITY_BURST,4,5,8950.0,Synthetic injection: high-velocity burst of 12 tx in 20 mins
ANO_GT_000008,TX_ANO_VEL_BB2E9023,USR_01181,2026-09-13 08:14:37+00:00,VELOCITY_BURST,4,5,8950.0,Synthetic injection: high-velocity burst of 12 tx in 20 mins
ANO_GT_000009,TX_ANO_VEL_5D93D67D,USR_01181,2026-09-13 08:16:37+00:00,VELOCITY_BURST,4,5,8950.0,Synthetic injection: high-velocity burst of 12 tx in 20 mins
ANO_GT_000010,TX_ANO_VEL_07693A01,USR_01181,2026-09-13 08:18:37+00:00,VELOCITY_BURST,4,5,8950.0,Synthetic injection: high-velocity burst of 12 tx in 20 mins
ANO_GT_000011,TX_ANO_VEL_AEB46DD1,USR_01181,2026-09-13 08:20:37+00:00,VELOCITY_BURST,4,5,8950.0,Synthetic injection: high-velocity burst of 12 tx in 20 mins
ANO_GT_000012,TX_ANO_VEL_1BA7B95C,USR_01181,2026-09-13 08:22:37+00:00,VELOCITY_BURST,4,5,8950.0,Synthetic injection: high-velocity burst of 12 tx in 20 mins
ANO_GT_000013,TX_ANO_VEL_FF871EF5,USR_01181,2026-09-13 08:24:37+00:00,VELOCITY_BURST,4,5,8950.0,Synthetic injection: high-velocity burst of 12 tx in 20 mins
ANO_GT_000014,TX_ANO_VEL_B1905C30,USR_01181,2026-09-13 08:26:37+00:00,VELOCITY_BURST,4,5,8950.0,Synthetic injection: high-velocity burst of 12 tx in 20 mins
ANO_GT_000015,TX_ANO_VEL_C9E2369D,USR_01181,2026-09-13 08:28:37+00:00,VELOCITY_BURST,4,5,8950.0,Synthetic injection: high-velocity burst of 12 tx in 20 mins
ANO_GT_000016,TX_ANO_VEL_29A9FE8D,USR_01181,2026-09-13 08:30:37+00:00,VELOCITY_BURST,4,5,8950.0,Synthetic injection: high-velocity burst of 12 tx in 20 mins
ANO_GT_000017,TX_ANO_VEL_BCC87FAF,USR_01181,2026-09-13 08:32:37+00:00,VELOCITY_BURST,4,5,8950.0,Synthetic injection: high-velocity burst of 12 tx in 20 mins
ANO_GT_000018,TX_ANO_FAL_EE97F899,USR_09151,2026-09-04 04:25:56+00:00,REPEATED_FAILURES,3,4,10000.0,Synthetic injection: repeated failure attempt 1/4
ANO_GT_000019,TX_ANO_FAL_754E93C1,USR_09151,2026-09-04 04:28:56+00:00,REPEATED_FAILURES,3,4,10000.0,Synthetic injection: repeated failure attempt 2/4
ANO_GT_000020,TX_ANO_FAL_314258F4,USR_09151,2026-09-04 04:31:56+00:00,REPEATED_FAILURES,3,4,10000.0,Synthetic injection: repeated failure attempt 3/4
ANO_GT_000021,TX_ANO_FAL_C7A09948,USR_09151,2026-09-04 04:34:56+00:00,REPEATED_FAILURES,3,4,10000.0,Synthetic injection: repeated failure attempt 4/4
ANO_GT_000022,TX_ANO_FAL_A5FD8391,USR_03646,2026-08-10 19:13:54+00:00,REPEATED_FAILURES,3,4,10000.0,Synthetic injection: repeated failure attempt 1/6
ANO_GT_000023,TX_ANO_FAL_478AF520,USR_03646,2026-08-10 19:16:54+00:00,REPEATED_FAILURES,3,4,10000.0,Synthetic injection: repeated failure attempt 2/6
ANO_GT_000024,TX_ANO_FAL_1E8444FC,USR_03646,2026-08-10 19:19:54+00:00,REPEATED_FAILURES,3,4,10000.0,Synthetic injection: repeated failure attempt 3/6
ANO_GT_000025,TX_ANO_FAL_B410C8F5,USR_03646,2026-08-10 19:22:54+00:00,REPEATED_FAILURES,3,4,10000.0,Synthetic injection: repeated failure attempt 4/6
ANO_GT_000026,TX_ANO_FAL_5060857F,USR_03646,2026-08-10 19:25:54+00:00,REPEATED_FAILURES,3,4,10000.0,Synthetic injection: repeated failure attempt 5/6
ANO_GT_000027,TX_ANO_FAL_DB69A9C1,USR_03646,2026-08-10 19:28:54+00:00,REPEATED_FAILURES,3,4,10000.0,Synthetic injection: repeated failure attempt 6/6
ANO_GT_000028,TX_ANO_SPK_1D27480B,USR_05174,2026-09-06 02:36:03+00:00,BASELINE_SPIKE,4,5,52133.82,"Synthetic injection: extreme baseline value spike (₹52,133.82)"
ANO_GT_000029,TX_ANO_SPK_F3903355,USR_01567,2026-09-12 07:06:49+00:00,BASELINE_SPIKE,4,5,39070.94,"Synthetic injection: extreme baseline value spike (₹39,070.94)"
ANO_GT_000030,TX_ANO_SPK_6B5D9C8D,USR_08058,2026-08-01 20:02:42+00:00,BASELINE_SPIKE,4,5,30797.15,"Synthetic injection: extreme baseline value spike (₹30,797.15)"
ANO_GT_000031,TX_ANO_FAL_8B1380EF,USR_05260,2026-09-12 01:19:19+00:00,REPEATED_FAILURES,3,4,10000.0,Synthetic injection: repeated failure attempt 1/6
ANO_GT_000032,TX_ANO_FAL_26827721,USR_05260,2026-09-12 01:22:19+00:00,REPEATED_FAILURES,3,4,10000.0,Synthetic injection: repeated failure attempt 2/6
ANO_GT_000033,TX_ANO_FAL_DB868156,USR_05260,2026-09-12 01:25:19+00:00,REPEATED_FAILURES,3,4,10000.0,Synthetic injection: repeated failure attempt 3/6
ANO_GT_000034,TX_ANO_FAL_E98E6D31,USR_05260,2026-09-12 01:28:19+00:00,REPEATED_FAILURES,3,4,10000.0,Synthetic injection: repeated failure attempt 4/6
ANO_GT_000035,TX_ANO_FAL_BD882C69,USR_05260,2026-09-12 01:31:19+00:00,REPEATED_FAILURES,3,4,10000.0,Synthetic injection: repeated failure attempt 5/6
ANO_GT_000036,TX_ANO_FAL_CA73DBE8,USR_05260,2026-09-12 01:34:19+00:00,REPEATED_FAILURES,3,4,10000.0,Synthetic injection: repeated failure attempt 6/6
ANO_GT_000037,TX_ANO_WTH_E6BB488C,USR_08495,2026-09-10 10:04:13+00:00,RAPID_PASS_THROUGH,5,5,658329.07,"Synthetic injection: rapid deposit-to-withdrawal pass-through (₹658,329.07)"
ANO_GT_000038,TX_ANO_FAL_F5531DD9,USR_05975,2026-09-19 18:19:58+00:00,REPEATED_FAILURES,3,4,10000.0,Synthetic injection: repeated failure attempt 1/4
ANO_GT_000039,TX_ANO_FAL_1D558CC9,USR_05975,2026-09-19 18:22:58+00:00,REPEATED_FAILURES,3,4,10000.0,Synthetic injection: repeated failure attempt 2/4
ANO_GT_000040,TX_ANO_FAL_99574188,USR_05975,2026-09-19 18:25:58+00:00,REPEATED_FAILURES,3,4,10000.0,Synthetic injection: repeated failure attempt 3/4
ANO_GT_000041,TX_ANO_FAL_FDF4F8A3,USR_05975,2026-09-19 18:28:58+00:00,REPEATED_FAILURES,3,4,10000.0,Synthetic injection: repeated failure attempt 4/4
ANO_GT_000042,TX_ANO_WTH_23F146E8,USR_01201,2026-09-15 15:47:53+00:00,RAPID_PASS_THROUGH,5,5,400530.57,"Synthetic injection: rapid deposit-to-withdrawal pass-through (₹400,530.57)"
ANO_GT_000043,TX_ANO_VEL_CAA26934,USR_04012,2026-09-14 09:22:01+00:00,VELOCITY_BURST,4,5,8950.0,Synthetic injection: high-velocity burst of 10 tx in 20 mins
ANO_GT_000044,TX_ANO_VEL_E4DCB7B7,USR_04012,2026-09-14 09:24:01+00:00,VELOCITY_BURST,4,5,8950.0,Synthetic injection: high-velocity burst of 10 tx in 20 mins
ANO_GT_000045,TX_ANO_VEL_FCA1DC90,USR_04012,2026-09-14 09:26:01+00:00,VELOCITY_BURST,4,5,8950.0,Synthetic injection: high-velocity burst of 10 tx in 20 mins
ANO_GT_000046,TX_ANO_VEL_D88E0176,USR_04012,2026-09-14 09:28:01+00:00,VELOCITY_BURST,4,5,8950.0,Synthetic injection: high-velocity burst of 10 tx in 20 mins
ANO_GT_000047,TX_ANO_VEL_C7C011DE,USR_04012,2026-09-14 09:30:01+00:00,VELOCITY_BURST,4,5,8950.0,Synthetic injection: high-velocity burst of 10 tx in 20 mins
ANO_GT_000048,TX_ANO_VEL_3B4C44A5,USR_04012,2026-09-14 09:32:01+00:00,VELOCITY_BURST,4,5,8950.0,Synthetic injection: high-velocity burst of 10 tx in 20 mins
ANO_GT_000049,TX_ANO_VEL_2C5FC964,USR_04012,2026-09-14 09:34:01+00:00,VELOCITY_BURST,4,5,8950.0,Synthetic injection: high-velocity burst of 10 tx in 20 mins
ANO_GT_000050,TX_ANO_VEL_1D65C252,USR_04012,2026-09-14 09:36:01+00:00,VELOCITY_BURST,4,5,8950.0,Synthetic injection: high-velocity burst of 10 tx in 20 mins
ANO_GT_000051,TX_ANO_VEL_6863D3AB,USR_04012,2026-09-14 09:38:01+00:00,VELOCITY_BURST,4,5,8950.0,Synthetic injection: high-velocity burst of 10 tx in 20 mins
ANO_GT_000052,TX_ANO_VEL_C60E2873,USR_04012,2026-09-14 09:40:01+00:00,VELOCITY_BURST,4,5,8950.0,Synthetic injection: high-velocity burst of 10 tx in 20 mins
ANO_GT_000053,TX_ANO_SPK_26806259,USR_02116,2026-08-01 20:34:22+00:00,BASELINE_SPIKE,4,5,49123.91,"Synthetic injection: extreme baseline value spike (₹49,123.91)"
ANO_GT_000054,TX_ANO_VEL_D87B8DE1,USR_01045,2026-09-01 09:58:39+00:00,VELOCITY_BURST,4,5,8950.0,Synthetic injection: high-velocity burst of 8 tx in 20 mins
ANO_GT_000055,TX_ANO_VEL_D2221AE3,USR_01045,2026-09-01 10:00:39+00:00,VELOCITY_BURST,4,5,8950.0,Synthetic injection: high-velocity burst of 8 tx in 20 mins
ANO_GT_000056,TX_ANO_VEL_F4C49EEA,USR_01045,2026-09-01 10:02:39+00:00,VELOCITY_BURST,4,5,8950.0,Synthetic injection: high-velocity burst of 8 tx in 20 mins
ANO_GT_000057,TX_ANO_VEL_A7537F47,USR_01045,2026-09-01 10:04:39+00:00,VELOCITY_BURST,4,5,8950.0,Synthetic injection: high-velocity burst of 8 tx in 20 mins
ANO_GT_000058,TX_ANO_VEL_6C16A70A,USR_01045,2026-09-01 10:06:39+00:00,VELOCITY_BURST,4,5,8950.0,Synthetic injection: high-velocity burst of 8 tx in 20 mins
ANO_GT_000059,TX_ANO_VEL_0B5BA46C,USR_01045,2026-09-01 10:08:39+00:00,VELOCITY_BURST,4,5,8950.0,Synthetic injection: high-velocity burst of 8 tx in 20 mins
ANO_GT_000060,TX_ANO_VEL_540902A5,USR_01045,2026-09-01 10:10:39+00:00,VELOCITY_BURST,4,5,8950.0,Synthetic injection: high-velocity burst of 8 tx in 20 mins
ANO_GT_000061,TX_ANO_VEL_3DBD78C9,USR_01045,2026-09-01 10:12:39+00:00,VELOCITY_BURST,4,5,8950.0,Synthetic injection: high-velocity burst of 8 tx in 20 mins
ANO_GT_000062,TX_ANO_FEE_6ED38941,USR_04493,2026-08-17 21:57:34+00:00,ABNORMAL_FEE,2,4,11158.95,"Synthetic injection: abnormal fee calculation (₹11,158.95)"
ANO_GT_000063,TX_ANO_WTH_785C0DC4,USR_03863,2026-08-18 08:55:35+00:00,RAPID_PASS_THROUGH,5,5,520706.92,"Synthetic injection: rapid deposit-to-withdrawal pass-through (₹520,706.92)"
ANO_GT_000064,TX_ANO_SPK_30CC8125,USR_09751,2026-09-12 13:00:14+00:00,BASELINE_SPIKE,4,5,32775.67,"Synthetic injection: extreme baseline value spike (₹32,775.67)"
ANO_GT_000065,TX_ANO_WTH_A7571C7B,USR_01275,2026-08-12 19:03:47+00:00,RAPID_PASS_THROUGH,5,5,681028.92,"Synthetic injection: rapid deposit-to-withdrawal pass-through (₹681,028.92)"
ANO_GT_000066,TX_ANO_VEL_36B21368,USR_07500,2026-08-10 22:07:57+00:00,VELOCITY_BURST,4,5,8950.0,Synthetic injection: high-velocity burst of 8 tx in 20 mins
ANO_GT_000067,TX_ANO_VEL_E807D747,USR_07500,2026-08-10 22:09:57+00:00,VELOCITY_BURST,4,5,8950.0,Synthetic injection: high-velocity burst of 8 tx in 20 mins
ANO_GT_000068,TX_ANO_VEL_248093C2,USR_07500,2026-08-10 22:11:57+00:00,VELOCITY_BURST,4,5,8950.0,Synthetic injection: high-velocity burst of 8 tx in 20 mins
ANO_GT_000069,TX_ANO_VEL_45FA4D48,USR_07500,2026-08-10 22:13:57+00:00,VELOCITY_BURST,4,5,8950.0,Synthetic injection: high-velocity burst of 8 tx in 20 mins
ANO_GT_000070,TX_ANO_VEL_E9C65FB5,USR_07500,2026-08-10 22:15:57+00:00,VELOCITY_BURST,4,5,8950.0,Synthetic injection: high-velocity burst of 8 tx in 20 mins
ANO_GT_000071,TX_ANO_VEL_3BB49D97,USR_07500,2026-08-10 22:17:57+00:00,VELOCITY_BURST,4,5,8950.0,Synthetic injection: high-velocity burst of 8 tx in 20 mins
ANO_GT_000072,TX_ANO_VEL_6E494B0C,USR_07500,2026-08-10 22:19:57+00:00,VELOCITY_BURST,4,5,8950.0,Synthetic injection: high-velocity burst of 8 tx in 20 mins
ANO_GT_000073,TX_ANO_VEL_55243639,USR_07500,2026-08-10 22:21:57+00:00,VELOCITY_BURST,4,5,8950.0,Synthetic injection: high-velocity burst of 8 tx in 20 mins
ANO_GT_000074,TX_ANO_VEL_5E496078,USR_06576,2026-08-07 04:36:54+00:00,VELOCITY_BURST,4,5,8950.0,Synthetic injection: high-velocity burst of 10 tx in 20 mins
ANO_GT_000075,TX_ANO_VEL_18EA6830,USR_06576,2026-08-07 04:38:54+00:00,VELOCITY_BURST,4,5,8950.0,Synthetic injection: high-velocity burst of 10 tx in 20 mins
ANO_GT_000076,TX_ANO_VEL_3DE88544,USR_06576,2026-08-07 04:40:54+00:00,VELOCITY_BURST,4,5,8950.0,Synthetic injection: high-velocity burst of 10 tx in 20 mins
ANO_GT_000077,TX_ANO_VEL_E81DFB2E,USR_06576,2026-08-07 04:42:54+00:00,VELOCITY_BURST,4,5,8950.0,Synthetic injection: high-velocity burst of 10 tx in 20 mins
ANO_GT_000078,TX_ANO_VEL_35B7EB8A,USR_06576,2026-08-07 04:44:54+00:00,VELOCITY_BURST,4,5,8950.0,Synthetic injection: high-velocity burst of 10 tx in 20 mins
ANO_GT_000079,TX_ANO_VEL_2F2D3DF8,USR_06576,2026-08-07 04:46:54+00:00,VELOCITY_BURST,4,5,8950.0,Synthetic injection: high-velocity burst of 10 tx in 20 mins
ANO_GT_000080,TX_ANO_VEL_264F3078,USR_06576,2026-08-07 04:48:54+00:00,VELOCITY_BURST,4,5,8950.0,Synthetic injection: high-velocity burst of 10 tx in 20 mins
ANO_GT_000081,TX_ANO_VEL_00198168,USR_06576,2026-08-07 04:50:54+00:00,VELOCITY_BURST,4,5,8950.0,Synthetic injection: high-velocity burst of 10 tx in 20 mins
ANO_GT_000082,TX_ANO_VEL_9BAF6F0B,USR_06576,2026-08-07 04:52:54+00:00,VELOCITY_BURST,4,5,8950.0,Synthetic injection: high-velocity burst of 10 tx in 20 mins
ANO_GT_000083,TX_ANO_VEL_72898703,USR_06576,2026-08-07 04:54:54+00:00,VELOCITY_BURST,4,5,8950.0,Synthetic injection: high-velocity burst of 10 tx in 20 mins
ANO_GT_000084,TX_ANO_WTH_17CCB5AF,USR_04706,2026-08-16 16:52:17+00:00,RAPID_PASS_THROUGH,5,5,280988.48,"Synthetic injection: rapid deposit-to-withdrawal pass-through (₹280,988.48)"
ANO_GT_000085,TX_ANO_FAL_04A0377B,USR_09291,2026-09-07 19:40:33+00:00,REPEATED_FAILURES,3,4,10000.0,Synthetic injection: repeated failure attempt 1/4
ANO_GT_000086,TX_ANO_FAL_EFE50080,USR_09291,2026-09-07 19:43:33+00:00,REPEATED_FAILURES,3,4,10000.0,Synthetic injection: repeated failure attempt 2/4
ANO_GT_000087,TX_ANO_FAL_5E50C51F,USR_09291,2026-09-07 19:46:33+00:00,REPEATED_FAILURES,3,4,10000.0,Synthetic injection: repeated failure attempt 3/4
ANO_GT_000088,TX_ANO_FAL_D1347DEB,USR_09291,2026-09-07 19:49:33+00:00,REPEATED_FAILURES,3,4,10000.0,Synthetic injection: repeated failure attempt 4/4
ANO_GT_000089,TX_ANO_VEL_A0E7957E,USR_01259,2026-08-03 09:39:17+00:00,VELOCITY_BURST,4,5,8950.0,Synthetic injection: high-velocity burst of 12 tx in 20 mins
ANO_GT_000090,TX_ANO_VEL_6702868E,USR_01259,2026-08-03 09:41:17+00:00,VELOCITY_BURST,4,5,8950.0,Synthetic injection: high-velocity burst of 12 tx in 20 mins
ANO_GT_000091,TX_ANO_VEL_9BB2D8DD,USR_01259,2026-08-03 09:43:17+00:00,VELOCITY_BURST,4,5,8950.0,Synthetic injection: high-velocity burst of 12 tx in 20 mins
ANO_GT_000092,TX_ANO_VEL_970867E4,USR_01259,2026-08-03 09:45:17+00:00,VELOCITY_BURST,4,5,8950.0,Synthetic injection: high-velocity burst of 12 tx in 20 mins
ANO_GT_000093,TX_ANO_VEL_3741F1D0,USR_01259,2026-08-03 09:47:17+00:00,VELOCITY_BURST,4,5,8950.0,Synthetic injection: high-velocity burst of 12 tx in 20 mins
ANO_GT_000094,TX_ANO_VEL_4F134367,USR_01259,2026-08-03 09:49:17+00:00,VELOCITY_BURST,4,5,8950.0,Synthetic injection: high-velocity burst of 12 tx in 20 mins
ANO_GT_000095,TX_ANO_VEL_01C083F2,USR_01259,2026-08-03 09:51:17+00:00,VELOCITY_BURST,4,5,8950.0,Synthetic injection: high-velocity burst of 12 tx in 20 mins
ANO_GT_000096,TX_ANO_VEL_AB764DE6,USR_01259,2026-08-03 09:53:17+00:00,VELOCITY_BURST,4,5,8950.0,Synthetic injection: high-velocity burst of 12 tx in 20 mins
ANO_GT_000097,TX_ANO_VEL_6717C3EF,USR_01259,2026-08-03 09:55:17+00:00,VELOCITY_BURST,4,5,8950.0,Synthetic injection: high-velocity burst of 12 tx in 20 mins
ANO_GT_000098,TX_ANO_VEL_C8B5C8DD,USR_01259,2026-08-03 09:57:17+00:00,VELOCITY_BURST,4,5,8950.0,Synthetic injection: high-velocity burst of 12 tx in 20 mins
ANO_GT_000099,TX_ANO_VEL_36E9839B,USR_01259,2026-08-03 09:59:17+00:00,VELOCITY_BURST,4,5,8950.0,Synthetic injection: high-velocity burst of 12 tx in 20 mins
ANO_GT_000100,TX_ANO_VEL_3481D3AC,USR_01259,2026-08-03 10:01:17+00:00,VELOCITY_BURST,4,5,8950.0,Synthetic injection: high-velocity burst of 12 tx in 20 mins
ANO_GT_000101,TX_ANO_SPK_24F9BC64,USR_04461,2026-08-22 13:30:20+00:00,BASELINE_SPIKE,4,5,30905.19,"Synthetic injection: extreme baseline value spike (₹30,905.19)"
ANO_GT_000102,TX_ANO_FAL_9E523C78,USR_03226,2026-09-02 08:44:38+00:00,REPEATED_FAILURES,3,4,10000.0,Synthetic injection: repeated failure attempt 1/6
ANO_GT_000103,TX_ANO_FAL_DE61AE20,USR_03226,2026-09-02 08:47:38+00:00,REPEATED_FAILURES,3,4,10000.0,Synthetic injection: repeated failure attempt 2/6
ANO_GT_000104,TX_ANO_FAL_514905EF,USR_03226,2026-09-02 08:50:38+00:00,REPEATED_FAILURES,3,4,10000.0,Synthetic injection: repeated failure attempt 3/6
ANO_GT_000105,TX_ANO_FAL_A52212D2,USR_03226,2026-09-02 08:53:38+00:00,REPEATED_FAILURES,3,4,10000.0,Synthetic injection: repeated failure attempt 4/6
ANO_GT_000106,TX_ANO_FAL_53B8E1F0,USR_03226,2026-09-02 08:56:38+00:00,REPEATED_FAILURES,3,4,10000.0,Synthetic injection: repeated failure attempt 5/6
ANO_GT_000107,TX_ANO_FAL_65D59D49,USR_03226,2026-09-02 08:59:38+00:00,REPEATED_FAILURES,3,4,10000.0,Synthetic injection: repeated failure attempt 6/6
ANO_GT_000108,TX_ANO_SPK_997C59A2,USR_08871,2026-09-06 02:53:08+00:00,BASELINE_SPIKE,4,5,28986.51,"Synthetic injection: extreme baseline value spike (₹28,986.51)"
ANO_GT_000109,TX_ANO_FAL_D4C9D47E,USR_02445,2026-08-26 21:29:37+00:00,REPEATED_FAILURES,3,4,10000.0,Synthetic injection: repeated failure attempt 1/5
ANO_GT_000110,TX_ANO_FAL_B45C93E4,USR_02445,2026-08-26 21:32:37+00:00,REPEATED_FAILURES,3,4,10000.0,Synthetic injection: repeated failure attempt 2/5
ANO_GT_000111,TX_ANO_FAL_06AADE96,USR_02445,2026-08-26 21:35:37+00:00,REPEATED_FAILURES,3,4,10000.0,Synthetic injection: repeated failure attempt 3/5
ANO_GT_000112,TX_ANO_FAL_DBE2690B,USR_02445,2026-08-26 21:38:37+00:00,REPEATED_FAILURES,3,4,10000.0,Synthetic injection: repeated failure attempt 4/5
ANO_GT_000113,TX_ANO_FAL_80CE6F24,USR_02445,2026-08-26 21:41:37+00:00,REPEATED_FAILURES,3,4,10000.0,Synthetic injection: repeated failure attempt 5/5
ANO_GT_000114,TX_ANO_SPK_07DB06EB,USR_04104,2026-09-07 17:18:41+00:00,BASELINE_SPIKE,4,5,50212.4,"Synthetic injection: extreme baseline value spike (₹50,212.40)"
ANO_GT_000115,TX_ANO_WTH_29F3833C,USR_01389,2026-08-02 23:11:19+00:00,RAPID_PASS_THROUGH,5,5,259638.54,"Synthetic injection: rapid deposit-to-withdrawal pass-through (₹259,638.54)"
ANO_GT_000116,TX_ANO_FAL_A6F174DF,USR_08201,2026-08-01 23:46:57+00:00,REPEATED_FAILURES,3,4,10000.0,Synthetic injection: repeated failure attempt 1/4
ANO_GT_000117,TX_ANO_FAL_20A58CE5,USR_08201,2026-08-01 23:49:57+00:00,REPEATED_FAILURES,3,4,10000.0,Synthetic injection: repeated failure attempt 2/4
ANO_GT_000118,TX_ANO_FAL_484EF577,USR_08201,2026-08-01 23:52:57+00:00,REPEATED_FAILURES,3,4,10000.0,Synthetic injection: repeated failure attempt 3/4
ANO_GT_000119,TX_ANO_FAL_B03C0872,USR_08201,2026-08-01 23:55:57+00:00,REPEATED_FAILURES,3,4,10000.0,Synthetic injection: repeated failure attempt 4/4
ANO_GT_000120,TX_ANO_VEL_55B1B07E,USR_03666,2026-08-15 23:58:47+00:00,VELOCITY_BURST,4,5,8950.0,Synthetic injection: high-velocity burst of 12 tx in 20 mins
ANO_GT_000121,TX_ANO_VEL_83C57438,USR_03666,2026-08-16 00:00:47+00:00,VELOCITY_BURST,4,5,8950.0,Synthetic injection: high-velocity burst of 12 tx in 20 mins
ANO_GT_000122,TX_ANO_VEL_EB46DF21,USR_03666,2026-08-16 00:02:47+00:00,VELOCITY_BURST,4,5,8950.0,Synthetic injection: high-velocity burst of 12 tx in 20 mins
ANO_GT_000123,TX_ANO_VEL_3990BDAB,USR_03666,2026-08-16 00:04:47+00:00,VELOCITY_BURST,4,5,8950.0,Synthetic injection: high-velocity burst of 12 tx in 20 mins
ANO_GT_000124,TX_ANO_VEL_843E691C,USR_03666,2026-08-16 00:06:47+00:00,VELOCITY_BURST,4,5,8950.0,Synthetic injection: high-velocity burst of 12 tx in 20 mins
ANO_GT_000125,TX_ANO_VEL_73C04257,USR_03666,2026-08-16 00:08:47+00:00,VELOCITY_BURST,4,5,8950.0,Synthetic injection: high-velocity burst of 12 tx in 20 mins
ANO_GT_000126,TX_ANO_VEL_6700BAF4,USR_03666,2026-08-16 00:10:47+00:00,VELOCITY_BURST,4,5,8950.0,Synthetic injection: high-velocity burst of 12 tx in 20 mins
ANO_GT_000127,TX_ANO_VEL_177E1A84,USR_03666,2026-08-16 00:12:47+00:00,VELOCITY_BURST,4,5,8950.0,Synthetic injection: high-velocity burst of 12 tx in 20 mins
ANO_GT_000128,TX_ANO_VEL_DDA44739,USR_03666,2026-08-16 00:14:47+00:00,VELOCITY_BURST,4,5,8950.0,Synthetic injection: high-velocity burst of 12 tx in 20 mins
ANO_GT_000129,TX_ANO_VEL_0135C7AC,USR_03666,2026-08-16 00:16:47+00:00,VELOCITY_BURST,4,5,8950.0,Synthetic injection: high-velocity burst of 12 tx in 20 mins
ANO_GT_000130,TX_ANO_VEL_DD02E0D3,USR_03666,2026-08-16 00:18:47+00:00,VELOCITY_BURST,4,5,8950.0,Synthetic injection: high-velocity burst of 12 tx in 20 mins
ANO_GT_000131,TX_ANO_VEL_CCD07E4F,USR_03666,2026-08-16 00:20:47+00:00,VELOCITY_BURST,4,5,8950.0,Synthetic injection: high-velocity burst of 12 tx in 20 mins
ANO_GT_000132,TX_ANO_WTH_A31068B7,USR_02047,2026-08-26 10:10:36+00:00,RAPID_PASS_THROUGH,5,5,451148.66,"Synthetic injection: rapid deposit-to-withdrawal pass-through (₹451,148.66)"
ANO_GT_000133,TX_ANO_FAL_7ECCA83C,USR_03131,2026-09-10 23:31:26+00:00,REPEATED_FAILURES,3,4,10000.0,Synthetic injection: repeated failure attempt 1/4
ANO_GT_000134,TX_ANO_FAL_BB2D5305,USR_03131,2026-09-10 23:34:26+00:00,REPEATED_FAILURES,3,4,10000.0,Synthetic injection: repeated failure attempt 2/4
ANO_GT_000135,TX_ANO_FAL_A5E65169,USR_03131,2026-09-10 23:37:26+00:00,REPEATED_FAILURES,3,4,10000.0,Synthetic injection: repeated failure attempt 3/4
ANO_GT_000136,TX_ANO_FAL_563295BE,USR_03131,2026-09-10 23:40:26+00:00,REPEATED_FAILURES,3,4,10000.0,Synthetic injection: repeated failure attempt 4/4
ANO_GT_000137,TX_ANO_SPK_CB0F351F,USR_00825,2026-08-12 06:53:06+00:00,BASELINE_SPIKE,4,5,28446.98,"Synthetic injection: extreme baseline value spike (₹28,446.98)"
ANO_GT_000138,TX_ANO_FAL_2886249F,USR_07194,2026-09-02 19:58:30+00:00,REPEATED_FAILURES,3,4,10000.0,Synthetic injection: repeated failure attempt 1/4
ANO_GT_000139,TX_ANO_FAL_F9EBFF38,USR_07194,2026-09-02 20:01:30+00:00,REPEATED_FAILURES,3,4,10000.0,Synthetic injection: repeated failure attempt 2/4
ANO_GT_000140,TX_ANO_FAL_3CF80514,USR_07194,2026-09-02 20:04:30+00:00,REPEATED_FAILURES,3,4,10000.0,Synthetic injection: repeated failure attempt 3/4
ANO_GT_000141,TX_ANO_FAL_F2F2962E,USR_07194,2026-09-02 20:07:30+00:00,REPEATED_FAILURES,3,4,10000.0,Synthetic injection: repeated failure attempt 4/4
ANO_GT_000142,TX_ANO_FEE_285CE83F,USR_06450,2026-08-13 03:54:02+00:00,ABNORMAL_FEE,2,4,17238.31,"Synthetic injection: abnormal fee calculation (₹17,238.31)"
ANO_GT_000143,TX_ANO_FEE_1F7322DE,USR_07011,2026-08-04 20:46:42+00:00,ABNORMAL_FEE,2,4,14442.41,"Synthetic injection: abnormal fee calculation (₹14,442.41)"
ANO_GT_000144,TX_ANO_SPK_B4B6F066,USR_06007,2026-08-05 06:59:52+00:00,BASELINE_SPIKE,4,5,50550.55,"Synthetic injection: extreme baseline value spike (₹50,550.55)"
ANO_GT_000145,TX_ANO_SPK_BA14B742,USR_05259,2026-08-27 00:44:23+00:00,BASELINE_SPIKE,4,5,51226.92,"Synthetic injection: extreme baseline value spike (₹51,226.92)"
ANO_GT_000146,TX_ANO_FAL_BB078C4F,USR_06310,2026-09-14 23:44:25+00:00,REPEATED_FAILURES,3,4,10000.0,Synthetic injection: repeated failure attempt 1/4
ANO_GT_000147,TX_ANO_FAL_13355E9C,USR_06310,2026-09-14 23:47:25+00:00,REPEATED_FAILURES,3,4,10000.0,Synthetic injection: repeated failure attempt 2/4
ANO_GT_000148,TX_ANO_FAL_4B72FC12,USR_06310,2026-09-14 23:50:25+00:00,REPEATED_FAILURES,3,4,10000.0,Synthetic injection: repeated failure attempt 3/4
ANO_GT_000149,TX_ANO_FAL_6C67AF9C,USR_06310,2026-09-14 23:53:25+00:00,REPEATED_FAILURES,3,4,10000.0,Synthetic injection: repeated failure attempt 4/4
ANO_GT_000150,TX_ANO_VEL_2E369176,USR_03219,2026-08-21 08:37:33+00:00,VELOCITY_BURST,4,5,8950.0,Synthetic injection: high-velocity burst of 11 tx in 20 mins
ANO_GT_000151,TX_ANO_VEL_DD068736,USR_03219,2026-08-21 08:39:33+00:00,VELOCITY_BURST,4,5,8950.0,Synthetic injection: high-velocity burst of 11 tx in 20 mins
ANO_GT_000152,TX_ANO_VEL_1242EE15,USR_03219,2026-08-21 08:41:33+00:00,VELOCITY_BURST,4,5,8950.0,Synthetic injection: high-velocity burst of 11 tx in 20 mins
ANO_GT_000153,TX_ANO_VEL_86E4CC4E,USR_03219,2026-08-21 08:43:33+00:00,VELOCITY_BURST,4,5,8950.0,Synthetic injection: high-velocity burst of 11 tx in 20 mins
ANO_GT_000154,TX_ANO_VEL_A7D16AB2,USR_03219,2026-08-21 08:45:33+00:00,VELOCITY_BURST,4,5,8950.0,Synthetic injection: high-velocity burst of 11 tx in 20 mins
ANO_GT_000155,TX_ANO_VEL_53CC2C89,USR_03219,2026-08-21 08:47:33+00:00,VELOCITY_BURST,4,5,8950.0,Synthetic injection: high-velocity burst of 11 tx in 20 mins
ANO_GT_000156,TX_ANO_VEL_66B130D6,USR_03219,2026-08-21 08:49:33+00:00,VELOCITY_BURST,4,5,8950.0,Synthetic injection: high-velocity burst of 11 tx in 20 mins
ANO_GT_000157,TX_ANO_VEL_E4C42779,USR_03219,2026-08-21 08:51:33+00:00,VELOCITY_BURST,4,5,8950.0,Synthetic injection: high-velocity burst of 11 tx in 20 mins
ANO_GT_000158,TX_ANO_VEL_A458FEE4,USR_03219,2026-08-21 08:53:33+00:00,VELOCITY_BURST,4,5,8950.0,Synthetic injection: high-velocity burst of 11 tx in 20 mins
ANO_GT_000159,TX_ANO_VEL_726E54EF,USR_03219,2026-08-21 08:55:33+00:00,VELOCITY_BURST,4,5,8950.0,Synthetic injection: high-velocity burst of 11 tx in 20 mins
ANO_GT_000160,TX_ANO_VEL_4E780E9D,USR_03219,2026-08-21 08:57:33+00:00,VELOCITY_BURST,4,5,8950.0,Synthetic injection: high-velocity burst of 11 tx in 20 mins
ANO_GT_000161,TX_ANO_SPK_B62BED90,USR_00848,2026-08-14 07:31:47+00:00,BASELINE_SPIKE,4,5,34529.21,"Synthetic injection: extreme baseline value spike (₹34,529.21)"
ANO_GT_000162,TX_ANO_FAL_5ACF4342,USR_06832,2026-08-27 23:28:27+00:00,REPEATED_FAILURES,3,4,10000.0,Synthetic injection: repeated failure attempt 1/4
ANO_GT_000163,TX_ANO_FAL_AC39B825,USR_06832,2026-08-27 23:31:27+00:00,REPEATED_FAILURES,3,4,10000.0,Synthetic injection: repeated failure attempt 2/4
ANO_GT_000164,TX_ANO_FAL_4F30E43E,USR_06832,2026-08-27 23:34:27+00:00,REPEATED_FAILURES,3,4,10000.0,Synthetic injection: repeated failure attempt 3/4
ANO_GT_000165,TX_ANO_FAL_4AFAAA17,USR_06832,2026-08-27 23:37:27+00:00,REPEATED_FAILURES,3,4,10000.0,Synthetic injection: repeated failure attempt 4/4
ANO_GT_000166,TX_ANO_VEL_18E930F5,USR_00162,2026-09-12 00:56:19+00:00,VELOCITY_BURST,4,5,8950.0,Synthetic injection: high-velocity burst of 12 tx in 20 mins
ANO_GT_000167,TX_ANO_VEL_C6064487,USR_00162,2026-09-12 00:58:19+00:00,VELOCITY_BURST,4,5,8950.0,Synthetic injection: high-velocity burst of 12 tx in 20 mins
ANO_GT_000168,TX_ANO_VEL_9E2EEABE,USR_00162,2026-09-12 01:00:19+00:00,VELOCITY_BURST,4,5,8950.0,Synthetic injection: high-velocity burst of 12 tx in 20 mins
ANO_GT_000169,TX_ANO_VEL_E7D7EA01,USR_00162,2026-09-12 01:02:19+00:00,VELOCITY_BURST,4,5,8950.0,Synthetic injection: high-velocity burst of 12 tx in 20 mins
ANO_GT_000170,TX_ANO_VEL_3F2367E0,USR_00162,2026-09-12 01:04:19+00:00,VELOCITY_BURST,4,5,8950.0,Synthetic injection: high-velocity burst of 12 tx in 20 mins
ANO_GT_000171,TX_ANO_VEL_8ECEE1E6,USR_00162,2026-09-12 01:06:19+00:00,VELOCITY_BURST,4,5,8950.0,Synthetic injection: high-velocity burst of 12 tx in 20 mins
ANO_GT_000172,TX_ANO_VEL_C48DEC7F,USR_00162,2026-09-12 01:08:19+00:00,VELOCITY_BURST,4,5,8950.0,Synthetic injection: high-velocity burst of 12 tx in 20 mins
ANO_GT_000173,TX_ANO_VEL_90FD3CA8,USR_00162,2026-09-12 01:10:19+00:00,VELOCITY_BURST,4,5,8950.0,Synthetic injection: high-velocity burst of 12 tx in 20 mins
ANO_GT_000174,TX_ANO_VEL_82E2526B,USR_00162,2026-09-12 01:12:19+00:00,VELOCITY_BURST,4,5,8950.0,Synthetic injection: high-velocity burst of 12 tx in 20 mins
ANO_GT_000175,TX_ANO_VEL_EBCABCFB,USR_00162,2026-09-12 01:14:19+00:00,VELOCITY_BURST,4,5,8950.0,Synthetic injection: high-velocity burst of 12 tx in 20 mins
ANO_GT_000176,TX_ANO_VEL_9EFB05A5,USR_00162,2026-09-12 01:16:19+00:00,VELOCITY_BURST,4,5,8950.0,Synthetic injection: high-velocity burst of 12 tx in 20 mins
ANO_GT_000177,TX_ANO_VEL_A9FACF73,USR_00162,2026-09-12 01:18:19+00:00,VELOCITY_BURST,4,5,8950.0,Synthetic injection: high-velocity burst of 12 tx in 20 mins
ANO_GT_000178,TX_ANO_WTH_38E6F44E,USR_00946,2026-08-18 17:38:45+00:00,RAPID_PASS_THROUGH,5,5,763535.6,"Synthetic injection: rapid deposit-to-withdrawal pass-through (₹763,535.60)"
ANO_GT_000179,TX_ANO_FEE_5BF484BD,USR_02309,2026-08-01 01:29:41+00:00,ABNORMAL_FEE,2,4,9035.34,"Synthetic injection: abnormal fee calculation (₹9,035.34)"
ANO_GT_000180,TX_ANO_SPK_9CEC695E,USR_08067,2026-09-02 06:29:46+00:00,BASELINE_SPIKE,4,5,37343.73,"Synthetic injection: extreme baseline value spike (₹37,343.73)"
ANO_GT_000181,TX_ANO_FAL_5625F5A2,USR_07403,2026-08-31 21:37:10+00:00,REPEATED_FAILURES,3,4,10000.0,Synthetic injection: repeated failure attempt 1/4
ANO_GT_000182,TX_ANO_FAL_A0D8C592,USR_07403,2026-08-31 21:40:10+00:00,REPEATED_FAILURES,3,4,10000.0,Synthetic injection: repeated failure attempt 2/4
ANO_GT_000183,TX_ANO_FAL_F8591FD9,USR_07403,2026-08-31 21:43:10+00:00,REPEATED_FAILURES,3,4,10000.0,Synthetic injection: repeated failure attempt 3/4
ANO_GT_000184,TX_ANO_FAL_2B40731E,USR_07403,2026-08-31 21:46:10+00:00,REPEATED_FAILURES,3,4,10000.0,Synthetic injection: repeated failure attempt 4/4
ANO_GT_000185,TX_ANO_WTH_3CED331C,USR_00442,2026-08-28 16:14:22+00:00,RAPID_PASS_THROUGH,5,5,787405.08,"Synthetic injection: rapid deposit-to-withdrawal pass-through (₹787,405.08)"
ANO_GT_000186,TX_ANO_VEL_EA3E33B1,USR_00691,2026-08-16 21:36:53+00:00,VELOCITY_BURST,4,5,8950.0,Synthetic injection: high-velocity burst of 8 tx in 20 mins
ANO_GT_000187,TX_ANO_VEL_E276971E,USR_00691,2026-08-16 21:38:53+00:00,VELOCITY_BURST,4,5,8950.0,Synthetic injection: high-velocity burst of 8 tx in 20 mins
ANO_GT_000188,TX_ANO_VEL_2163834E,USR_00691,2026-08-16 21:40:53+00:00,VELOCITY_BURST,4,5,8950.0,Synthetic injection: high-velocity burst of 8 tx in 20 mins
ANO_GT_000189,TX_ANO_VEL_D091D643,USR_00691,2026-08-16 21:42:53+00:00,VELOCITY_BURST,4,5,8950.0,Synthetic injection: high-velocity burst of 8 tx in 20 mins
ANO_GT_000190,TX_ANO_VEL_8B11F416,USR_00691,2026-08-16 21:44:53+00:00,VELOCITY_BURST,4,5,8950.0,Synthetic injection: high-velocity burst of 8 tx in 20 mins
ANO_GT_000191,TX_ANO_VEL_46F598B8,USR_00691,2026-08-16 21:46:53+00:00,VELOCITY_BURST,4,5,8950.0,Synthetic injection: high-velocity burst of 8 tx in 20 mins
ANO_GT_000192,TX_ANO_VEL_A76B7100,USR_00691,2026-08-16 21:48:53+00:00,VELOCITY_BURST,4,5,8950.0,Synthetic injection: high-velocity burst of 8 tx in 20 mins
ANO_GT_000193,TX_ANO_VEL_B0D10B16,USR_00691,2026-08-16 21:50:53+00:00,VELOCITY_BURST,4,5,8950.0,Synthetic injection: high-velocity burst of 8 tx in 20 mins
ANO_GT_000194,TX_ANO_FAL_0FDC4573,USR_06981,2026-08-01 10:40:20+00:00,REPEATED_FAILURES,3,4,10000.0,Synthetic injection: repeated failure attempt 1/6
ANO_GT_000195,TX_ANO_FAL_A6D9A42C,USR_06981,2026-08-01 10:43:20+00:00,REPEATED_FAILURES,3,4,10000.0,Synthetic injection: repeated failure attempt 2/6
ANO_GT_000196,TX_ANO_FAL_CB53AFD6,USR_06981,2026-08-01 10:46:20+00:00,REPEATED_FAILURES,3,4,10000.0,Synthetic injection: repeated failure attempt 3/6
ANO_GT_000197,TX_ANO_FAL_10BCD872,USR_06981,2026-08-01 10:49:20+00:00,REPEATED_FAILURES,3,4,10000.0,Synthetic injection: repeated failure attempt 4/6
ANO_GT_000198,TX_ANO_FAL_A056F069,USR_06981,2026-08-01 10:52:20+00:00,REPEATED_FAILURES,3,4,10000.0,Synthetic injection: repeated failure attempt 5/6
ANO_GT_000199,TX_ANO_FAL_9C51AC14,USR_06981,2026-08-01 10:55:20+00:00,REPEATED_FAILURES,3,4,10000.0,Synthetic injection: repeated failure attempt 6/6
ANO_GT_000200,TX_ANO_SPK_4CC88730,USR_02781,2026-08-25 23:25:42+00:00,BASELINE_SPIKE,4,5,28374.7,"Synthetic injection: extreme baseline value spike (₹28,374.70)"
ANO_GT_000201,TX_ANO_FAL_617D514D,USR_00360,2026-09-05 03:53:30+00:00,REPEATED_FAILURES,3,4,10000.0,Synthetic injection: repeated failure attempt 1/5
ANO_GT_000202,TX_ANO_FAL_C8B77F8B,USR_00360,2026-09-05 03:56:30+00:00,REPEATED_FAILURES,3,4,10000.0,Synthetic injection: repeated failure attempt 2/5
ANO_GT_000203,TX_ANO_FAL_90D3D28E,USR_00360,2026-09-05 03:59:30+00:00,REPEATED_FAILURES,3,4,10000.0,Synthetic injection: repeated failure attempt 3/5
ANO_GT_000204,TX_ANO_FAL_D5C1D27E,USR_00360,2026-09-05 04:02:30+00:00,REPEATED_FAILURES,3,4,10000.0,Synthetic injection: repeated failure attempt 4/5
ANO_GT_000205,TX_ANO_FAL_ECE1950E,USR_00360,2026-09-05 04:05:30+00:00,REPEATED_FAILURES,3,4,10000.0,Synthetic injection: repeated failure attempt 5/5
ANO_GT_000206,TX_ANO_VEL_C9BA805E,USR_08782,2026-08-13 19:14:37+00:00,VELOCITY_BURST,4,5,8950.0,Synthetic injection: high-velocity burst of 12 tx in 20 mins
ANO_GT_000207,TX_ANO_VEL_07E77BD4,USR_08782,2026-08-13 19:16:37+00:00,VELOCITY_BURST,4,5,8950.0,Synthetic injection: high-velocity burst of 12 tx in 20 mins
ANO_GT_000208,TX_ANO_VEL_E1D85D4F,USR_08782,2026-08-13 19:18:37+00:00,VELOCITY_BURST,4,5,8950.0,Synthetic injection: high-velocity burst of 12 tx in 20 mins
ANO_GT_000209,TX_ANO_VEL_182551D0,USR_08782,2026-08-13 19:20:37+00:00,VELOCITY_BURST,4,5,8950.0,Synthetic injection: high-velocity burst of 12 tx in 20 mins
ANO_GT_000210,TX_ANO_VEL_52CE3569,USR_08782,2026-08-13 19:22:37+00:00,VELOCITY_BURST,4,5,8950.0,Synthetic injection: high-velocity burst of 12 tx in 20 mins
ANO_GT_000211,TX_ANO_VEL_220F592B,USR_08782,2026-08-13 19:24:37+00:00,VELOCITY_BURST,4,5,8950.0,Synthetic injection: high-velocity burst of 12 tx in 20 mins
ANO_GT_000212,TX_ANO_VEL_F5AD4C9D,USR_08782,2026-08-13 19:26:37+00:00,VELOCITY_BURST,4,5,8950.0,Synthetic injection: high-velocity burst of 12 tx in 20 mins
ANO_GT_000213,TX_ANO_VEL_86D76320,USR_08782,2026-08-13 19:28:37+00:00,VELOCITY_BURST,4,5,8950.0,Synthetic injection: high-velocity burst of 12 tx in 20 mins
ANO_GT_000214,TX_ANO_VEL_B7E6B659,USR_08782,2026-08-13 19:30:37+00:00,VELOCITY_BURST,4,5,8950.0,Synthetic injection: high-velocity burst of 12 tx in 20 mins
ANO_GT_000215,TX_ANO_VEL_ACDD9835,USR_08782,2026-08-13 19:32:37+00:00,VELOCITY_BURST,4,5,8950.0,Synthetic injection: high-velocity burst of 12 tx in 20 mins
ANO_GT_000216,TX_ANO_VEL_58AD3372,USR_08782,2026-08-13 19:34:37+00:00,VELOCITY_BURST,4,5,8950.0,Synthetic injection: high-velocity burst of 12 tx in 20 mins
ANO_GT_000217,TX_ANO_VEL_46BCC4B7,USR_08782,2026-08-13 19:36:37+00:00,VELOCITY_BURST,4,5,8950.0,Synthetic injection: high-velocity burst of 12 tx in 20 mins
ANO_GT_000218,TX_ANO_SPK_121F6E89,USR_04623,2026-08-18 04:38:37+00:00,BASELINE_SPIKE,4,5,37191.49,"Synthetic injection: extreme baseline value spike (₹37,191.49)"
ANO_GT_000219,TX_ANO_VEL_94DEFBA0,USR_09461,2026-09-04 14:21:37+00:00,VELOCITY_BURST,4,5,8950.0,Synthetic injection: high-velocity burst of 12 tx in 20 mins
ANO_GT_000220,TX_ANO_VEL_454A0722,USR_09461,2026-09-04 14:23:37+00:00,VELOCITY_BURST,4,5,8950.0,Synthetic injection: high-velocity burst of 12 tx in 20 mins
ANO_GT_000221,TX_ANO_VEL_5B303EF0,USR_09461,2026-09-04 14:25:37+00:00,VELOCITY_BURST,4,5,8950.0,Synthetic injection: high-velocity burst of 12 tx in 20 mins
ANO_GT_000222,TX_ANO_VEL_FC74D98E,USR_09461,2026-09-04 14:27:37+00:00,VELOCITY_BURST,4,5,8950.0,Synthetic injection: high-velocity burst of 12 tx in 20 mins
ANO_GT_000223,TX_ANO_VEL_89F1D59C,USR_09461,2026-09-04 14:29:37+00:00,VELOCITY_BURST,4,5,8950.0,Synthetic injection: high-velocity burst of 12 tx in 20 mins
ANO_GT_000224,TX_ANO_VEL_7F277ED0,USR_09461,2026-09-04 14:31:37+00:00,VELOCITY_BURST,4,5,8950.0,Synthetic injection: high-velocity burst of 12 tx in 20 mins
ANO_GT_000225,TX_ANO_VEL_3842719A,USR_09461,2026-09-04 14:33:37+00:00,VELOCITY_BURST,4,5,8950.0,Synthetic injection: high-velocity burst of 12 tx in 20 mins
ANO_GT_000226,TX_ANO_VEL_DDE8FECC,USR_09461,2026-09-04 14:35:37+00:00,VELOCITY_BURST,4,5,8950.0,Synthetic injection: high-velocity burst of 12 tx in 20 mins
ANO_GT_000227,TX_ANO_VEL_40E9FE98,USR_09461,2026-09-04 14:37:37+00:00,VELOCITY_BURST,4,5,8950.0,Synthetic injection: high-velocity burst of 12 tx in 20 mins
ANO_GT_000228,TX_ANO_VEL_CF9C06FC,USR_09461,2026-09-04 14:39:37+00:00,VELOCITY_BURST,4,5,8950.0,Synthetic injection: high-velocity burst of 12 tx in 20 mins
ANO_GT_000229,TX_ANO_VEL_A4A1C0A6,USR_09461,2026-09-04 14:41:37+00:00,VELOCITY_BURST,4,5,8950.0,Synthetic injection: high-velocity burst of 12 tx in 20 mins
ANO_GT_000230,TX_ANO_VEL_2E130A22,USR_09461,2026-09-04 14:43:37+00:00,VELOCITY_BURST,4,5,8950.0,Synthetic injection: high-velocity burst of 12 tx in 20 mins
ANO_GT_000231,TX_ANO_VEL_E488E2C5,USR_05005,2026-08-02 10:58:15+00:00,VELOCITY_BURST,4,5,8950.0,Synthetic injection: high-velocity burst of 8 tx in 20 mins
ANO_GT_000232,TX_ANO_VEL_D97F8DC0,USR_05005,2026-08-02 11:00:15+00:00,VELOCITY_BURST,4,5,8950.0,Synthetic injection: high-velocity burst of 8 tx in 20 mins
ANO_GT_000233,TX_ANO_VEL_E64E11B7,USR_05005,2026-08-02 11:02:15+00:00,VELOCITY_BURST,4,5,8950.0,Synthetic injection: high-velocity burst of 8 tx in 20 mins
ANO_GT_000234,TX_ANO_VEL_DD294162,USR_05005,2026-08-02 11:04:15+00:00,VELOCITY_BURST,4,5,8950.0,Synthetic injection: high-velocity burst of 8 tx in 20 mins
ANO_GT_000235,TX_ANO_VEL_B0A9217E,USR_05005,2026-08-02 11:06:15+00:00,VELOCITY_BURST,4,5,8950.0,Synthetic injection: high-velocity burst of 8 tx in 20 mins
ANO_GT_000236,TX_ANO_VEL_DE1DB074,USR_05005,2026-08-02 11:08:15+00:00,VELOCITY_BURST,4,5,8950.0,Synthetic injection: high-velocity burst of 8 tx in 20 mins
ANO_GT_000237,TX_ANO_VEL_B1E53256,USR_05005,2026-08-02 11:10:15+00:00,VELOCITY_BURST,4,5,8950.0,Synthetic injection: high-velocity burst of 8 tx in 20 mins
ANO_GT_000238,TX_ANO_VEL_7FF6F696,USR_05005,2026-08-02 11:12:15+00:00,VELOCITY_BURST,4,5,8950.0,Synthetic injection: high-velocity burst of 8 tx in 20 mins
ANO_GT_000239,TX_ANO_FAL_849F5589,USR_02198,2026-08-06 03:13:56+00:00,REPEATED_FAILURES,3,4,10000.0,Synthetic injection: repeated failure attempt 1/6
ANO_GT_000240,TX_ANO_FAL_49946891,USR_02198,2026-08-06 03:16:56+00:00,REPEATED_FAILURES,3,4,10000.0,Synthetic injection: repeated failure attempt 2/6
ANO_GT_000241,TX_ANO_FAL_920C24AF,USR_02198,2026-08-06 03:19:56+00:00,REPEATED_FAILURES,3,4,10000.0,Synthetic injection: repeated failure attempt 3/6
ANO_GT_000242,TX_ANO_FAL_99E0A6CE,USR_02198,2026-08-06 03:22:56+00:00,REPEATED_FAILURES,3,4,10000.0,Synthetic injection: repeated failure attempt 4/6
ANO_GT_000243,TX_ANO_FAL_1EFCBC59,USR_02198,2026-08-06 03:25:56+00:00,REPEATED_FAILURES,3,4,10000.0,Synthetic injection: repeated failure attempt 5/6
ANO_GT_000244,TX_ANO_FAL_EB8BCC44,USR_02198,2026-08-06 03:28:56+00:00,REPEATED_FAILURES,3,4,10000.0,Synthetic injection: repeated failure attempt 6/6
ANO_GT_000245,TX_ANO_FAL_BB517C85,USR_07047,2026-09-09 19:12:07+00:00,REPEATED_FAILURES,3,4,10000.0,Synthetic injection: repeated failure attempt 1/4
ANO_GT_000246,TX_ANO_FAL_45029B99,USR_07047,2026-09-09 19:15:07+00:00,REPEATED_FAILURES,3,4,10000.0,Synthetic injection: repeated failure attempt 2/4
ANO_GT_000247,TX_ANO_FAL_4E161DA4,USR_07047,2026-09-09 19:18:07+00:00,REPEATED_FAILURES,3,4,10000.0,Synthetic injection: repeated failure attempt 3/4
ANO_GT_000248,TX_ANO_FAL_42BB56E4,USR_07047,2026-09-09 19:21:07+00:00,REPEATED_FAILURES,3,4,10000.0,Synthetic injection: repeated failure attempt 4/4
ANO_GT_000249,TX_ANO_VEL_924B7F76,USR_03961,2026-08-19 16:20:42+00:00,VELOCITY_BURST,4,5,8950.0,Synthetic injection: high-velocity burst of 8 tx in 20 mins
ANO_GT_000250,TX_ANO_VEL_674A110B,USR_03961,2026-08-19 16:22:42+00:00,VELOCITY_BURST,4,5,8950.0,Synthetic injection: high-velocity burst of 8 tx in 20 mins
ANO_GT_000251,TX_ANO_VEL_30E0470B,USR_03961,2026-08-19 16:24:42+00:00,VELOCITY_BURST,4,5,8950.0,Synthetic injection: high-velocity burst of 8 tx in 20 mins
ANO_GT_000252,TX_ANO_VEL_F29768E4,USR_03961,2026-08-19 16:26:42+00:00,VELOCITY_BURST,4,5,8950.0,Synthetic injection: high-velocity burst of 8 tx in 20 mins
ANO_GT_000253,TX_ANO_VEL_81045DAA,USR_03961,2026-08-19 16:28:42+00:00,VELOCITY_BURST,4,5,8950.0,Synthetic injection: high-velocity burst of 8 tx in 20 mins
ANO_GT_000254,TX_ANO_VEL_F938308D,USR_03961,2026-08-19 16:30:42+00:00,VELOCITY_BURST,4,5,8950.0,Synthetic injection: high-velocity burst of 8 tx in 20 mins
ANO_GT_000255,TX_ANO_VEL_E4C2E527,USR_03961,2026-08-19 16:32:42+00:00,VELOCITY_BURST,4,5,8950.0,Synthetic injection: high-velocity burst of 8 tx in 20 mins
ANO_GT_000256,TX_ANO_VEL_81326CB9,USR_03961,2026-08-19 16:34:42+00:00,VELOCITY_BURST,4,5,8950.0,Synthetic injection: high-velocity burst of 8 tx in 20 mins
ANO_GT_000257,TX_ANO_FEE_3970E4E0,USR_09735,2026-08-19 09:57:49+00:00,ABNORMAL_FEE,2,4,21143.82,"Synthetic injection: abnormal fee calculation (₹21,143.82)"
ANO_GT_000258,TX_ANO_SPK_BCD08FEF,USR_00685,2026-09-13 05:33:58+00:00,BASELINE_SPIKE,4,5,47276.57,"Synthetic injection: extreme baseline value spike (₹47,276.57)"
ANO_GT_000259,TX_ANO_SPK_DA6091F0,USR_04419,2026-08-22 08:19:05+00:00,BASELINE_SPIKE,4,5,33078.06,"Synthetic injection: extreme baseline value spike (₹33,078.06)"
ANO_GT_000260,TX_ANO_SPK_ED1C9B93,USR_00355,2026-08-07 00:14:38+00:00,BASELINE_SPIKE,4,5,30618.25,"Synthetic injection: extreme baseline value spike (₹30,618.25)"
ANO_GT_000261,TX_ANO_FAL_E9FAF80B,USR_01556,2026-08-02 19:58:16+00:00,REPEATED_FAILURES,3,4,10000.0,Synthetic injection: repeated failure attempt 1/4
ANO_GT_000262,TX_ANO_FAL_7BD46BAE,USR_01556,2026-08-02 20:01:16+00:00,REPEATED_FAILURES,3,4,10000.0,Synthetic injection: repeated failure attempt 2/4
ANO_GT_000263,TX_ANO_FAL_7CCAD86E,USR_01556,2026-08-02 20:04:16+00:00,REPEATED_FAILURES,3,4,10000.0,Synthetic injection: repeated failure attempt 3/4
ANO_GT_000264,TX_ANO_FAL_9D3E3C56,USR_01556,2026-08-02 20:07:16+00:00,REPEATED_FAILURES,3,4,10000.0,Synthetic injection: repeated failure attempt 4/4
ANO_GT_000265,TX_ANO_FAL_57FC228B,USR_06198,2026-08-26 11:06:45+00:00,REPEATED_FAILURES,3,4,10000.0,Synthetic injection: repeated failure attempt 1/6
ANO_GT_000266,TX_ANO_FAL_B0914C02,USR_06198,2026-08-26 11:09:45+00:00,REPEATED_FAILURES,3,4,10000.0,Synthetic injection: repeated failure attempt 2/6
ANO_GT_000267,TX_ANO_FAL_BE901AF4,USR_06198,2026-08-26 11:12:45+00:00,REPEATED_FAILURES,3,4,10000.0,Synthetic injection: repeated failure attempt 3/6
ANO_GT_000268,TX_ANO_FAL_5D34C5DB,USR_06198,2026-08-26 11:15:45+00:00,REPEATED_FAILURES,3,4,10000.0,Synthetic injection: repeated failure attempt 4/6
ANO_GT_000269,TX_ANO_FAL_AB59B10B,USR_06198,2026-08-26 11:18:45+00:00,REPEATED_FAILURES,3,4,10000.0,Synthetic injection: repeated failure attempt 5/6
ANO_GT_000270,TX_ANO_FAL_4B9148FD,USR_06198,2026-08-26 11:21:45+00:00,REPEATED_FAILURES,3,4,10000.0,Synthetic injection: repeated failure attempt 6/6
ANO_GT_000271,TX_ANO_SPK_5767AD50,USR_04461,2026-08-04 23:40:28+00:00,BASELINE_SPIKE,4,5,36284.85,"Synthetic injection: extreme baseline value spike (₹36,284.85)"
ANO_GT_000272,TX_ANO_WTH_E6B422E4,USR_03668,2026-09-05 17:27:28+00:00,RAPID_PASS_THROUGH,5,5,301026.07,"Synthetic injection: rapid deposit-to-withdrawal pass-through (₹301,026.07)"
ANO_GT_000273,TX_ANO_SPK_2AA7C4FA,USR_05983,2026-09-03 14:13:37+00:00,BASELINE_SPIKE,4,5,46049.68,"Synthetic injection: extreme baseline value spike (₹46,049.68)"
ANO_GT_000274,TX_ANO_FEE_F7BA790A,USR_01041,2026-08-11 04:28:18+00:00,ABNORMAL_FEE,2,4,16359.79,"Synthetic injection: abnormal fee calculation (₹16,359.79)"
ANO_GT_000275,TX_ANO_FAL_2C8E94F0,USR_02373,2026-08-03 00:46:33+00:00,REPEATED_FAILURES,3,4,10000.0,Synthetic injection: repeated failure attempt 1/4
ANO_GT_000276,TX_ANO_FAL_D0C204B8,USR_02373,2026-08-03 00:49:33+00:00,REPEATED_FAILURES,3,4,10000.0,Synthetic injection: repeated failure attempt 2/4
ANO_GT_000277,TX_ANO_FAL_59324A3A,USR_02373,2026-08-03 00:52:33+00:00,REPEATED_FAILURES,3,4,10000.0,Synthetic injection: repeated failure attempt 3/4
ANO_GT_000278,TX_ANO_FAL_B77AF37C,USR_02373,2026-08-03 00:55:33+00:00,REPEATED_FAILURES,3,4,10000.0,Synthetic injection: repeated failure attempt 4/4
ANO_GT_000279,TX_ANO_VEL_63C277F9,USR_03972,2026-09-04 14:27:46+00:00,VELOCITY_BURST,4,5,8950.0,Synthetic injection: high-velocity burst of 9 tx in 20 mins
ANO_GT_000280,TX_ANO_VEL_51C4207B,USR_03972,2026-09-04 14:29:46+00:00,VELOCITY_BURST,4,5,8950.0,Synthetic injection: high-velocity burst of 9 tx in 20 mins
ANO_GT_000281,TX_ANO_VEL_F6913B6B,USR_03972,2026-09-04 14:31:46+00:00,VELOCITY_BURST,4,5,8950.0,Synthetic injection: high-velocity burst of 9 tx in 20 mins
ANO_GT_000282,TX_ANO_VEL_FA6A938E,USR_03972,2026-09-04 14:33:46+00:00,VELOCITY_BURST,4,5,8950.0,Synthetic injection: high-velocity burst of 9 tx in 20 mins
ANO_GT_000283,TX_ANO_VEL_4C54B6EA,USR_03972,2026-09-04 14:35:46+00:00,VELOCITY_BURST,4,5,8950.0,Synthetic injection: high-velocity burst of 9 tx in 20 mins
ANO_GT_000284,TX_ANO_VEL_1CCC308B,USR_03972,2026-09-04 14:37:46+00:00,VELOCITY_BURST,4,5,8950.0,Synthetic injection: high-velocity burst of 9 tx in 20 mins
ANO_GT_000285,TX_ANO_VEL_4681896B,USR_03972,2026-09-04 14:39:46+00:00,VELOCITY_BURST,4,5,8950.0,Synthetic injection: high-velocity burst of 9 tx in 20 mins
ANO_GT_000286,TX_ANO_VEL_59790BFB,USR_03972,2026-09-04 14:41:46+00:00,VELOCITY_BURST,4,5,8950.0,Synthetic injection: high-velocity burst of 9 tx in 20 mins
ANO_GT_000287,TX_ANO_VEL_27DF9354,USR_03972,2026-09-04 14:43:46+00:00,VELOCITY_BURST,4,5,8950.0,Synthetic injection: high-velocity burst of 9 tx in 20 mins
ANO_GT_000288,TX_ANO_SPK_91479D70,USR_02829,2026-08-04 11:42:20+00:00,BASELINE_SPIKE,4,5,44000.63,"Synthetic injection: extreme baseline value spike (₹44,000.63)"
ANO_GT_000289,TX_ANO_WTH_8664B2D3,USR_08857,2026-09-04 18:18:50+00:00,RAPID_PASS_THROUGH,5,5,662727.07,"Synthetic injection: rapid deposit-to-withdrawal pass-through (₹662,727.07)"
ANO_GT_000290,TX_ANO_FEE_192EDC02,USR_09479,2026-08-03 20:58:52+00:00,ABNORMAL_FEE,2,4,10640.88,"Synthetic injection: abnormal fee calculation (₹10,640.88)"
ANO_GT_000291,TX_ANO_WTH_5A4BFBAE,USR_00428,2026-09-07 14:33:24+00:00,RAPID_PASS_THROUGH,5,5,252969.16,"Synthetic injection: rapid deposit-to-withdrawal pass-through (₹252,969.16)"
ANO_GT_000292,TX_ANO_FEE_7828E5F3,USR_09918,2026-08-21 06:26:28+00:00,ABNORMAL_FEE,2,4,22099.52,"Synthetic injection: abnormal fee calculation (₹22,099.52)"
ANO_GT_000293,TX_ANO_SPK_FD26ADFD,USR_02939,2026-08-16 10:34:49+00:00,BASELINE_SPIKE,4,5,42839.06,"Synthetic injection: extreme baseline value spike (₹42,839.06)"
ANO_GT_000294,TX_ANO_VEL_A3FF9848,USR_04482,2026-08-30 04:10:06+00:00,VELOCITY_BURST,4,5,8950.0,Synthetic injection: high-velocity burst of 12 tx in 20 mins
ANO_GT_000295,TX_ANO_VEL_1BC1DF16,USR_04482,2026-08-30 04:12:06+00:00,VELOCITY_BURST,4,5,8950.0,Synthetic injection: high-velocity burst of 12 tx in 20 mins
ANO_GT_000296,TX_ANO_VEL_F26F3C01,USR_04482,2026-08-30 04:14:06+00:00,VELOCITY_BURST,4,5,8950.0,Synthetic injection: high-velocity burst of 12 tx in 20 mins
ANO_GT_000297,TX_ANO_VEL_EE92B5EC,USR_04482,2026-08-30 04:16:06+00:00,VELOCITY_BURST,4,5,8950.0,Synthetic injection: high-velocity burst of 12 tx in 20 mins
ANO_GT_000298,TX_ANO_VEL_08EF021E,USR_04482,2026-08-30 04:18:06+00:00,VELOCITY_BURST,4,5,8950.0,Synthetic injection: high-velocity burst of 12 tx in 20 mins
ANO_GT_000299,TX_ANO_VEL_4F6D3D83,USR_04482,2026-08-30 04:20:06+00:00,VELOCITY_BURST,4,5,8950.0,Synthetic injection: high-velocity burst of 12 tx in 20 mins
ANO_GT_000300,TX_ANO_VEL_58C73C2A,USR_04482,2026-08-30 04:22:06+00:00,VELOCITY_BURST,4,5,8950.0,Synthetic injection: high-velocity burst of 12 tx in 20 mins
ANO_GT_000301,TX_ANO_VEL_0DC21988,USR_04482,2026-08-30 04:24:06+00:00,VELOCITY_BURST,4,5,8950.0,Synthetic injection: high-velocity burst of 12 tx in 20 mins
ANO_GT_000302,TX_ANO_VEL_E815B48B,USR_04482,2026-08-30 04:26:06+00:00,VELOCITY_BURST,4,5,8950.0,Synthetic injection: high-velocity burst of 12 tx in 20 mins
ANO_GT_000303,TX_ANO_VEL_6D8E44A8,USR_04482,2026-08-30 04:28:06+00:00,VELOCITY_BURST,4,5,8950.0,Synthetic injection: high-velocity burst of 12 tx in 20 mins
ANO_GT_000304,TX_ANO_VEL_1BCCE2FB,USR_04482,2026-08-30 04:30:06+00:00,VELOCITY_BURST,4,5,8950.0,Synthetic injection: high-velocity burst of 12 tx in 20 mins
ANO_GT_000305,TX_ANO_VEL_CF91CAE6,USR_04482,2026-08-30 04:32:06+00:00,VELOCITY_BURST,4,5,8950.0,Synthetic injection: high-velocity burst of 12 tx in 20 mins
ANO_GT_000306,TX_ANO_SPK_33AEFDA3,USR_01049,2026-08-20 20:31:00+00:00,BASELINE_SPIKE,4,5,27281.74,"Synthetic injection: extreme baseline value spike (₹27,281.74)"
ANO_GT_000307,TX_ANO_WTH_0D89DF9C,USR_02013,2026-08-13 16:58:34+00:00,RAPID_PASS_THROUGH,5,5,377374.94,"Synthetic injection: rapid deposit-to-withdrawal pass-through (₹377,374.94)"
ANO_GT_000308,TX_ANO_SPK_2F58C1FB,USR_02335,2026-08-15 12:46:31+00:00,BASELINE_SPIKE,4,5,53668.73,"Synthetic injection: extreme baseline value spike (₹53,668.73)"
ANO_GT_000309,TX_ANO_SPK_37D85EDA,USR_06408,2026-08-14 18:04:25+00:00,BASELINE_SPIKE,4,5,53047.56,"Synthetic injection: extreme baseline value spike (₹53,047.56)"
ANO_GT_000310,TX_ANO_SPK_1F8FFE72,USR_09710,2026-08-31 12:34:20+00:00,BASELINE_SPIKE,4,5,48355.72,"Synthetic injection: extreme baseline value spike (₹48,355.72)"
ANO_GT_000311,TX_ANO_FAL_5956F53B,USR_06787,2026-08-14 15:55:33+00:00,REPEATED_FAILURES,3,4,10000.0,Synthetic injection: repeated failure attempt 1/5
ANO_GT_000312,TX_ANO_FAL_E1462461,USR_06787,2026-08-14 15:58:33+00:00,REPEATED_FAILURES,3,4,10000.0,Synthetic injection: repeated failure attempt 2/5
ANO_GT_000313,TX_ANO_FAL_6F32A3CE,USR_06787,2026-08-14 16:01:33+00:00,REPEATED_FAILURES,3,4,10000.0,Synthetic injection: repeated failure attempt 3/5
ANO_GT_000314,TX_ANO_FAL_D949FD24,USR_06787,2026-08-14 16:04:33+00:00,REPEATED_FAILURES,3,4,10000.0,Synthetic injection: repeated failure attempt 4/5
ANO_GT_000315,TX_ANO_FAL_A13BB500,USR_06787,2026-08-14 16:07:33+00:00,REPEATED_FAILURES,3,4,10000.0,Synthetic injection: repeated failure attempt 5/5
ANO_GT_000316,TX_ANO_VEL_3168C7B6,USR_02918,2026-09-05 19:17:32+00:00,VELOCITY_BURST,4,5,8950.0,Synthetic injection: high-velocity burst of 10 tx in 20 mins
ANO_GT_000317,TX_ANO_VEL_35C15DE1,USR_02918,2026-09-05 19:19:32+00:00,VELOCITY_BURST,4,5,8950.0,Synthetic injection: high-velocity burst of 10 tx in 20 mins
ANO_GT_000318,TX_ANO_VEL_F269C469,USR_02918,2026-09-05 19:21:32+00:00,VELOCITY_BURST,4,5,8950.0,Synthetic injection: high-velocity burst of 10 tx in 20 mins
ANO_GT_000319,TX_ANO_VEL_A685FD22,USR_02918,2026-09-05 19:23:32+00:00,VELOCITY_BURST,4,5,8950.0,Synthetic injection: high-velocity burst of 10 tx in 20 mins
ANO_GT_000320,TX_ANO_VEL_D68AAC14,USR_02918,2026-09-05 19:25:32+00:00,VELOCITY_BURST,4,5,8950.0,Synthetic injection: high-velocity burst of 10 tx in 20 mins
ANO_GT_000321,TX_ANO_VEL_23FC9F6C,USR_02918,2026-09-05 19:27:32+00:00,VELOCITY_BURST,4,5,8950.0,Synthetic injection: high-velocity burst of 10 tx in 20 mins
ANO_GT_000322,TX_ANO_VEL_7D5114CB,USR_02918,2026-09-05 19:29:32+00:00,VELOCITY_BURST,4,5,8950.0,Synthetic injection: high-velocity burst of 10 tx in 20 mins
ANO_GT_000323,TX_ANO_VEL_5EC910D1,USR_02918,2026-09-05 19:31:32+00:00,VELOCITY_BURST,4,5,8950.0,Synthetic injection: high-velocity burst of 10 tx in 20 mins
ANO_GT_000324,TX_ANO_VEL_E46678C7,USR_02918,2026-09-05 19:33:32+00:00,VELOCITY_BURST,4,5,8950.0,Synthetic injection: high-velocity burst of 10 tx in 20 mins
ANO_GT_000325,TX_ANO_VEL_8B95C967,USR_02918,2026-09-05 19:35:32+00:00,VELOCITY_BURST,4,5,8950.0,Synthetic injection: high-velocity burst of 10 tx in 20 mins
ANO_GT_000326,TX_ANO_SPK_964C5D23,USR_08975,2026-09-11 04:05:16+00:00,BASELINE_SPIKE,4,5,53000.71,"Synthetic injection: extreme baseline value spike (₹53,000.71)"
ANO_GT_000327,TX_ANO_FAL_1C24E601,USR_04088,2026-09-01 16:03:53+00:00,REPEATED_FAILURES,3,4,10000.0,Synthetic injection: repeated failure attempt 1/5
ANO_GT_000328,TX_ANO_FAL_D5E80B3B,USR_04088,2026-09-01 16:06:53+00:00,REPEATED_FAILURES,3,4,10000.0,Synthetic injection: repeated failure attempt 2/5
ANO_GT_000329,TX_ANO_FAL_D4A05BBB,USR_04088,2026-09-01 16:09:53+00:00,REPEATED_FAILURES,3,4,10000.0,Synthetic injection: repeated failure attempt 3/5
ANO_GT_000330,TX_ANO_FAL_09D00168,USR_04088,2026-09-01 16:12:53+00:00,REPEATED_FAILURES,3,4,10000.0,Synthetic injection: repeated failure attempt 4/5
ANO_GT_000331,TX_ANO_FAL_642D373F,USR_04088,2026-09-01 16:15:53+00:00,REPEATED_FAILURES,3,4,10000.0,Synthetic injection: repeated failure attempt 5/5
ANO_GT_000332,TX_ANO_SPK_5E870DE1,USR_03289,2026-09-14 03:56:14+00:00,BASELINE_SPIKE,4,5,41693.13,"Synthetic injection: extreme baseline value spike (₹41,693.13)"
ANO_GT_000333,TX_ANO_SPK_78C52D9C,USR_06904,2026-08-16 11:29:30+00:00,BASELINE_SPIKE,4,5,34440.33,"Synthetic injection: extreme baseline value spike (₹34,440.33)"
ANO_GT_000334,TX_ANO_FAL_07D8033A,USR_07911,2026-08-16 08:37:00+00:00,REPEATED_FAILURES,3,4,10000.0,Synthetic injection: repeated failure attempt 1/5
ANO_GT_000335,TX_ANO_FAL_6A3E5E45,USR_07911,2026-08-16 08:40:00+00:00,REPEATED_FAILURES,3,4,10000.0,Synthetic injection: repeated failure attempt 2/5
ANO_GT_000336,TX_ANO_FAL_960AFEF4,USR_07911,2026-08-16 08:43:00+00:00,REPEATED_FAILURES,3,4,10000.0,Synthetic injection: repeated failure attempt 3/5
ANO_GT_000337,TX_ANO_FAL_05CC71CD,USR_07911,2026-08-16 08:46:00+00:00,REPEATED_FAILURES,3,4,10000.0,Synthetic injection: repeated failure attempt 4/5
ANO_GT_000338,TX_ANO_FAL_76D73BCA,USR_07911,2026-08-16 08:49:00+00:00,REPEATED_FAILURES,3,4,10000.0,Synthetic injection: repeated failure attempt 5/5
ANO_GT_000339,TX_ANO_SPK_4F871527,USR_09606,2026-09-13 01:32:10+00:00,BASELINE_SPIKE,4,5,34115.8,"Synthetic injection: extreme baseline value spike (₹34,115.80)"
ANO_GT_000340,TX_ANO_WTH_9D3B9D14,USR_08251,2026-08-04 20:09:12+00:00,RAPID_PASS_THROUGH,5,5,279999.77,"Synthetic injection: rapid deposit-to-withdrawal pass-through (₹279,999.77)"
ANO_GT_000341,TX_ANO_WTH_90C67B19,USR_02782,2026-09-10 15:01:28+00:00,RAPID_PASS_THROUGH,5,5,460412.91,"Synthetic injection: rapid deposit-to-withdrawal pass-through (₹460,412.91)"
ANO_GT_000342,TX_ANO_VEL_2BF656AD,USR_08234,2026-08-05 17:49:07+00:00,VELOCITY_BURST,4,5,8950.0,Synthetic injection: high-velocity burst of 8 tx in 20 mins
ANO_GT_000343,TX_ANO_VEL_FF4A58AD,USR_08234,2026-08-05 17:51:07+00:00,VELOCITY_BURST,4,5,8950.0,Synthetic injection: high-velocity burst of 8 tx in 20 mins
ANO_GT_000344,TX_ANO_VEL_4550546F,USR_08234,2026-08-05 17:53:07+00:00,VELOCITY_BURST,4,5,8950.0,Synthetic injection: high-velocity burst of 8 tx in 20 mins
ANO_GT_000345,TX_ANO_VEL_88C5F212,USR_08234,2026-08-05 17:55:07+00:00,VELOCITY_BURST,4,5,8950.0,Synthetic injection: high-velocity burst of 8 tx in 20 mins
ANO_GT_000346,TX_ANO_VEL_98F48F7B,USR_08234,2026-08-05 17:57:07+00:00,VELOCITY_BURST,4,5,8950.0,Synthetic injection: high-velocity burst of 8 tx in 20 mins
ANO_GT_000347,TX_ANO_VEL_7E2BA720,USR_08234,2026-08-05 17:59:07+00:00,VELOCITY_BURST,4,5,8950.0,Synthetic injection: high-velocity burst of 8 tx in 20 mins
ANO_GT_000348,TX_ANO_VEL_64A460AC,USR_08234,2026-08-05 18:01:07+00:00,VELOCITY_BURST,4,5,8950.0,Synthetic injection: high-velocity burst of 8 tx in 20 mins
ANO_GT_000349,TX_ANO_VEL_F600B1C4,USR_08234,2026-08-05 18:03:07+00:00,VELOCITY_BURST,4,5,8950.0,Synthetic injection: high-velocity burst of 8 tx in 20 mins
ANO_GT_000350,TX_ANO_SPK_8CC14AAD,USR_03936,2026-08-16 16:19:55+00:00,BASELINE_SPIKE,4,5,34413.95,"Synthetic injection: extreme baseline value spike (₹34,413.95)"
ANO_GT_000351,TX_ANO_SPK_46BFF288,USR_06485,2026-08-19 15:59:20+00:00,BASELINE_SPIKE,4,5,35853.36,"Synthetic injection: extreme baseline value spike (₹35,853.36)"
ANO_GT_000352,TX_ANO_VEL_B5BEAEB3,USR_05618,2026-09-01 06:20:37+00:00,VELOCITY_BURST,4,5,8950.0,Synthetic injection: high-velocity burst of 10 tx in 20 mins
ANO_GT_000353,TX_ANO_VEL_D2B950B3,USR_05618,2026-09-01 06:22:37+00:00,VELOCITY_BURST,4,5,8950.0,Synthetic injection: high-velocity burst of 10 tx in 20 mins
ANO_GT_000354,TX_ANO_VEL_E20CF866,USR_05618,2026-09-01 06:24:37+00:00,VELOCITY_BURST,4,5,8950.0,Synthetic injection: high-velocity burst of 10 tx in 20 mins
ANO_GT_000355,TX_ANO_VEL_D8AA6E1E,USR_05618,2026-09-01 06:26:37+00:00,VELOCITY_BURST,4,5,8950.0,Synthetic injection: high-velocity burst of 10 tx in 20 mins
ANO_GT_000356,TX_ANO_VEL_05D3B87E,USR_05618,2026-09-01 06:28:37+00:00,VELOCITY_BURST,4,5,8950.0,Synthetic injection: high-velocity burst of 10 tx in 20 mins
ANO_GT_000357,TX_ANO_VEL_F12751C0,USR_05618,2026-09-01 06:30:37+00:00,VELOCITY_BURST,4,5,8950.0,Synthetic injection: high-velocity burst of 10 tx in 20 mins
ANO_GT_000358,TX_ANO_VEL_0FC27C09,USR_05618,2026-09-01 06:32:37+00:00,VELOCITY_BURST,4,5,8950.0,Synthetic injection: high-velocity burst of 10 tx in 20 mins
ANO_GT_000359,TX_ANO_VEL_82207C86,USR_05618,2026-09-01 06:34:37+00:00,VELOCITY_BURST,4,5,8950.0,Synthetic injection: high-velocity burst of 10 tx in 20 mins
ANO_GT_000360,TX_ANO_VEL_4AFA2715,USR_05618,2026-09-01 06:36:37+00:00,VELOCITY_BURST,4,5,8950.0,Synthetic injection: high-velocity burst of 10 tx in 20 mins
ANO_GT_000361,TX_ANO_VEL_B972496F,USR_05618,2026-09-01 06:38:37+00:00,VELOCITY_BURST,4,5,8950.0,Synthetic injection: high-velocity burst of 10 tx in 20 mins
ANO_GT_000362,TX_ANO_VEL_333F2305,USR_07683,2026-08-09 20:04:09+00:00,VELOCITY_BURST,4,5,8950.0,Synthetic injection: high-velocity burst of 10 tx in 20 mins
ANO_GT_000363,TX_ANO_VEL_AFE73EB7,USR_07683,2026-08-09 20:06:09+00:00,VELOCITY_BURST,4,5,8950.0,Synthetic injection: high-velocity burst of 10 tx in 20 mins
ANO_GT_000364,TX_ANO_VEL_959FE47A,USR_07683,2026-08-09 20:08:09+00:00,VELOCITY_BURST,4,5,8950.0,Synthetic injection: high-velocity burst of 10 tx in 20 mins
ANO_GT_000365,TX_ANO_VEL_4A2A7281,USR_07683,2026-08-09 20:10:09+00:00,VELOCITY_BURST,4,5,8950.0,Synthetic injection: high-velocity burst of 10 tx in 20 mins
ANO_GT_000366,TX_ANO_VEL_9FF5AA9C,USR_07683,2026-08-09 20:12:09+00:00,VELOCITY_BURST,4,5,8950.0,Synthetic injection: high-velocity burst of 10 tx in 20 mins
ANO_GT_000367,TX_ANO_VEL_53238C84,USR_07683,2026-08-09 20:14:09+00:00,VELOCITY_BURST,4,5,8950.0,Synthetic injection: high-velocity burst of 10 tx in 20 mins
ANO_GT_000368,TX_ANO_VEL_B7D65AF7,USR_07683,2026-08-09 20:16:09+00:00,VELOCITY_BURST,4,5,8950.0,Synthetic injection: high-velocity burst of 10 tx in 20 mins
ANO_GT_000369,TX_ANO_VEL_34D4802D,USR_07683,2026-08-09 20:18:09+00:00,VELOCITY_BURST,4,5,8950.0,Synthetic injection: high-velocity burst of 10 tx in 20 mins
ANO_GT_000370,TX_ANO_VEL_C724C2A2,USR_07683,2026-08-09 20:20:09+00:00,VELOCITY_BURST,4,5,8950.0,Synthetic injection: high-velocity burst of 10 tx in 20 mins
ANO_GT_000371,TX_ANO_VEL_6B841435,USR_07683,2026-08-09 20:22:09+00:00,VELOCITY_BURST,4,5,8950.0,Synthetic injection: high-velocity burst of 10 tx in 20 mins
ANO_GT_000372,TX_ANO_SPK_CEDAEAE7,USR_01120,2026-08-14 09:57:32+00:00,BASELINE_SPIKE,4,5,43827.53,"Synthetic injection: extreme baseline value spike (₹43,827.53)"
ANO_GT_000373,TX_ANO_VEL_9ADDE8C8,USR_03216,2026-08-30 22:04:30+00:00,VELOCITY_BURST,4,5,8950.0,Synthetic injection: high-velocity burst of 9 tx in 20 mins
ANO_GT_000374,TX_ANO_VEL_B2DF7224,USR_03216,2026-08-30 22:06:30+00:00,VELOCITY_BURST,4,5,8950.0,Synthetic injection: high-velocity burst of 9 tx in 20 mins
ANO_GT_000375,TX_ANO_VEL_8F5F0A07,USR_03216,2026-08-30 22:08:30+00:00,VELOCITY_BURST,4,5,8950.0,Synthetic injection: high-velocity burst of 9 tx in 20 mins
ANO_GT_000376,TX_ANO_VEL_6B574866,USR_03216,2026-08-30 22:10:30+00:00,VELOCITY_BURST,4,5,8950.0,Synthetic injection: high-velocity burst of 9 tx in 20 mins
ANO_GT_000377,TX_ANO_VEL_D37B6624,USR_03216,2026-08-30 22:12:30+00:00,VELOCITY_BURST,4,5,8950.0,Synthetic injection: high-velocity burst of 9 tx in 20 mins
ANO_GT_000378,TX_ANO_VEL_33F597B3,USR_03216,2026-08-30 22:14:30+00:00,VELOCITY_BURST,4,5,8950.0,Synthetic injection: high-velocity burst of 9 tx in 20 mins
ANO_GT_000379,TX_ANO_VEL_B820A944,USR_03216,2026-08-30 22:16:30+00:00,VELOCITY_BURST,4,5,8950.0,Synthetic injection: high-velocity burst of 9 tx in 20 mins
ANO_GT_000380,TX_ANO_VEL_A3FB1A2A,USR_03216,2026-08-30 22:18:30+00:00,VELOCITY_BURST,4,5,8950.0,Synthetic injection: high-velocity burst of 9 tx in 20 mins
ANO_GT_000381,TX_ANO_VEL_C39F6AD6,USR_03216,2026-08-30 22:20:30+00:00,VELOCITY_BURST,4,5,8950.0,Synthetic injection: high-velocity burst of 9 tx in 20 mins
ANO_GT_000382,TX_ANO_SPK_5042A843,USR_00723,2026-08-01 13:06:40+00:00,BASELINE_SPIKE,4,5,51507.54,"Synthetic injection: extreme baseline value spike (₹51,507.54)"
ANO_GT_000383,TX_ANO_SPK_FD092F7D,USR_03738,2026-09-17 00:02:23+00:00,BASELINE_SPIKE,4,5,48733.17,"Synthetic injection: extreme baseline value spike (₹48,733.17)"
ANO_GT_000384,TX_ANO_SPK_C1961330,USR_01638,2026-09-12 21:17:18+00:00,BASELINE_SPIKE,4,5,44180.11,"Synthetic injection: extreme baseline value spike (₹44,180.11)"
ANO_GT_000385,TX_ANO_VEL_8B5A0992,USR_04183,2026-09-17 02:49:35+00:00,VELOCITY_BURST,4,5,8950.0,Synthetic injection: high-velocity burst of 11 tx in 20 mins
ANO_GT_000386,TX_ANO_VEL_0CE1B8E7,USR_04183,2026-09-17 02:51:35+00:00,VELOCITY_BURST,4,5,8950.0,Synthetic injection: high-velocity burst of 11 tx in 20 mins
ANO_GT_000387,TX_ANO_VEL_6BDF4D7F,USR_04183,2026-09-17 02:53:35+00:00,VELOCITY_BURST,4,5,8950.0,Synthetic injection: high-velocity burst of 11 tx in 20 mins
ANO_GT_000388,TX_ANO_VEL_1B5CB88A,USR_04183,2026-09-17 02:55:35+00:00,VELOCITY_BURST,4,5,8950.0,Synthetic injection: high-velocity burst of 11 tx in 20 mins
ANO_GT_000389,TX_ANO_VEL_17599B79,USR_04183,2026-09-17 02:57:35+00:00,VELOCITY_BURST,4,5,8950.0,Synthetic injection: high-velocity burst of 11 tx in 20 mins
ANO_GT_000390,TX_ANO_VEL_CBF08771,USR_04183,2026-09-17 02:59:35+00:00,VELOCITY_BURST,4,5,8950.0,Synthetic injection: high-velocity burst of 11 tx in 20 mins
ANO_GT_000391,TX_ANO_VEL_1123F2A5,USR_04183,2026-09-17 03:01:35+00:00,VELOCITY_BURST,4,5,8950.0,Synthetic injection: high-velocity burst of 11 tx in 20 mins
ANO_GT_000392,TX_ANO_VEL_431EE1A1,USR_04183,2026-09-17 03:03:35+00:00,VELOCITY_BURST,4,5,8950.0,Synthetic injection: high-velocity burst of 11 tx in 20 mins
ANO_GT_000393,TX_ANO_VEL_61F88FB2,USR_04183,2026-09-17 03:05:35+00:00,VELOCITY_BURST,4,5,8950.0,Synthetic injection: high-velocity burst of 11 tx in 20 mins
ANO_GT_000394,TX_ANO_VEL_40799160,USR_04183,2026-09-17 03:07:35+00:00,VELOCITY_BURST,4,5,8950.0,Synthetic injection: high-velocity burst of 11 tx in 20 mins
ANO_GT_000395,TX_ANO_VEL_4CA3C35A,USR_04183,2026-09-17 03:09:35+00:00,VELOCITY_BURST,4,5,8950.0,Synthetic injection: high-velocity burst of 11 tx in 20 mins
ANO_GT_000396,TX_ANO_FAL_0D4644A0,USR_02395,2026-09-16 05:44:14+00:00,REPEATED_FAILURES,3,4,10000.0,Synthetic injection: repeated failure attempt 1/4
ANO_GT_000397,TX_ANO_FAL_F1C5F249,USR_02395,2026-09-16 05:47:14+00:00,REPEATED_FAILURES,3,4,10000.0,Synthetic injection: repeated failure attempt 2/4
ANO_GT_000398,TX_ANO_FAL_950AD4B1,USR_02395,2026-09-16 05:50:14+00:00,REPEATED_FAILURES,3,4,10000.0,Synthetic injection: repeated failure attempt 3/4
ANO_GT_000399,TX_ANO_FAL_A8631F21,USR_02395,2026-09-16 05:53:14+00:00,REPEATED_FAILURES,3,4,10000.0,Synthetic injection: repeated failure attempt 4/4
ANO_GT_000400,TX_ANO_SPK_836C8549,USR_03873,2026-09-15 02:40:28+00:00,BASELINE_SPIKE,4,5,31031.0,"Synthetic injection: extreme baseline value spike (₹31,031.00)"
ANO_GT_000401,TX_ANO_SPK_B5F41A16,USR_09725,2026-09-15 02:28:53+00:00,BASELINE_SPIKE,4,5,52715.78,"Synthetic injection: extreme baseline value spike (₹52,715.78)"
ANO_GT_000402,TX_ANO_VEL_7D27672B,USR_04650,2026-09-16 05:53:00+00:00,VELOCITY_BURST,4,5,8950.0,Synthetic injection: high-velocity burst of 10 tx in 20 mins
ANO_GT_000403,TX_ANO_VEL_8F71F9C7,USR_04650,2026-09-16 05:55:00+00:00,VELOCITY_BURST,4,5,8950.0,Synthetic injection: high-velocity burst of 10 tx in 20 mins
ANO_GT_000404,TX_ANO_VEL_DBD6C659,USR_04650,2026-09-16 05:57:00+00:00,VELOCITY_BURST,4,5,8950.0,Synthetic injection: high-velocity burst of 10 tx in 20 mins
ANO_GT_000405,TX_ANO_VEL_97B1F716,USR_04650,2026-09-16 05:59:00+00:00,VELOCITY_BURST,4,5,8950.0,Synthetic injection: high-velocity burst of 10 tx in 20 mins
ANO_GT_000406,TX_ANO_VEL_3E9FA6AA,USR_04650,2026-09-16 06:01:00+00:00,VELOCITY_BURST,4,5,8950.0,Synthetic injection: high-velocity burst of 10 tx in 20 mins
ANO_GT_000407,TX_ANO_VEL_D9A135E2,USR_04650,2026-09-16 06:03:00+00:00,VELOCITY_BURST,4,5,8950.0,Synthetic injection: high-velocity burst of 10 tx in 20 mins
ANO_GT_000408,TX_ANO_VEL_8E5BE0D3,USR_04650,2026-09-16 06:05:00+00:00,VELOCITY_BURST,4,5,8950.0,Synthetic injection: high-velocity burst of 10 tx in 20 mins
ANO_GT_000409,TX_ANO_VEL_98B2D3AC,USR_04650,2026-09-16 06:07:00+00:00,VELOCITY_BURST,4,5,8950.0,Synthetic injection: high-velocity burst of 10 tx in 20 mins
ANO_GT_000410,TX_ANO_VEL_9B138338,USR_04650,2026-09-16 06:09:00+00:00,VELOCITY_BURST,4,5,8950.0,Synthetic injection: high-velocity burst of 10 tx in 20 mins
ANO_GT_000411,TX_ANO_VEL_4A16CC6B,USR_04650,2026-09-16 06:11:00+00:00,VELOCITY_BURST,4,5,8950.0,Synthetic injection: high-velocity burst of 10 tx in 20 mins
ANO_GT_000412,TX_ANO_WTH_6D549C17,USR_02596,2026-09-18 10:50:29+00:00,RAPID_PASS_THROUGH,5,5,766910.48,"Synthetic injection: rapid deposit-to-withdrawal pass-through (₹766,910.48)"
ANO_GT_000413,TX_ANO_SPK_67662E41,USR_08880,2026-08-01 10:15:50+00:00,BASELINE_SPIKE,4,5,48281.21,"Synthetic injection: extreme baseline value spike (₹48,281.21)"
ANO_GT_000414,TX_ANO_FAL_C86D874C,USR_09850,2026-08-09 08:36:52+00:00,REPEATED_FAILURES,3,4,10000.0,Synthetic injection: repeated failure attempt 1/4
ANO_GT_000415,TX_ANO_FAL_F6F9F4AF,USR_09850,2026-08-09 08:39:52+00:00,REPEATED_FAILURES,3,4,10000.0,Synthetic injection: repeated failure attempt 2/4
ANO_GT_000416,TX_ANO_FAL_8421D436,USR_09850,2026-08-09 08:42:52+00:00,REPEATED_FAILURES,3,4,10000.0,Synthetic injection: repeated failure attempt 3/4
ANO_GT_000417,TX_ANO_FAL_2ACBFD7F,USR_09850,2026-08-09 08:45:52+00:00,REPEATED_FAILURES,3,4,10000.0,Synthetic injection: repeated failure attempt 4/4
ANO_GT_000418,TX_ANO_SPK_3A517F1C,USR_01756,2026-09-16 16:53:50+00:00,BASELINE_SPIKE,4,5,37014.3,"Synthetic injection: extreme baseline value spike (₹37,014.30)"
ANO_GT_000419,TX_ANO_FAL_8284E678,USR_09225,2026-08-15 08:52:48+00:00,REPEATED_FAILURES,3,4,10000.0,Synthetic injection: repeated failure attempt 1/4
ANO_GT_000420,TX_ANO_FAL_080DD046,USR_09225,2026-08-15 08:55:48+00:00,REPEATED_FAILURES,3,4,10000.0,Synthetic injection: repeated failure attempt 2/4
ANO_GT_000421,TX_ANO_FAL_5F3BC445,USR_09225,2026-08-15 08:58:48+00:00,REPEATED_FAILURES,3,4,10000.0,Synthetic injection: repeated failure attempt 3/4
ANO_GT_000422,TX_ANO_FAL_D4625D66,USR_09225,2026-08-15 09:01:48+00:00,REPEATED_FAILURES,3,4,10000.0,Synthetic injection: repeated failure attempt 4/4
ANO_GT_000423,TX_ANO_FAL_9C734477,USR_04158,2026-08-26 20:16:33+00:00,REPEATED_FAILURES,3,4,10000.0,Synthetic injection: repeated failure attempt 1/6
ANO_GT_000424,TX_ANO_FAL_4F34EDDE,USR_04158,2026-08-26 20:19:33+00:00,REPEATED_FAILURES,3,4,10000.0,Synthetic injection: repeated failure attempt 2/6
ANO_GT_000425,TX_ANO_FAL_2C864924,USR_04158,2026-08-26 20:22:33+00:00,REPEATED_FAILURES,3,4,10000.0,Synthetic injection: repeated failure attempt 3/6
ANO_GT_000426,TX_ANO_FAL_4370A0CA,USR_04158,2026-08-26 20:25:33+00:00,REPEATED_FAILURES,3,4,10000.0,Synthetic injection: repeated failure attempt 4/6
ANO_GT_000427,TX_ANO_FAL_F447DA2F,USR_04158,2026-08-26 20:28:33+00:00,REPEATED_FAILURES,3,4,10000.0,Synthetic injection: repeated failure attempt 5/6
ANO_GT_000428,TX_ANO_FAL_652AFC53,USR_04158,2026-08-26 20:31:33+00:00,REPEATED_FAILURES,3,4,10000.0,Synthetic injection: repeated failure attempt 6/6
ANO_GT_000429,TX_ANO_SPK_60C9351C,USR_09374,2026-08-07 06:17:39+00:00,BASELINE_SPIKE,4,5,51927.66,"Synthetic injection: extreme baseline value spike (₹51,927.66)"
ANO_GT_000430,TX_ANO_WTH_C8C95CFB,USR_07916,2026-08-12 22:51:05+00:00,RAPID_PASS_THROUGH,5,5,385431.74,"Synthetic injection: rapid deposit-to-withdrawal pass-through (₹385,431.74)"
ANO_GT_000431,TX_ANO_FEE_9762DD1E,USR_02764,2026-09-09 13:20:33+00:00,ABNORMAL_FEE,2,4,24917.57,"Synthetic injection: abnormal fee calculation (₹24,917.57)"
ANO_GT_000432,TX_ANO_VEL_F46F84E8,USR_06047,2026-09-03 23:58:40+00:00,VELOCITY_BURST,4,5,8950.0,Synthetic injection: high-velocity burst of 8 tx in 20 mins
ANO_GT_000433,TX_ANO_VEL_27C37BE5,USR_06047,2026-09-04 00:00:40+00:00,VELOCITY_BURST,4,5,8950.0,Synthetic injection: high-velocity burst of 8 tx in 20 mins
ANO_GT_000434,TX_ANO_VEL_9C54E355,USR_06047,2026-09-04 00:02:40+00:00,VELOCITY_BURST,4,5,8950.0,Synthetic injection: high-velocity burst of 8 tx in 20 mins
ANO_GT_000435,TX_ANO_VEL_F8CD0603,USR_06047,2026-09-04 00:04:40+00:00,VELOCITY_BURST,4,5,8950.0,Synthetic injection: high-velocity burst of 8 tx in 20 mins
ANO_GT_000436,TX_ANO_VEL_F7465C2A,USR_06047,2026-09-04 00:06:40+00:00,VELOCITY_BURST,4,5,8950.0,Synthetic injection: high-velocity burst of 8 tx in 20 mins
ANO_GT_000437,TX_ANO_VEL_321992B2,USR_06047,2026-09-04 00:08:40+00:00,VELOCITY_BURST,4,5,8950.0,Synthetic injection: high-velocity burst of 8 tx in 20 mins
ANO_GT_000438,TX_ANO_VEL_3EC32D1D,USR_06047,2026-09-04 00:10:40+00:00,VELOCITY_BURST,4,5,8950.0,Synthetic injection: high-velocity burst of 8 tx in 20 mins
ANO_GT_000439,TX_ANO_VEL_CF0723FD,USR_06047,2026-09-04 00:12:40+00:00,VELOCITY_BURST,4,5,8950.0,Synthetic injection: high-velocity burst of 8 tx in 20 mins
ANO_GT_000440,TX_ANO_SPK_EDD0B75C,USR_00978,2026-09-03 01:26:38+00:00,BASELINE_SPIKE,4,5,48862.35,"Synthetic injection: extreme baseline value spike (₹48,862.35)"
ANO_GT_000441,TX_ANO_SPK_79577602,USR_02896,2026-08-13 19:01:01+00:00,BASELINE_SPIKE,4,5,50158.21,"Synthetic injection: extreme baseline value spike (₹50,158.21)"
ANO_GT_000442,TX_ANO_FAL_0D917A1B,USR_03641,2026-08-28 21:57:59+00:00,REPEATED_FAILURES,3,4,10000.0,Synthetic injection: repeated failure attempt 1/6
ANO_GT_000443,TX_ANO_FAL_EA139CC0,USR_03641,2026-08-28 22:00:59+00:00,REPEATED_FAILURES,3,4,10000.0,Synthetic injection: repeated failure attempt 2/6
ANO_GT_000444,TX_ANO_FAL_DAC4E1B0,USR_03641,2026-08-28 22:03:59+00:00,REPEATED_FAILURES,3,4,10000.0,Synthetic injection: repeated failure attempt 3/6
ANO_GT_000445,TX_ANO_FAL_8997A580,USR_03641,2026-08-28 22:06:59+00:00,REPEATED_FAILURES,3,4,10000.0,Synthetic injection: repeated failure attempt 4/6
ANO_GT_000446,TX_ANO_FAL_C3B4BAFC,USR_03641,2026-08-28 22:09:59+00:00,REPEATED_FAILURES,3,4,10000.0,Synthetic injection: repeated failure attempt 5/6
ANO_GT_000447,TX_ANO_FAL_89480E5E,USR_03641,2026-08-28 22:12:59+00:00,REPEATED_FAILURES,3,4,10000.0,Synthetic injection: repeated failure attempt 6/6
ANO_GT_000448,TX_ANO_VEL_BB7B6217,USR_02243,2026-08-02 18:08:12+00:00,VELOCITY_BURST,4,5,8950.0,Synthetic injection: high-velocity burst of 11 tx in 20 mins
ANO_GT_000449,TX_ANO_VEL_CAD15BCC,USR_02243,2026-08-02 18:10:12+00:00,VELOCITY_BURST,4,5,8950.0,Synthetic injection: high-velocity burst of 11 tx in 20 mins
ANO_GT_000450,TX_ANO_VEL_3F95DE30,USR_02243,2026-08-02 18:12:12+00:00,VELOCITY_BURST,4,5,8950.0,Synthetic injection: high-velocity burst of 11 tx in 20 mins
ANO_GT_000451,TX_ANO_VEL_607D68B2,USR_02243,2026-08-02 18:14:12+00:00,VELOCITY_BURST,4,5,8950.0,Synthetic injection: high-velocity burst of 11 tx in 20 mins
ANO_GT_000452,TX_ANO_VEL_33C79647,USR_02243,2026-08-02 18:16:12+00:00,VELOCITY_BURST,4,5,8950.0,Synthetic injection: high-velocity burst of 11 tx in 20 mins
ANO_GT_000453,TX_ANO_VEL_DDFF1245,USR_02243,2026-08-02 18:18:12+00:00,VELOCITY_BURST,4,5,8950.0,Synthetic injection: high-velocity burst of 11 tx in 20 mins
ANO_GT_000454,TX_ANO_VEL_248AD8F9,USR_02243,2026-08-02 18:20:12+00:00,VELOCITY_BURST,4,5,8950.0,Synthetic injection: high-velocity burst of 11 tx in 20 mins
ANO_GT_000455,TX_ANO_VEL_445CB48A,USR_02243,2026-08-02 18:22:12+00:00,VELOCITY_BURST,4,5,8950.0,Synthetic injection: high-velocity burst of 11 tx in 20 mins
ANO_GT_000456,TX_ANO_VEL_9C42B050,USR_02243,2026-08-02 18:24:12+00:00,VELOCITY_BURST,4,5,8950.0,Synthetic injection: high-velocity burst of 11 tx in 20 mins
ANO_GT_000457,TX_ANO_VEL_9336DAA3,USR_02243,2026-08-02 18:26:12+00:00,VELOCITY_BURST,4,5,8950.0,Synthetic injection: high-velocity burst of 11 tx in 20 mins
ANO_GT_000458,TX_ANO_VEL_69228B38,USR_02243,2026-08-02 18:28:12+00:00,VELOCITY_BURST,4,5,8950.0,Synthetic injection: high-velocity burst of 11 tx in 20 mins
ANO_GT_000459,TX_ANO_WTH_2EEED606,USR_01575,2026-09-02 08:52:10+00:00,RAPID_PASS_THROUGH,5,5,401580.02,"Synthetic injection: rapid deposit-to-withdrawal pass-through (₹401,580.02)"
ANO_GT_000460,TX_ANO_SPK_6FA31320,USR_01145,2026-08-10 11:36:50+00:00,BASELINE_SPIKE,4,5,40814.9,"Synthetic injection: extreme baseline value spike (₹40,814.90)"
ANO_GT_000461,TX_ANO_FEE_9DC3AA28,USR_09944,2026-08-11 07:02:33+00:00,ABNORMAL_FEE,2,4,10004.55,"Synthetic injection: abnormal fee calculation (₹10,004.55)"
ANO_GT_000462,TX_ANO_WTH_6F239222,USR_07388,2026-08-17 06:46:31+00:00,RAPID_PASS_THROUGH,5,5,243595.31,"Synthetic injection: rapid deposit-to-withdrawal pass-through (₹243,595.31)"
ANO_GT_000463,TX_ANO_WTH_352DA096,USR_08525,2026-08-23 06:45:50+00:00,RAPID_PASS_THROUGH,5,5,694530.31,"Synthetic injection: rapid deposit-to-withdrawal pass-through (₹694,530.31)"
ANO_GT_000464,TX_ANO_FAL_45B6F784,USR_04596,2026-08-05 00:41:00+00:00,REPEATED_FAILURES,3,4,10000.0,Synthetic injection: repeated failure attempt 1/6
ANO_GT_000465,TX_ANO_FAL_F99D0E86,USR_04596,2026-08-05 00:44:00+00:00,REPEATED_FAILURES,3,4,10000.0,Synthetic injection: repeated failure attempt 2/6
ANO_GT_000466,TX_ANO_FAL_15AAA7D5,USR_04596,2026-08-05 00:47:00+00:00,REPEATED_FAILURES,3,4,10000.0,Synthetic injection: repeated failure attempt 3/6
ANO_GT_000467,TX_ANO_FAL_E912B864,USR_04596,2026-08-05 00:50:00+00:00,REPEATED_FAILURES,3,4,10000.0,Synthetic injection: repeated failure attempt 4/6
ANO_GT_000468,TX_ANO_FAL_12E2B20B,USR_04596,2026-08-05 00:53:00+00:00,REPEATED_FAILURES,3,4,10000.0,Synthetic injection: repeated failure attempt 5/6
ANO_GT_000469,TX_ANO_FAL_90FE8135,USR_04596,2026-08-05 00:56:00+00:00,REPEATED_FAILURES,3,4,10000.0,Synthetic injection: repeated failure attempt 6/6
ANO_GT_000470,TX_ANO_SPK_12ED2DC8,USR_07785,2026-08-10 16:16:12+00:00,BASELINE_SPIKE,4,5,37010.47,"Synthetic injection: extreme baseline value spike (₹37,010.47)"
ANO_GT_000471,TX_ANO_SPK_2D461D32,USR_06375,2026-09-16 19:34:43+00:00,BASELINE_SPIKE,4,5,52858.94,"Synthetic injection: extreme baseline value spike (₹52,858.94)"
ANO_GT_000472,TX_ANO_VEL_CA8104BA,USR_08578,2026-09-19 23:10:23+00:00,VELOCITY_BURST,4,5,8950.0,Synthetic injection: high-velocity burst of 10 tx in 20 mins
ANO_GT_000473,TX_ANO_VEL_08124BB4,USR_08578,2026-09-19 23:12:23+00:00,VELOCITY_BURST,4,5,8950.0,Synthetic injection: high-velocity burst of 10 tx in 20 mins
ANO_GT_000474,TX_ANO_VEL_25BA4C51,USR_08578,2026-09-19 23:14:23+00:00,VELOCITY_BURST,4,5,8950.0,Synthetic injection: high-velocity burst of 10 tx in 20 mins
ANO_GT_000475,TX_ANO_VEL_F7D74BD8,USR_08578,2026-09-19 23:16:23+00:00,VELOCITY_BURST,4,5,8950.0,Synthetic injection: high-velocity burst of 10 tx in 20 mins
ANO_GT_000476,TX_ANO_VEL_3C7DA100,USR_08578,2026-09-19 23:18:23+00:00,VELOCITY_BURST,4,5,8950.0,Synthetic injection: high-velocity burst of 10 tx in 20 mins
ANO_GT_000477,TX_ANO_VEL_A3C7EEF7,USR_08578,2026-09-19 23:20:23+00:00,VELOCITY_BURST,4,5,8950.0,Synthetic injection: high-velocity burst of 10 tx in 20 mins
ANO_GT_000478,TX_ANO_VEL_E0718C7F,USR_08578,2026-09-19 23:22:23+00:00,VELOCITY_BURST,4,5,8950.0,Synthetic injection: high-velocity burst of 10 tx in 20 mins
ANO_GT_000479,TX_ANO_VEL_BF651756,USR_08578,2026-09-19 23:24:23+00:00,VELOCITY_BURST,4,5,8950.0,Synthetic injection: high-velocity burst of 10 tx in 20 mins
ANO_GT_000480,TX_ANO_VEL_60868E28,USR_08578,2026-09-19 23:26:23+00:00,VELOCITY_BURST,4,5,8950.0,Synthetic injection: high-velocity burst of 10 tx in 20 mins
ANO_GT_000481,TX_ANO_VEL_AD7AF313,USR_08578,2026-09-19 23:28:23+00:00,VELOCITY_BURST,4,5,8950.0,Synthetic injection: high-velocity burst of 10 tx in 20 mins
ANO_GT_000482,TX_ANO_VEL_2E5E9769,USR_07595,2026-08-18 00:04:42+00:00,VELOCITY_BURST,4,5,8950.0,Synthetic injection: high-velocity burst of 12 tx in 20 mins
ANO_GT_000483,TX_ANO_VEL_1720CF96,USR_07595,2026-08-18 00:06:42+00:00,VELOCITY_BURST,4,5,8950.0,Synthetic injection: high-velocity burst of 12 tx in 20 mins
ANO_GT_000484,TX_ANO_VEL_2AF7190E,USR_07595,2026-08-18 00:08:42+00:00,VELOCITY_BURST,4,5,8950.0,Synthetic injection: high-velocity burst of 12 tx in 20 mins
ANO_GT_000485,TX_ANO_VEL_58F9F2B4,USR_07595,2026-08-18 00:10:42+00:00,VELOCITY_BURST,4,5,8950.0,Synthetic injection: high-velocity burst of 12 tx in 20 mins
ANO_GT_000486,TX_ANO_VEL_36DA28CB,USR_07595,2026-08-18 00:12:42+00:00,VELOCITY_BURST,4,5,8950.0,Synthetic injection: high-velocity burst of 12 tx in 20 mins
ANO_GT_000487,TX_ANO_VEL_54792EAE,USR_07595,2026-08-18 00:14:42+00:00,VELOCITY_BURST,4,5,8950.0,Synthetic injection: high-velocity burst of 12 tx in 20 mins
ANO_GT_000488,TX_ANO_VEL_FD3BFB13,USR_07595,2026-08-18 00:16:42+00:00,VELOCITY_BURST,4,5,8950.0,Synthetic injection: high-velocity burst of 12 tx in 20 mins
ANO_GT_000489,TX_ANO_VEL_3FE99FF2,USR_07595,2026-08-18 00:18:42+00:00,VELOCITY_BURST,4,5,8950.0,Synthetic injection: high-velocity burst of 12 tx in 20 mins
ANO_GT_000490,TX_ANO_VEL_C54A04FA,USR_07595,2026-08-18 00:20:42+00:00,VELOCITY_BURST,4,5,8950.0,Synthetic injection: high-velocity burst of 12 tx in 20 mins
ANO_GT_000491,TX_ANO_VEL_589FB466,USR_07595,2026-08-18 00:22:42+00:00,VELOCITY_BURST,4,5,8950.0,Synthetic injection: high-velocity burst of 12 tx in 20 mins
ANO_GT_000492,TX_ANO_VEL_BBA7A683,USR_07595,2026-08-18 00:24:42+00:00,VELOCITY_BURST,4,5,8950.0,Synthetic injection: high-velocity burst of 12 tx in 20 mins
ANO_GT_000493,TX_ANO_VEL_7DAE21FB,USR_07595,2026-08-18 00:26:42+00:00,VELOCITY_BURST,4,5,8950.0,Synthetic injection: high-velocity burst of 12 tx in 20 mins
ANO_GT_000494,TX_ANO_FAL_7FD65A30,USR_02248,2026-08-07 01:22:56+00:00,REPEATED_FAILURES,3,4,10000.0,Synthetic injection: repeated failure attempt 1/4
ANO_GT_000495,TX_ANO_FAL_8C548D3C,USR_02248,2026-08-07 01:25:56+00:00,REPEATED_FAILURES,3,4,10000.0,Synthetic injection: repeated failure attempt 2/4
ANO_GT_000496,TX_ANO_FAL_89AADA1E,USR_02248,2026-08-07 01:28:56+00:00,REPEATED_FAILURES,3,4,10000.0,Synthetic injection: repeated failure attempt 3/4
ANO_GT_000497,TX_ANO_FAL_3145E44D,USR_02248,2026-08-07 01:31:56+00:00,REPEATED_FAILURES,3,4,10000.0,Synthetic injection: repeated failure attempt 4/4
ANO_GT_000498,TX_ANO_VEL_490CE51E,USR_02014,2026-08-10 00:57:52+00:00,VELOCITY_BURST,4,5,8950.0,Synthetic injection: high-velocity burst of 8 tx in 20 mins
ANO_GT_000499,TX_ANO_VEL_2E6DF7EB,USR_02014,2026-08-10 00:59:52+00:00,VELOCITY_BURST,4,5,8950.0,Synthetic injection: high-velocity burst of 8 tx in 20 mins
ANO_GT_000500,TX_ANO_VEL_4ECAE26E,USR_02014,2026-08-10 01:01:52+00:00,VELOCITY_BURST,4,5,8950.0,Synthetic injection: high-velocity burst of 8 tx in 20 mins
ANO_GT_000501,TX_ANO_VEL_1CAF329E,USR_02014,2026-08-10 01:03:52+00:00,VELOCITY_BURST,4,5,8950.0,Synthetic injection: high-velocity burst of 8 tx in 20 mins
ANO_GT_000502,TX_ANO_VEL_63BB2DFD,USR_02014,2026-08-10 01:05:52+00:00,VELOCITY_BURST,4,5,8950.0,Synthetic injection: high-velocity burst of 8 tx in 20 mins
ANO_GT_000503,TX_ANO_VEL_597DF15E,USR_02014,2026-08-10 01:07:52+00:00,VELOCITY_BURST,4,5,8950.0,Synthetic injection: high-velocity burst of 8 tx in 20 mins
ANO_GT_000504,TX_ANO_VEL_C9431168,USR_02014,2026-08-10 01:09:52+00:00,VELOCITY_BURST,4,5,8950.0,Synthetic injection: high-velocity burst of 8 tx in 20 mins
ANO_GT_000505,TX_ANO_VEL_AA400277,USR_02014,2026-08-10 01:11:52+00:00,VELOCITY_BURST,4,5,8950.0,Synthetic injection: high-velocity burst of 8 tx in 20 mins
ANO_GT_000506,TX_ANO_VEL_F3B3C024,USR_03193,2026-08-02 16:31:35+00:00,VELOCITY_BURST,4,5,8950.0,Synthetic injection: high-velocity burst of 12 tx in 20 mins
ANO_GT_000507,TX_ANO_VEL_0EA1898B,USR_03193,2026-08-02 16:33:35+00:00,VELOCITY_BURST,4,5,8950.0,Synthetic injection: high-velocity burst of 12 tx in 20 mins
ANO_GT_000508,TX_ANO_VEL_E1A0278C,USR_03193,2026-08-02 16:35:35+00:00,VELOCITY_BURST,4,5,8950.0,Synthetic injection: high-velocity burst of 12 tx in 20 mins
ANO_GT_000509,TX_ANO_VEL_8CCCDAF7,USR_03193,2026-08-02 16:37:35+00:00,VELOCITY_BURST,4,5,8950.0,Synthetic injection: high-velocity burst of 12 tx in 20 mins
ANO_GT_000510,TX_ANO_VEL_B413DAB4,USR_03193,2026-08-02 16:39:35+00:00,VELOCITY_BURST,4,5,8950.0,Synthetic injection: high-velocity burst of 12 tx in 20 mins
ANO_GT_000511,TX_ANO_VEL_609BDB29,USR_03193,2026-08-02 16:41:35+00:00,VELOCITY_BURST,4,5,8950.0,Synthetic injection: high-velocity burst of 12 tx in 20 mins
ANO_GT_000512,TX_ANO_VEL_088B6CC4,USR_03193,2026-08-02 16:43:35+00:00,VELOCITY_BURST,4,5,8950.0,Synthetic injection: high-velocity burst of 12 tx in 20 mins
ANO_GT_000513,TX_ANO_VEL_CD0B31CD,USR_03193,2026-08-02 16:45:35+00:00,VELOCITY_BURST,4,5,8950.0,Synthetic injection: high-velocity burst of 12 tx in 20 mins
ANO_GT_000514,TX_ANO_VEL_7DF67599,USR_03193,2026-08-02 16:47:35+00:00,VELOCITY_BURST,4,5,8950.0,Synthetic injection: high-velocity burst of 12 tx in 20 mins
ANO_GT_000515,TX_ANO_VEL_60A7C5E3,USR_03193,2026-08-02 16:49:35+00:00,VELOCITY_BURST,4,5,8950.0,Synthetic injection: high-velocity burst of 12 tx in 20 mins
ANO_GT_000516,TX_ANO_VEL_069BE255,USR_03193,2026-08-02 16:51:35+00:00,VELOCITY_BURST,4,5,8950.0,Synthetic injection: high-velocity burst of 12 tx in 20 mins
ANO_GT_000517,TX_ANO_VEL_91C24895,USR_03193,2026-08-02 16:53:35+00:00,VELOCITY_BURST,4,5,8950.0,Synthetic injection: high-velocity burst of 12 tx in 20 mins
ANO_GT_000518,TX_ANO_VEL_E73BC8A4,USR_04077,2026-09-06 12:56:32+00:00,VELOCITY_BURST,4,5,8950.0,Synthetic injection: high-velocity burst of 12 tx in 20 mins
ANO_GT_000519,TX_ANO_VEL_30A2ACED,USR_04077,2026-09-06 12:58:32+00:00,VELOCITY_BURST,4,5,8950.0,Synthetic injection: high-velocity burst of 12 tx in 20 mins
ANO_GT_000520,TX_ANO_VEL_0E915454,USR_04077,2026-09-06 13:00:32+00:00,VELOCITY_BURST,4,5,8950.0,Synthetic injection: high-velocity burst of 12 tx in 20 mins
ANO_GT_000521,TX_ANO_VEL_E3501CFE,USR_04077,2026-09-06 13:02:32+00:00,VELOCITY_BURST,4,5,8950.0,Synthetic injection: high-velocity burst of 12 tx in 20 mins
ANO_GT_000522,TX_ANO_VEL_8283AD99,USR_04077,2026-09-06 13:04:32+00:00,VELOCITY_BURST,4,5,8950.0,Synthetic injection: high-velocity burst of 12 tx in 20 mins
ANO_GT_000523,TX_ANO_VEL_4FF05B49,USR_04077,2026-09-06 13:06:32+00:00,VELOCITY_BURST,4,5,8950.0,Synthetic injection: high-velocity burst of 12 tx in 20 mins
ANO_GT_000524,TX_ANO_VEL_02A4D776,USR_04077,2026-09-06 13:08:32+00:00,VELOCITY_BURST,4,5,8950.0,Synthetic injection: high-velocity burst of 12 tx in 20 mins
ANO_GT_000525,TX_ANO_VEL_B556FFCA,USR_04077,2026-09-06 13:10:32+00:00,VELOCITY_BURST,4,5,8950.0,Synthetic injection: high-velocity burst of 12 tx in 20 mins
ANO_GT_000526,TX_ANO_VEL_66D7E36B,USR_04077,2026-09-06 13:12:32+00:00,VELOCITY_BURST,4,5,8950.0,Synthetic injection: high-velocity burst of 12 tx in 20 mins
ANO_GT_000527,TX_ANO_VEL_EDE1FF46,USR_04077,2026-09-06 13:14:32+00:00,VELOCITY_BURST,4,5,8950.0,Synthetic injection: high-velocity burst of 12 tx in 20 mins
ANO_GT_000528,TX_ANO_VEL_4C051D93,USR_04077,2026-09-06 13:16:32+00:00,VELOCITY_BURST,4,5,8950.0,Synthetic injection: high-velocity burst of 12 tx in 20 mins
ANO_GT_000529,TX_ANO_VEL_B428E0DA,USR_04077,2026-09-06 13:18:32+00:00,VELOCITY_BURST,4,5,8950.0,Synthetic injection: high-velocity burst of 12 tx in 20 mins
ANO_GT_000530,TX_ANO_VEL_9AD9473F,USR_00651,2026-08-05 20:40:08+00:00,VELOCITY_BURST,4,5,8950.0,Synthetic injection: high-velocity burst of 9 tx in 20 mins
ANO_GT_000531,TX_ANO_VEL_C4110232,USR_00651,2026-08-05 20:42:08+00:00,VELOCITY_BURST,4,5,8950.0,Synthetic injection: high-velocity burst of 9 tx in 20 mins
ANO_GT_000532,TX_ANO_VEL_8131DF5E,USR_00651,2026-08-05 20:44:08+00:00,VELOCITY_BURST,4,5,8950.0,Synthetic injection: high-velocity burst of 9 tx in 20 mins
ANO_GT_000533,TX_ANO_VEL_35D43FA0,USR_00651,2026-08-05 20:46:08+00:00,VELOCITY_BURST,4,5,8950.0,Synthetic injection: high-velocity burst of 9 tx in 20 mins
ANO_GT_000534,TX_ANO_VEL_77417F05,USR_00651,2026-08-05 20:48:08+00:00,VELOCITY_BURST,4,5,8950.0,Synthetic injection: high-velocity burst of 9 tx in 20 mins
ANO_GT_000535,TX_ANO_VEL_9F4A06BE,USR_00651,2026-08-05 20:50:08+00:00,VELOCITY_BURST,4,5,8950.0,Synthetic injection: high-velocity burst of 9 tx in 20 mins
ANO_GT_000536,TX_ANO_VEL_23129FA4,USR_00651,2026-08-05 20:52:08+00:00,VELOCITY_BURST,4,5,8950.0,Synthetic injection: high-velocity burst of 9 tx in 20 mins
ANO_GT_000537,TX_ANO_VEL_F1FB7C1F,USR_00651,2026-08-05 20:54:08+00:00,VELOCITY_BURST,4,5,8950.0,Synthetic injection: high-velocity burst of 9 tx in 20 mins
ANO_GT_000538,TX_ANO_VEL_624B9B21,USR_00651,2026-08-05 20:56:08+00:00,VELOCITY_BURST,4,5,8950.0,Synthetic injection: high-velocity burst of 9 tx in 20 mins
ANO_GT_000539,TX_ANO_SPK_AEE74969,USR_08618,2026-08-29 00:38:26+00:00,BASELINE_SPIKE,4,5,27139.66,"Synthetic injection: extreme baseline value spike (₹27,139.66)"
ANO_GT_000540,TX_ANO_VEL_F8616521,USR_06234,2026-08-10 15:28:31+00:00,VELOCITY_BURST,4,5,8950.0,Synthetic injection: high-velocity burst of 10 tx in 20 mins
ANO_GT_000541,TX_ANO_VEL_7137DBE8,USR_06234,2026-08-10 15:30:31+00:00,VELOCITY_BURST,4,5,8950.0,Synthetic injection: high-velocity burst of 10 tx in 20 mins
ANO_GT_000542,TX_ANO_VEL_361EBBEE,USR_06234,2026-08-10 15:32:31+00:00,VELOCITY_BURST,4,5,8950.0,Synthetic injection: high-velocity burst of 10 tx in 20 mins
ANO_GT_000543,TX_ANO_VEL_51B4235C,USR_06234,2026-08-10 15:34:31+00:00,VELOCITY_BURST,4,5,8950.0,Synthetic injection: high-velocity burst of 10 tx in 20 mins
ANO_GT_000544,TX_ANO_VEL_00C73993,USR_06234,2026-08-10 15:36:31+00:00,VELOCITY_BURST,4,5,8950.0,Synthetic injection: high-velocity burst of 10 tx in 20 mins
ANO_GT_000545,TX_ANO_VEL_BC3BDC24,USR_06234,2026-08-10 15:38:31+00:00,VELOCITY_BURST,4,5,8950.0,Synthetic injection: high-velocity burst of 10 tx in 20 mins
ANO_GT_000546,TX_ANO_VEL_27303D30,USR_06234,2026-08-10 15:40:31+00:00,VELOCITY_BURST,4,5,8950.0,Synthetic injection: high-velocity burst of 10 tx in 20 mins
ANO_GT_000547,TX_ANO_VEL_97DF8041,USR_06234,2026-08-10 15:42:31+00:00,VELOCITY_BURST,4,5,8950.0,Synthetic injection: high-velocity burst of 10 tx in 20 mins
ANO_GT_000548,TX_ANO_VEL_82A919D7,USR_06234,2026-08-10 15:44:31+00:00,VELOCITY_BURST,4,5,8950.0,Synthetic injection: high-velocity burst of 10 tx in 20 mins
ANO_GT_000549,TX_ANO_VEL_ED7AD870,USR_06234,2026-08-10 15:46:31+00:00,VELOCITY_BURST,4,5,8950.0,Synthetic injection: high-velocity burst of 10 tx in 20 mins
ANO_GT_000550,TX_ANO_VEL_A871E0DF,USR_03084,2026-08-21 05:02:30+00:00,VELOCITY_BURST,4,5,8950.0,Synthetic injection: high-velocity burst of 10 tx in 20 mins
ANO_GT_000551,TX_ANO_VEL_627E6D40,USR_03084,2026-08-21 05:04:30+00:00,VELOCITY_BURST,4,5,8950.0,Synthetic injection: high-velocity burst of 10 tx in 20 mins
ANO_GT_000552,TX_ANO_VEL_0C9ACED9,USR_03084,2026-08-21 05:06:30+00:00,VELOCITY_BURST,4,5,8950.0,Synthetic injection: high-velocity burst of 10 tx in 20 mins
ANO_GT_000553,TX_ANO_VEL_A7C96C26,USR_03084,2026-08-21 05:08:30+00:00,VELOCITY_BURST,4,5,8950.0,Synthetic injection: high-velocity burst of 10 tx in 20 mins
ANO_GT_000554,TX_ANO_VEL_D317442B,USR_03084,2026-08-21 05:10:30+00:00,VELOCITY_BURST,4,5,8950.0,Synthetic injection: high-velocity burst of 10 tx in 20 mins
ANO_GT_000555,TX_ANO_VEL_B9F22771,USR_03084,2026-08-21 05:12:30+00:00,VELOCITY_BURST,4,5,8950.0,Synthetic injection: high-velocity burst of 10 tx in 20 mins
ANO_GT_000556,TX_ANO_VEL_87C74CA3,USR_03084,2026-08-21 05:14:30+00:00,VELOCITY_BURST,4,5,8950.0,Synthetic injection: high-velocity burst of 10 tx in 20 mins
ANO_GT_000557,TX_ANO_VEL_3718324F,USR_03084,2026-08-21 05:16:30+00:00,VELOCITY_BURST,4,5,8950.0,Synthetic injection: high-velocity burst of 10 tx in 20 mins
ANO_GT_000558,TX_ANO_VEL_C34CA631,USR_03084,2026-08-21 05:18:30+00:00,VELOCITY_BURST,4,5,8950.0,Synthetic injection: high-velocity burst of 10 tx in 20 mins
ANO_GT_000559,TX_ANO_VEL_93674F9E,USR_03084,2026-08-21 05:20:30+00:00,VELOCITY_BURST,4,5,8950.0,Synthetic injection: high-velocity burst of 10 tx in 20 mins
ANO_GT_000560,TX_ANO_FAL_9BC19E1E,USR_07997,2026-08-26 12:37:42+00:00,REPEATED_FAILURES,3,4,10000.0,Synthetic injection: repeated failure attempt 1/6
ANO_GT_000561,TX_ANO_FAL_0C0A84DE,USR_07997,2026-08-26 12:40:42+00:00,REPEATED_FAILURES,3,4,10000.0,Synthetic injection: repeated failure attempt 2/6
ANO_GT_000562,TX_ANO_FAL_0487A333,USR_07997,2026-08-26 12:43:42+00:00,REPEATED_FAILURES,3,4,10000.0,Synthetic injection: repeated failure attempt 3/6
ANO_GT_000563,TX_ANO_FAL_73D6DD0B,USR_07997,2026-08-26 12:46:42+00:00,REPEATED_FAILURES,3,4,10000.0,Synthetic injection: repeated failure attempt 4/6
ANO_GT_000564,TX_ANO_FAL_427AB70B,USR_07997,2026-08-26 12:49:42+00:00,REPEATED_FAILURES,3,4,10000.0,Synthetic injection: repeated failure attempt 5/6
ANO_GT_000565,TX_ANO_FAL_7D606529,USR_07997,2026-08-26 12:52:42+00:00,REPEATED_FAILURES,3,4,10000.0,Synthetic injection: repeated failure attempt 6/6
ANO_GT_000566,TX_ANO_VEL_4B63BEF3,USR_09923,2026-08-13 14:02:38+00:00,VELOCITY_BURST,4,5,8950.0,Synthetic injection: high-velocity burst of 10 tx in 20 mins
ANO_GT_000567,TX_ANO_VEL_8D63571A,USR_09923,2026-08-13 14:04:38+00:00,VELOCITY_BURST,4,5,8950.0,Synthetic injection: high-velocity burst of 10 tx in 20 mins
ANO_GT_000568,TX_ANO_VEL_A2C9F92C,USR_09923,2026-08-13 14:06:38+00:00,VELOCITY_BURST,4,5,8950.0,Synthetic injection: high-velocity burst of 10 tx in 20 mins
ANO_GT_000569,TX_ANO_VEL_397594F8,USR_09923,2026-08-13 14:08:38+00:00,VELOCITY_BURST,4,5,8950.0,Synthetic injection: high-velocity burst of 10 tx in 20 mins
ANO_GT_000570,TX_ANO_VEL_07E10923,USR_09923,2026-08-13 14:10:38+00:00,VELOCITY_BURST,4,5,8950.0,Synthetic injection: high-velocity burst of 10 tx in 20 mins
ANO_GT_000571,TX_ANO_VEL_8FC7551D,USR_09923,2026-08-13 14:12:38+00:00,VELOCITY_BURST,4,5,8950.0,Synthetic injection: high-velocity burst of 10 tx in 20 mins
ANO_GT_000572,TX_ANO_VEL_9ABEF72B,USR_09923,2026-08-13 14:14:38+00:00,VELOCITY_BURST,4,5,8950.0,Synthetic injection: high-velocity burst of 10 tx in 20 mins
ANO_GT_000573,TX_ANO_VEL_90756893,USR_09923,2026-08-13 14:16:38+00:00,VELOCITY_BURST,4,5,8950.0,Synthetic injection: high-velocity burst of 10 tx in 20 mins
ANO_GT_000574,TX_ANO_VEL_2C3FBA34,USR_09923,2026-08-13 14:18:38+00:00,VELOCITY_BURST,4,5,8950.0,Synthetic injection: high-velocity burst of 10 tx in 20 mins
ANO_GT_000575,TX_ANO_VEL_E9539EDB,USR_09923,2026-08-13 14:20:38+00:00,VELOCITY_BURST,4,5,8950.0,Synthetic injection: high-velocity burst of 10 tx in 20 mins
ANO_GT_000576,TX_ANO_VEL_7D6A3BDC,USR_05224,2026-08-24 15:34:21+00:00,VELOCITY_BURST,4,5,8950.0,Synthetic injection: high-velocity burst of 10 tx in 20 mins
ANO_GT_000577,TX_ANO_VEL_4C8AA9CF,USR_05224,2026-08-24 15:36:21+00:00,VELOCITY_BURST,4,5,8950.0,Synthetic injection: high-velocity burst of 10 tx in 20 mins
ANO_GT_000578,TX_ANO_VEL_5C83C533,USR_05224,2026-08-24 15:38:21+00:00,VELOCITY_BURST,4,5,8950.0,Synthetic injection: high-velocity burst of 10 tx in 20 mins
ANO_GT_000579,TX_ANO_VEL_6767D45F,USR_05224,2026-08-24 15:40:21+00:00,VELOCITY_BURST,4,5,8950.0,Synthetic injection: high-velocity burst of 10 tx in 20 mins
ANO_GT_000580,TX_ANO_VEL_580457C2,USR_05224,2026-08-24 15:42:21+00:00,VELOCITY_BURST,4,5,8950.0,Synthetic injection: high-velocity burst of 10 tx in 20 mins
ANO_GT_000581,TX_ANO_VEL_702663BE,USR_05224,2026-08-24 15:44:21+00:00,VELOCITY_BURST,4,5,8950.0,Synthetic injection: high-velocity burst of 10 tx in 20 mins
ANO_GT_000582,TX_ANO_VEL_76F34667,USR_05224,2026-08-24 15:46:21+00:00,VELOCITY_BURST,4,5,8950.0,Synthetic injection: high-velocity burst of 10 tx in 20 mins
ANO_GT_000583,TX_ANO_VEL_F0061424,USR_05224,2026-08-24 15:48:21+00:00,VELOCITY_BURST,4,5,8950.0,Synthetic injection: high-velocity burst of 10 tx in 20 mins
ANO_GT_000584,TX_ANO_VEL_E335B69C,USR_05224,2026-08-24 15:50:21+00:00,VELOCITY_BURST,4,5,8950.0,Synthetic injection: high-velocity burst of 10 tx in 20 mins
ANO_GT_000585,TX_ANO_VEL_95735134,USR_05224,2026-08-24 15:52:21+00:00,VELOCITY_BURST,4,5,8950.0,Synthetic injection: high-velocity burst of 10 tx in 20 mins
ANO_GT_000586,TX_ANO_FAL_4C3C232E,USR_09469,2026-08-22 12:51:57+00:00,REPEATED_FAILURES,3,4,10000.0,Synthetic injection: repeated failure attempt 1/6
ANO_GT_000587,TX_ANO_FAL_5BAC32AB,USR_09469,2026-08-22 12:54:57+00:00,REPEATED_FAILURES,3,4,10000.0,Synthetic injection: repeated failure attempt 2/6
ANO_GT_000588,TX_ANO_FAL_4D4B3B8F,USR_09469,2026-08-22 12:57:57+00:00,REPEATED_FAILURES,3,4,10000.0,Synthetic injection: repeated failure attempt 3/6
ANO_GT_000589,TX_ANO_FAL_E1B7BA93,USR_09469,2026-08-22 13:00:57+00:00,REPEATED_FAILURES,3,4,10000.0,Synthetic injection: repeated failure attempt 4/6
ANO_GT_000590,TX_ANO_FAL_0A412648,USR_09469,2026-08-22 13:03:57+00:00,REPEATED_FAILURES,3,4,10000.0,Synthetic injection: repeated failure attempt 5/6
ANO_GT_000591,TX_ANO_FAL_0BE65E2A,USR_09469,2026-08-22 13:06:57+00:00,REPEATED_FAILURES,3,4,10000.0,Synthetic injection: repeated failure attempt 6/6
ANO_GT_000592,TX_ANO_VEL_88DC0E3B,USR_02024,2026-08-24 14:37:28+00:00,VELOCITY_BURST,4,5,8950.0,Synthetic injection: high-velocity burst of 12 tx in 20 mins
ANO_GT_000593,TX_ANO_VEL_C4E14A46,USR_02024,2026-08-24 14:39:28+00:00,VELOCITY_BURST,4,5,8950.0,Synthetic injection: high-velocity burst of 12 tx in 20 mins
ANO_GT_000594,TX_ANO_VEL_7D2CB8BA,USR_02024,2026-08-24 14:41:28+00:00,VELOCITY_BURST,4,5,8950.0,Synthetic injection: high-velocity burst of 12 tx in 20 mins
ANO_GT_000595,TX_ANO_VEL_1CB68C8C,USR_02024,2026-08-24 14:43:28+00:00,VELOCITY_BURST,4,5,8950.0,Synthetic injection: high-velocity burst of 12 tx in 20 mins
ANO_GT_000596,TX_ANO_VEL_A1AAFBD1,USR_02024,2026-08-24 14:45:28+00:00,VELOCITY_BURST,4,5,8950.0,Synthetic injection: high-velocity burst of 12 tx in 20 mins
ANO_GT_000597,TX_ANO_VEL_E15E9B94,USR_02024,2026-08-24 14:47:28+00:00,VELOCITY_BURST,4,5,8950.0,Synthetic injection: high-velocity burst of 12 tx in 20 mins
ANO_GT_000598,TX_ANO_VEL_FD2A9423,USR_02024,2026-08-24 14:49:28+00:00,VELOCITY_BURST,4,5,8950.0,Synthetic injection: high-velocity burst of 12 tx in 20 mins
ANO_GT_000599,TX_ANO_VEL_A4A9FC9F,USR_02024,2026-08-24 14:51:28+00:00,VELOCITY_BURST,4,5,8950.0,Synthetic injection: high-velocity burst of 12 tx in 20 mins
ANO_GT_000600,TX_ANO_VEL_DD34083D,USR_02024,2026-08-24 14:53:28+00:00,VELOCITY_BURST,4,5,8950.0,Synthetic injection: high-velocity burst of 12 tx in 20 mins
ANO_GT_000601,TX_ANO_VEL_5A4F6A98,USR_02024,2026-08-24 14:55:28+00:00,VELOCITY_BURST,4,5,8950.0,Synthetic injection: high-velocity burst of 12 tx in 20 mins
ANO_GT_000602,TX_ANO_VEL_3D8E443B,USR_02024,2026-08-24 14:57:28+00:00,VELOCITY_BURST,4,5,8950.0,Synthetic injection: high-velocity burst of 12 tx in 20 mins
ANO_GT_000603,TX_ANO_VEL_3F5989D7,USR_02024,2026-08-24 14:59:28+00:00,VELOCITY_BURST,4,5,8950.0,Synthetic injection: high-velocity burst of 12 tx in 20 mins
ANO_GT_000604,TX_ANO_WTH_B92173E1,USR_06435,2026-09-09 09:48:45+00:00,RAPID_PASS_THROUGH,5,5,428287.89,"Synthetic injection: rapid deposit-to-withdrawal pass-through (₹428,287.89)"
ANO_GT_000605,TX_ANO_FAL_F2319165,USR_04535,2026-08-10 22:06:19+00:00,REPEATED_FAILURES,3,4,10000.0,Synthetic injection: repeated failure attempt 1/4
ANO_GT_000606,TX_ANO_FAL_D8D289AA,USR_04535,2026-08-10 22:09:19+00:00,REPEATED_FAILURES,3,4,10000.0,Synthetic injection: repeated failure attempt 2/4
ANO_GT_000607,TX_ANO_FAL_F33029B0,USR_04535,2026-08-10 22:12:19+00:00,REPEATED_FAILURES,3,4,10000.0,Synthetic injection: repeated failure attempt 3/4
ANO_GT_000608,TX_ANO_FAL_8C737157,USR_04535,2026-08-10 22:15:19+00:00,REPEATED_FAILURES,3,4,10000.0,Synthetic injection: repeated failure attempt 4/4
ANO_GT_000609,TX_ANO_WTH_D3369432,USR_07169,2026-08-24 08:46:14+00:00,RAPID_PASS_THROUGH,5,5,722248.0,"Synthetic injection: rapid deposit-to-withdrawal pass-through (₹722,248.00)"
ANO_GT_000610,TX_ANO_FEE_D559B09D,USR_06583,2026-08-02 11:42:33+00:00,ABNORMAL_FEE,2,4,14949.29,"Synthetic injection: abnormal fee calculation (₹14,949.29)"
ANO_GT_000611,TX_ANO_WTH_45C074AA,USR_02250,2026-09-14 04:02:56+00:00,RAPID_PASS_THROUGH,5,5,335781.19,"Synthetic injection: rapid deposit-to-withdrawal pass-through (₹335,781.19)"
ANO_GT_000612,TX_ANO_VEL_57761EBE,USR_02802,2026-08-28 09:53:02+00:00,VELOCITY_BURST,4,5,8950.0,Synthetic injection: high-velocity burst of 11 tx in 20 mins
ANO_GT_000613,TX_ANO_VEL_A1194FD6,USR_02802,2026-08-28 09:55:02+00:00,VELOCITY_BURST,4,5,8950.0,Synthetic injection: high-velocity burst of 11 tx in 20 mins
ANO_GT_000614,TX_ANO_VEL_C1054C95,USR_02802,2026-08-28 09:57:02+00:00,VELOCITY_BURST,4,5,8950.0,Synthetic injection: high-velocity burst of 11 tx in 20 mins
ANO_GT_000615,TX_ANO_VEL_407944BD,USR_02802,2026-08-28 09:59:02+00:00,VELOCITY_BURST,4,5,8950.0,Synthetic injection: high-velocity burst of 11 tx in 20 mins
ANO_GT_000616,TX_ANO_VEL_86B94FDF,USR_02802,2026-08-28 10:01:02+00:00,VELOCITY_BURST,4,5,8950.0,Synthetic injection: high-velocity burst of 11 tx in 20 mins
ANO_GT_000617,TX_ANO_VEL_F9FB1618,USR_02802,2026-08-28 10:03:02+00:00,VELOCITY_BURST,4,5,8950.0,Synthetic injection: high-velocity burst of 11 tx in 20 mins
ANO_GT_000618,TX_ANO_VEL_AF57831E,USR_02802,2026-08-28 10:05:02+00:00,VELOCITY_BURST,4,5,8950.0,Synthetic injection: high-velocity burst of 11 tx in 20 mins
ANO_GT_000619,TX_ANO_VEL_07BC46E4,USR_02802,2026-08-28 10:07:02+00:00,VELOCITY_BURST,4,5,8950.0,Synthetic injection: high-velocity burst of 11 tx in 20 mins
ANO_GT_000620,TX_ANO_VEL_D34C80C0,USR_02802,2026-08-28 10:09:02+00:00,VELOCITY_BURST,4,5,8950.0,Synthetic injection: high-velocity burst of 11 tx in 20 mins
ANO_GT_000621,TX_ANO_VEL_FD82DFF5,USR_02802,2026-08-28 10:11:02+00:00,VELOCITY_BURST,4,5,8950.0,Synthetic injection: high-velocity burst of 11 tx in 20 mins
ANO_GT_000622,TX_ANO_VEL_A630503F,USR_02802,2026-08-28 10:13:02+00:00,VELOCITY_BURST,4,5,8950.0,Synthetic injection: high-velocity burst of 11 tx in 20 mins
ANO_GT_000623,TX_ANO_SPK_EF5EE329,USR_09048,2026-09-13 22:58:36+00:00,BASELINE_SPIKE,4,5,34676.72,"Synthetic injection: extreme baseline value spike (₹34,676.72)"
ANO_GT_000624,TX_ANO_VEL_B8102DEA,USR_01869,2026-08-01 16:23:13+00:00,VELOCITY_BURST,4,5,8950.0,Synthetic injection: high-velocity burst of 8 tx in 20 mins
ANO_GT_000625,TX_ANO_VEL_CE240715,USR_01869,2026-08-01 16:25:13+00:00,VELOCITY_BURST,4,5,8950.0,Synthetic injection: high-velocity burst of 8 tx in 20 mins
ANO_GT_000626,TX_ANO_VEL_3C1C1CC3,USR_01869,2026-08-01 16:27:13+00:00,VELOCITY_BURST,4,5,8950.0,Synthetic injection: high-velocity burst of 8 tx in 20 mins
ANO_GT_000627,TX_ANO_VEL_C5A0275C,USR_01869,2026-08-01 16:29:13+00:00,VELOCITY_BURST,4,5,8950.0,Synthetic injection: high-velocity burst of 8 tx in 20 mins
ANO_GT_000628,TX_ANO_VEL_9699B358,USR_01869,2026-08-01 16:31:13+00:00,VELOCITY_BURST,4,5,8950.0,Synthetic injection: high-velocity burst of 8 tx in 20 mins
ANO_GT_000629,TX_ANO_VEL_506E95C3,USR_01869,2026-08-01 16:33:13+00:00,VELOCITY_BURST,4,5,8950.0,Synthetic injection: high-velocity burst of 8 tx in 20 mins
ANO_GT_000630,TX_ANO_VEL_FF04FE95,USR_01869,2026-08-01 16:35:13+00:00,VELOCITY_BURST,4,5,8950.0,Synthetic injection: high-velocity burst of 8 tx in 20 mins
ANO_GT_000631,TX_ANO_VEL_36DCC3D0,USR_01869,2026-08-01 16:37:13+00:00,VELOCITY_BURST,4,5,8950.0,Synthetic injection: high-velocity burst of 8 tx in 20 mins
ANO_GT_000632,TX_ANO_SPK_B4CEFDF1,USR_09014,2026-08-18 09:24:10+00:00,BASELINE_SPIKE,4,5,48411.79,"Synthetic injection: extreme baseline value spike (₹48,411.79)"
ANO_GT_000633,TX_ANO_FAL_1C8D7717,USR_07888,2026-09-18 20:06:11+00:00,REPEATED_FAILURES,3,4,10000.0,Synthetic injection: repeated failure attempt 1/5
ANO_GT_000634,TX_ANO_FAL_86057995,USR_07888,2026-09-18 20:09:11+00:00,REPEATED_FAILURES,3,4,10000.0,Synthetic injection: repeated failure attempt 2/5
ANO_GT_000635,TX_ANO_FAL_5196D80F,USR_07888,2026-09-18 20:12:11+00:00,REPEATED_FAILURES,3,4,10000.0,Synthetic injection: repeated failure attempt 3/5
ANO_GT_000636,TX_ANO_FAL_98849DBE,USR_07888,2026-09-18 20:15:11+00:00,REPEATED_FAILURES,3,4,10000.0,Synthetic injection: repeated failure attempt 4/5
ANO_GT_000637,TX_ANO_FAL_1915858C,USR_07888,2026-09-18 20:18:11+00:00,REPEATED_FAILURES,3,4,10000.0,Synthetic injection: repeated failure attempt 5/5
ANO_GT_000638,TX_ANO_WTH_FD280FC4,USR_03955,2026-08-30 14:41:51+00:00,RAPID_PASS_THROUGH,5,5,334480.01,"Synthetic injection: rapid deposit-to-withdrawal pass-through (₹334,480.01)"
ANO_GT_000639,TX_ANO_VEL_7C4D89EB,USR_05504,2026-09-07 18:33:13+00:00,VELOCITY_BURST,4,5,8950.0,Synthetic injection: high-velocity burst of 10 tx in 20 mins
ANO_GT_000640,TX_ANO_VEL_10DB1D8C,USR_05504,2026-09-07 18:35:13+00:00,VELOCITY_BURST,4,5,8950.0,Synthetic injection: high-velocity burst of 10 tx in 20 mins
ANO_GT_000641,TX_ANO_VEL_45A3C6C1,USR_05504,2026-09-07 18:37:13+00:00,VELOCITY_BURST,4,5,8950.0,Synthetic injection: high-velocity burst of 10 tx in 20 mins
ANO_GT_000642,TX_ANO_VEL_DF3EAE22,USR_05504,2026-09-07 18:39:13+00:00,VELOCITY_BURST,4,5,8950.0,Synthetic injection: high-velocity burst of 10 tx in 20 mins
ANO_GT_000643,TX_ANO_VEL_852E8CE1,USR_05504,2026-09-07 18:41:13+00:00,VELOCITY_BURST,4,5,8950.0,Synthetic injection: high-velocity burst of 10 tx in 20 mins
ANO_GT_000644,TX_ANO_VEL_26D05254,USR_05504,2026-09-07 18:43:13+00:00,VELOCITY_BURST,4,5,8950.0,Synthetic injection: high-velocity burst of 10 tx in 20 mins
ANO_GT_000645,TX_ANO_VEL_FDBDA57B,USR_05504,2026-09-07 18:45:13+00:00,VELOCITY_BURST,4,5,8950.0,Synthetic injection: high-velocity burst of 10 tx in 20 mins
ANO_GT_000646,TX_ANO_VEL_BAB8A3BA,USR_05504,2026-09-07 18:47:13+00:00,VELOCITY_BURST,4,5,8950.0,Synthetic injection: high-velocity burst of 10 tx in 20 mins
ANO_GT_000647,TX_ANO_VEL_34487BFD,USR_05504,2026-09-07 18:49:13+00:00,VELOCITY_BURST,4,5,8950.0,Synthetic injection: high-velocity burst of 10 tx in 20 mins
ANO_GT_000648,TX_ANO_VEL_24EC0806,USR_05504,2026-09-07 18:51:13+00:00,VELOCITY_BURST,4,5,8950.0,Synthetic injection: high-velocity burst of 10 tx in 20 mins
ANO_GT_000649,TX_ANO_VEL_DFE4FD73,USR_05462,2026-08-01 07:33:12+00:00,VELOCITY_BURST,4,5,8950.0,Synthetic injection: high-velocity burst of 10 tx in 20 mins
ANO_GT_000650,TX_ANO_VEL_4DE35D16,USR_05462,2026-08-01 07:35:12+00:00,VELOCITY_BURST,4,5,8950.0,Synthetic injection: high-velocity burst of 10 tx in 20 mins
ANO_GT_000651,TX_ANO_VEL_7282B648,USR_05462,2026-08-01 07:37:12+00:00,VELOCITY_BURST,4,5,8950.0,Synthetic injection: high-velocity burst of 10 tx in 20 mins
ANO_GT_000652,TX_ANO_VEL_A530A885,USR_05462,2026-08-01 07:39:12+00:00,VELOCITY_BURST,4,5,8950.0,Synthetic injection: high-velocity burst of 10 tx in 20 mins
ANO_GT_000653,TX_ANO_VEL_8385492F,USR_05462,2026-08-01 07:41:12+00:00,VELOCITY_BURST,4,5,8950.0,Synthetic injection: high-velocity burst of 10 tx in 20 mins
ANO_GT_000654,TX_ANO_VEL_BC4B90AA,USR_05462,2026-08-01 07:43:12+00:00,VELOCITY_BURST,4,5,8950.0,Synthetic injection: high-velocity burst of 10 tx in 20 mins
ANO_GT_000655,TX_ANO_VEL_99579956,USR_05462,2026-08-01 07:45:12+00:00,VELOCITY_BURST,4,5,8950.0,Synthetic injection: high-velocity burst of 10 tx in 20 mins
ANO_GT_000656,TX_ANO_VEL_3F89B06B,USR_05462,2026-08-01 07:47:12+00:00,VELOCITY_BURST,4,5,8950.0,Synthetic injection: high-velocity burst of 10 tx in 20 mins
ANO_GT_000657,TX_ANO_VEL_4FC633BB,USR_05462,2026-08-01 07:49:12+00:00,VELOCITY_BURST,4,5,8950.0,Synthetic injection: high-velocity burst of 10 tx in 20 mins
ANO_GT_000658,TX_ANO_VEL_4E275E2B,USR_05462,2026-08-01 07:51:12+00:00,VELOCITY_BURST,4,5,8950.0,Synthetic injection: high-velocity burst of 10 tx in 20 mins
ANO_GT_000659,TX_ANO_FEE_C993FD5B,USR_03778,2026-09-09 10:38:53+00:00,ABNORMAL_FEE,2,4,20656.95,"Synthetic injection: abnormal fee calculation (₹20,656.95)"
ANO_GT_000660,TX_ANO_VEL_DECEB154,USR_07060,2026-08-13 17:36:10+00:00,VELOCITY_BURST,4,5,8950.0,Synthetic injection: high-velocity burst of 8 tx in 20 mins
ANO_GT_000661,TX_ANO_VEL_E31E11DE,USR_07060,2026-08-13 17:38:10+00:00,VELOCITY_BURST,4,5,8950.0,Synthetic injection: high-velocity burst of 8 tx in 20 mins
ANO_GT_000662,TX_ANO_VEL_DE14F8D3,USR_07060,2026-08-13 17:40:10+00:00,VELOCITY_BURST,4,5,8950.0,Synthetic injection: high-velocity burst of 8 tx in 20 mins
ANO_GT_000663,TX_ANO_VEL_625727C0,USR_07060,2026-08-13 17:42:10+00:00,VELOCITY_BURST,4,5,8950.0,Synthetic injection: high-velocity burst of 8 tx in 20 mins
ANO_GT_000664,TX_ANO_VEL_E9DC5B3B,USR_07060,2026-08-13 17:44:10+00:00,VELOCITY_BURST,4,5,8950.0,Synthetic injection: high-velocity burst of 8 tx in 20 mins
ANO_GT_000665,TX_ANO_VEL_422CA751,USR_07060,2026-08-13 17:46:10+00:00,VELOCITY_BURST,4,5,8950.0,Synthetic injection: high-velocity burst of 8 tx in 20 mins
ANO_GT_000666,TX_ANO_VEL_AF1DFF44,USR_07060,2026-08-13 17:48:10+00:00,VELOCITY_BURST,4,5,8950.0,Synthetic injection: high-velocity burst of 8 tx in 20 mins
ANO_GT_000667,TX_ANO_VEL_8994EEDF,USR_07060,2026-08-13 17:50:10+00:00,VELOCITY_BURST,4,5,8950.0,Synthetic injection: high-velocity burst of 8 tx in 20 mins
ANO_GT_000668,TX_ANO_VEL_11CEE9D9,USR_00217,2026-08-25 20:54:14+00:00,VELOCITY_BURST,4,5,8950.0,Synthetic injection: high-velocity burst of 12 tx in 20 mins
ANO_GT_000669,TX_ANO_VEL_38785DD7,USR_00217,2026-08-25 20:56:14+00:00,VELOCITY_BURST,4,5,8950.0,Synthetic injection: high-velocity burst of 12 tx in 20 mins
ANO_GT_000670,TX_ANO_VEL_93A458A7,USR_00217,2026-08-25 20:58:14+00:00,VELOCITY_BURST,4,5,8950.0,Synthetic injection: high-velocity burst of 12 tx in 20 mins
ANO_GT_000671,TX_ANO_VEL_7D5D66B7,USR_00217,2026-08-25 21:00:14+00:00,VELOCITY_BURST,4,5,8950.0,Synthetic injection: high-velocity burst of 12 tx in 20 mins
ANO_GT_000672,TX_ANO_VEL_6EC8E71A,USR_00217,2026-08-25 21:02:14+00:00,VELOCITY_BURST,4,5,8950.0,Synthetic injection: high-velocity burst of 12 tx in 20 mins
ANO_GT_000673,TX_ANO_VEL_38E7E8DF,USR_00217,2026-08-25 21:04:14+00:00,VELOCITY_BURST,4,5,8950.0,Synthetic injection: high-velocity burst of 12 tx in 20 mins
ANO_GT_000674,TX_ANO_VEL_8515286B,USR_00217,2026-08-25 21:06:14+00:00,VELOCITY_BURST,4,5,8950.0,Synthetic injection: high-velocity burst of 12 tx in 20 mins
ANO_GT_000675,TX_ANO_VEL_93C29017,USR_00217,2026-08-25 21:08:14+00:00,VELOCITY_BURST,4,5,8950.0,Synthetic injection: high-velocity burst of 12 tx in 20 mins
ANO_GT_000676,TX_ANO_VEL_D824688D,USR_00217,2026-08-25 21:10:14+00:00,VELOCITY_BURST,4,5,8950.0,Synthetic injection: high-velocity burst of 12 tx in 20 mins
ANO_GT_000677,TX_ANO_VEL_7BADEBFE,USR_00217,2026-08-25 21:12:14+00:00,VELOCITY_BURST,4,5,8950.0,Synthetic injection: high-velocity burst of 12 tx in 20 mins
ANO_GT_000678,TX_ANO_VEL_83FFF752,USR_00217,2026-08-25 21:14:14+00:00,VELOCITY_BURST,4,5,8950.0,Synthetic injection: high-velocity burst of 12 tx in 20 mins
ANO_GT_000679,TX_ANO_VEL_6C47DAF2,USR_00217,2026-08-25 21:16:14+00:00,VELOCITY_BURST,4,5,8950.0,Synthetic injection: high-velocity burst of 12 tx in 20 mins
ANO_GT_000680,TX_ANO_FEE_EAE6033F,USR_07893,2026-08-19 12:50:04+00:00,ABNORMAL_FEE,2,4,16413.65,"Synthetic injection: abnormal fee calculation (₹16,413.65)"
ANO_GT_000681,TX_ANO_WTH_E9DB27EC,USR_06820,2026-08-11 22:22:14+00:00,RAPID_PASS_THROUGH,5,5,402274.68,"Synthetic injection: rapid deposit-to-withdrawal pass-through (₹402,274.68)"
ANO_GT_000682,TX_ANO_VEL_E8E925E2,USR_06998,2026-09-06 16:59:24+00:00,VELOCITY_BURST,4,5,8950.0,Synthetic injection: high-velocity burst of 9 tx in 20 mins
ANO_GT_000683,TX_ANO_VEL_C1F105A3,USR_06998,2026-09-06 17:01:24+00:00,VELOCITY_BURST,4,5,8950.0,Synthetic injection: high-velocity burst of 9 tx in 20 mins
ANO_GT_000684,TX_ANO_VEL_77896855,USR_06998,2026-09-06 17:03:24+00:00,VELOCITY_BURST,4,5,8950.0,Synthetic injection: high-velocity burst of 9 tx in 20 mins
ANO_GT_000685,TX_ANO_VEL_C584D935,USR_06998,2026-09-06 17:05:24+00:00,VELOCITY_BURST,4,5,8950.0,Synthetic injection: high-velocity burst of 9 tx in 20 mins
ANO_GT_000686,TX_ANO_VEL_7E9636E3,USR_06998,2026-09-06 17:07:24+00:00,VELOCITY_BURST,4,5,8950.0,Synthetic injection: high-velocity burst of 9 tx in 20 mins
ANO_GT_000687,TX_ANO_VEL_369B755B,USR_06998,2026-09-06 17:09:24+00:00,VELOCITY_BURST,4,5,8950.0,Synthetic injection: high-velocity burst of 9 tx in 20 mins
ANO_GT_000688,TX_ANO_VEL_B0F436E5,USR_06998,2026-09-06 17:11:24+00:00,VELOCITY_BURST,4,5,8950.0,Synthetic injection: high-velocity burst of 9 tx in 20 mins
ANO_GT_000689,TX_ANO_VEL_8AE984B9,USR_06998,2026-09-06 17:13:24+00:00,VELOCITY_BURST,4,5,8950.0,Synthetic injection: high-velocity burst of 9 tx in 20 mins
ANO_GT_000690,TX_ANO_VEL_42C9E9AF,USR_06998,2026-09-06 17:15:24+00:00,VELOCITY_BURST,4,5,8950.0,Synthetic injection: high-velocity burst of 9 tx in 20 mins
ANO_GT_000691,TX_ANO_SPK_66A875D2,USR_01021,2026-08-14 14:27:35+00:00,BASELINE_SPIKE,4,5,47153.42,"Synthetic injection: extreme baseline value spike (₹47,153.42)"
ANO_GT_000692,TX_ANO_VEL_E8BB5469,USR_07810,2026-09-05 19:22:04+00:00,VELOCITY_BURST,4,5,8950.0,Synthetic injection: high-velocity burst of 8 tx in 20 mins
ANO_GT_000693,TX_ANO_VEL_2372FA85,USR_07810,2026-09-05 19:24:04+00:00,VELOCITY_BURST,4,5,8950.0,Synthetic injection: high-velocity burst of 8 tx in 20 mins
ANO_GT_000694,TX_ANO_VEL_27403ED8,USR_07810,2026-09-05 19:26:04+00:00,VELOCITY_BURST,4,5,8950.0,Synthetic injection: high-velocity burst of 8 tx in 20 mins
ANO_GT_000695,TX_ANO_VEL_2BD6B45D,USR_07810,2026-09-05 19:28:04+00:00,VELOCITY_BURST,4,5,8950.0,Synthetic injection: high-velocity burst of 8 tx in 20 mins
ANO_GT_000696,TX_ANO_VEL_59F58A0C,USR_07810,2026-09-05 19:30:04+00:00,VELOCITY_BURST,4,5,8950.0,Synthetic injection: high-velocity burst of 8 tx in 20 mins
ANO_GT_000697,TX_ANO_VEL_B8E97D3D,USR_07810,2026-09-05 19:32:04+00:00,VELOCITY_BURST,4,5,8950.0,Synthetic injection: high-velocity burst of 8 tx in 20 mins
ANO_GT_000698,TX_ANO_VEL_E8545AC8,USR_07810,2026-09-05 19:34:04+00:00,VELOCITY_BURST,4,5,8950.0,Synthetic injection: high-velocity burst of 8 tx in 20 mins
ANO_GT_000699,TX_ANO_VEL_77A8F84C,USR_07810,2026-09-05 19:36:04+00:00,VELOCITY_BURST,4,5,8950.0,Synthetic injection: high-velocity burst of 8 tx in 20 mins
ANO_GT_000700,TX_ANO_VEL_41BA8CA8,USR_03031,2026-08-22 22:57:43+00:00,VELOCITY_BURST,4,5,8950.0,Synthetic injection: high-velocity burst of 11 tx in 20 mins
ANO_GT_000701,TX_ANO_VEL_34E417A1,USR_03031,2026-08-22 22:59:43+00:00,VELOCITY_BURST,4,5,8950.0,Synthetic injection: high-velocity burst of 11 tx in 20 mins
ANO_GT_000702,TX_ANO_VEL_8AC05700,USR_03031,2026-08-22 23:01:43+00:00,VELOCITY_BURST,4,5,8950.0,Synthetic injection: high-velocity burst of 11 tx in 20 mins
ANO_GT_000703,TX_ANO_VEL_F4D1796E,USR_03031,2026-08-22 23:03:43+00:00,VELOCITY_BURST,4,5,8950.0,Synthetic injection: high-velocity burst of 11 tx in 20 mins
ANO_GT_000704,TX_ANO_VEL_5860285D,USR_03031,2026-08-22 23:05:43+00:00,VELOCITY_BURST,4,5,8950.0,Synthetic injection: high-velocity burst of 11 tx in 20 mins
ANO_GT_000705,TX_ANO_VEL_7F1943E6,USR_03031,2026-08-22 23:07:43+00:00,VELOCITY_BURST,4,5,8950.0,Synthetic injection: high-velocity burst of 11 tx in 20 mins
ANO_GT_000706,TX_ANO_VEL_FB5736FF,USR_03031,2026-08-22 23:09:43+00:00,VELOCITY_BURST,4,5,8950.0,Synthetic injection: high-velocity burst of 11 tx in 20 mins
ANO_GT_000707,TX_ANO_VEL_BAAE6C0C,USR_03031,2026-08-22 23:11:43+00:00,VELOCITY_BURST,4,5,8950.0,Synthetic injection: high-velocity burst of 11 tx in 20 mins
ANO_GT_000708,TX_ANO_VEL_1251C9B2,USR_03031,2026-08-22 23:13:43+00:00,VELOCITY_BURST,4,5,8950.0,Synthetic injection: high-velocity burst of 11 tx in 20 mins
ANO_GT_000709,TX_ANO_VEL_7851D639,USR_03031,2026-08-22 23:15:43+00:00,VELOCITY_BURST,4,5,8950.0,Synthetic injection: high-velocity burst of 11 tx in 20 mins
ANO_GT_000710,TX_ANO_VEL_FF0A37F9,USR_03031,2026-08-22 23:17:43+00:00,VELOCITY_BURST,4,5,8950.0,Synthetic injection: high-velocity burst of 11 tx in 20 mins
ANO_GT_000711,TX_ANO_SPK_EDF7C34C,USR_00036,2026-09-05 20:16:50+00:00,BASELINE_SPIKE,4,5,44155.71,"Synthetic injection: extreme baseline value spike (₹44,155.71)"
ANO_GT_000712,TX_ANO_WTH_70D1CAFA,USR_03355,2026-09-18 18:07:20+00:00,RAPID_PASS_THROUGH,5,5,379159.34,"Synthetic injection: rapid deposit-to-withdrawal pass-through (₹379,159.34)"
ANO_GT_000713,TX_ANO_SPK_B5FE9DD8,USR_08805,2026-08-04 06:24:32+00:00,BASELINE_SPIKE,4,5,37391.46,"Synthetic injection: extreme baseline value spike (₹37,391.46)"
ANO_GT_000714,TX_ANO_WTH_34F19313,USR_06947,2026-09-06 20:58:32+00:00,RAPID_PASS_THROUGH,5,5,642553.01,"Synthetic injection: rapid deposit-to-withdrawal pass-through (₹642,553.01)"
ANO_GT_000715,TX_ANO_VEL_7FBAA925,USR_01320,2026-09-15 23:11:02+00:00,VELOCITY_BURST,4,5,8950.0,Synthetic injection: high-velocity burst of 9 tx in 20 mins
ANO_GT_000716,TX_ANO_VEL_8655C677,USR_01320,2026-09-15 23:13:02+00:00,VELOCITY_BURST,4,5,8950.0,Synthetic injection: high-velocity burst of 9 tx in 20 mins
ANO_GT_000717,TX_ANO_VEL_452036B6,USR_01320,2026-09-15 23:15:02+00:00,VELOCITY_BURST,4,5,8950.0,Synthetic injection: high-velocity burst of 9 tx in 20 mins
ANO_GT_000718,TX_ANO_VEL_BCC563BA,USR_01320,2026-09-15 23:17:02+00:00,VELOCITY_BURST,4,5,8950.0,Synthetic injection: high-velocity burst of 9 tx in 20 mins
ANO_GT_000719,TX_ANO_VEL_9EBDA680,USR_01320,2026-09-15 23:19:02+00:00,VELOCITY_BURST,4,5,8950.0,Synthetic injection: high-velocity burst of 9 tx in 20 mins
ANO_GT_000720,TX_ANO_VEL_2682A1EA,USR_01320,2026-09-15 23:21:02+00:00,VELOCITY_BURST,4,5,8950.0,Synthetic injection: high-velocity burst of 9 tx in 20 mins
ANO_GT_000721,TX_ANO_VEL_BCDB6992,USR_01320,2026-09-15 23:23:02+00:00,VELOCITY_BURST,4,5,8950.0,Synthetic injection: high-velocity burst of 9 tx in 20 mins
ANO_GT_000722,TX_ANO_VEL_12F28F92,USR_01320,2026-09-15 23:25:02+00:00,VELOCITY_BURST,4,5,8950.0,Synthetic injection: high-velocity burst of 9 tx in 20 mins
ANO_GT_000723,TX_ANO_VEL_867BC89C,USR_01320,2026-09-15 23:27:02+00:00,VELOCITY_BURST,4,5,8950.0,Synthetic injection: high-velocity burst of 9 tx in 20 mins
ANO_GT_000724,TX_ANO_SPK_5821E0B8,USR_01974,2026-08-27 17:01:35+00:00,BASELINE_SPIKE,4,5,52741.12,"Synthetic injection: extreme baseline value spike (₹52,741.12)"
ANO_GT_000725,TX_ANO_VEL_2F477758,USR_08101,2026-09-09 15:44:04+00:00,VELOCITY_BURST,4,5,8950.0,Synthetic injection: high-velocity burst of 10 tx in 20 mins
ANO_GT_000726,TX_ANO_VEL_B0D5E0B8,USR_08101,2026-09-09 15:46:04+00:00,VELOCITY_BURST,4,5,8950.0,Synthetic injection: high-velocity burst of 10 tx in 20 mins
ANO_GT_000727,TX_ANO_VEL_2AB4FB43,USR_08101,2026-09-09 15:48:04+00:00,VELOCITY_BURST,4,5,8950.0,Synthetic injection: high-velocity burst of 10 tx in 20 mins
ANO_GT_000728,TX_ANO_VEL_1F57BA10,USR_08101,2026-09-09 15:50:04+00:00,VELOCITY_BURST,4,5,8950.0,Synthetic injection: high-velocity burst of 10 tx in 20 mins
ANO_GT_000729,TX_ANO_VEL_4DC0DADA,USR_08101,2026-09-09 15:52:04+00:00,VELOCITY_BURST,4,5,8950.0,Synthetic injection: high-velocity burst of 10 tx in 20 mins
ANO_GT_000730,TX_ANO_VEL_F4FF9C9C,USR_08101,2026-09-09 15:54:04+00:00,VELOCITY_BURST,4,5,8950.0,Synthetic injection: high-velocity burst of 10 tx in 20 mins
ANO_GT_000731,TX_ANO_VEL_2047EAED,USR_08101,2026-09-09 15:56:04+00:00,VELOCITY_BURST,4,5,8950.0,Synthetic injection: high-velocity burst of 10 tx in 20 mins
ANO_GT_000732,TX_ANO_VEL_E644D442,USR_08101,2026-09-09 15:58:04+00:00,VELOCITY_BURST,4,5,8950.0,Synthetic injection: high-velocity burst of 10 tx in 20 mins
ANO_GT_000733,TX_ANO_VEL_82D51F78,USR_08101,2026-09-09 16:00:04+00:00,VELOCITY_BURST,4,5,8950.0,Synthetic injection: high-velocity burst of 10 tx in 20 mins
ANO_GT_000734,TX_ANO_VEL_AB113A3E,USR_08101,2026-09-09 16:02:04+00:00,VELOCITY_BURST,4,5,8950.0,Synthetic injection: high-velocity burst of 10 tx in 20 mins
ANO_GT_000735,TX_ANO_VEL_1E541DAE,USR_02872,2026-09-13 10:48:31+00:00,VELOCITY_BURST,4,5,8950.0,Synthetic injection: high-velocity burst of 12 tx in 20 mins
ANO_GT_000736,TX_ANO_VEL_6ADADF72,USR_02872,2026-09-13 10:50:31+00:00,VELOCITY_BURST,4,5,8950.0,Synthetic injection: high-velocity burst of 12 tx in 20 mins
ANO_GT_000737,TX_ANO_VEL_1D6AB8BD,USR_02872,2026-09-13 10:52:31+00:00,VELOCITY_BURST,4,5,8950.0,Synthetic injection: high-velocity burst of 12 tx in 20 mins
ANO_GT_000738,TX_ANO_VEL_3E5A7BC6,USR_02872,2026-09-13 10:54:31+00:00,VELOCITY_BURST,4,5,8950.0,Synthetic injection: high-velocity burst of 12 tx in 20 mins
ANO_GT_000739,TX_ANO_VEL_FC87D9D9,USR_02872,2026-09-13 10:56:31+00:00,VELOCITY_BURST,4,5,8950.0,Synthetic injection: high-velocity burst of 12 tx in 20 mins
ANO_GT_000740,TX_ANO_VEL_543C2874,USR_02872,2026-09-13 10:58:31+00:00,VELOCITY_BURST,4,5,8950.0,Synthetic injection: high-velocity burst of 12 tx in 20 mins
ANO_GT_000741,TX_ANO_VEL_A8752BB6,USR_02872,2026-09-13 11:00:31+00:00,VELOCITY_BURST,4,5,8950.0,Synthetic injection: high-velocity burst of 12 tx in 20 mins
ANO_GT_000742,TX_ANO_VEL_A0FE0F76,USR_02872,2026-09-13 11:02:31+00:00,VELOCITY_BURST,4,5,8950.0,Synthetic injection: high-velocity burst of 12 tx in 20 mins
ANO_GT_000743,TX_ANO_VEL_8B77C6F3,USR_02872,2026-09-13 11:04:31+00:00,VELOCITY_BURST,4,5,8950.0,Synthetic injection: high-velocity burst of 12 tx in 20 mins
ANO_GT_000744,TX_ANO_VEL_ED5D28CD,USR_02872,2026-09-13 11:06:31+00:00,VELOCITY_BURST,4,5,8950.0,Synthetic injection: high-velocity burst of 12 tx in 20 mins
ANO_GT_000745,TX_ANO_VEL_4430D939,USR_02872,2026-09-13 11:08:31+00:00,VELOCITY_BURST,4,5,8950.0,Synthetic injection: high-velocity burst of 12 tx in 20 mins
ANO_GT_000746,TX_ANO_VEL_8B214FB6,USR_02872,2026-09-13 11:10:31+00:00,VELOCITY_BURST,4,5,8950.0,Synthetic injection: high-velocity burst of 12 tx in 20 mins
ANO_GT_000747,TX_ANO_FEE_D1AB282C,USR_04204,2026-08-22 20:33:07+00:00,ABNORMAL_FEE,2,4,12906.53,"Synthetic injection: abnormal fee calculation (₹12,906.53)"
ANO_GT_000748,TX_ANO_FEE_650F8364,USR_04649,2026-08-04 07:10:01+00:00,ABNORMAL_FEE,2,4,15147.86,"Synthetic injection: abnormal fee calculation (₹15,147.86)"
ANO_GT_000749,TX_ANO_VEL_5F8B6486,USR_02886,2026-08-01 23:08:50+00:00,VELOCITY_BURST,4,5,8950.0,Synthetic injection: high-velocity burst of 12 tx in 20 mins
ANO_GT_000750,TX_ANO_VEL_0FC71C53,USR_02886,2026-08-01 23:10:50+00:00,VELOCITY_BURST,4,5,8950.0,Synthetic injection: high-velocity burst of 12 tx in 20 mins
ANO_GT_000751,TX_ANO_VEL_47B5D590,USR_02886,2026-08-01 23:12:50+00:00,VELOCITY_BURST,4,5,8950.0,Synthetic injection: high-velocity burst of 12 tx in 20 mins
ANO_GT_000752,TX_ANO_VEL_D550595B,USR_02886,2026-08-01 23:14:50+00:00,VELOCITY_BURST,4,5,8950.0,Synthetic injection: high-velocity burst of 12 tx in 20 mins
ANO_GT_000753,TX_ANO_VEL_70C891C1,USR_02886,2026-08-01 23:16:50+00:00,VELOCITY_BURST,4,5,8950.0,Synthetic injection: high-velocity burst of 12 tx in 20 mins
ANO_GT_000754,TX_ANO_VEL_A7E7CCE6,USR_02886,2026-08-01 23:18:50+00:00,VELOCITY_BURST,4,5,8950.0,Synthetic injection: high-velocity burst of 12 tx in 20 mins
ANO_GT_000755,TX_ANO_VEL_D66FB779,USR_02886,2026-08-01 23:20:50+00:00,VELOCITY_BURST,4,5,8950.0,Synthetic injection: high-velocity burst of 12 tx in 20 mins
ANO_GT_000756,TX_ANO_VEL_9B3D0532,USR_02886,2026-08-01 23:22:50+00:00,VELOCITY_BURST,4,5,8950.0,Synthetic injection: high-velocity burst of 12 tx in 20 mins
ANO_GT_000757,TX_ANO_VEL_84D7EF8D,USR_02886,2026-08-01 23:24:50+00:00,VELOCITY_BURST,4,5,8950.0,Synthetic injection: high-velocity burst of 12 tx in 20 mins
ANO_GT_000758,TX_ANO_VEL_A6E1F6BF,USR_02886,2026-08-01 23:26:50+00:00,VELOCITY_BURST,4,5,8950.0,Synthetic injection: high-velocity burst of 12 tx in 20 mins
ANO_GT_000759,TX_ANO_VEL_7391C748,USR_02886,2026-08-01 23:28:50+00:00,VELOCITY_BURST,4,5,8950.0,Synthetic injection: high-velocity burst of 12 tx in 20 mins
ANO_GT_000760,TX_ANO_VEL_E38197E1,USR_02886,2026-08-01 23:30:50+00:00,VELOCITY_BURST,4,5,8950.0,Synthetic injection: high-velocity burst of 12 tx in 20 mins
ANO_GT_000761,TX_ANO_VEL_7678A8E9,USR_05555,2026-09-17 05:09:58+00:00,VELOCITY_BURST,4,5,8950.0,Synthetic injection: high-velocity burst of 11 tx in 20 mins
ANO_GT_000762,TX_ANO_VEL_B2DAAFA2,USR_05555,2026-09-17 05:11:58+00:00,VELOCITY_BURST,4,5,8950.0,Synthetic injection: high-velocity burst of 11 tx in 20 mins
ANO_GT_000763,TX_ANO_VEL_5B6A1C52,USR_05555,2026-09-17 05:13:58+00:00,VELOCITY_BURST,4,5,8950.0,Synthetic injection: high-velocity burst of 11 tx in 20 mins
ANO_GT_000764,TX_ANO_VEL_924A13DC,USR_05555,2026-09-17 05:15:58+00:00,VELOCITY_BURST,4,5,8950.0,Synthetic injection: high-velocity burst of 11 tx in 20 mins
ANO_GT_000765,TX_ANO_VEL_B298A5EE,USR_05555,2026-09-17 05:17:58+00:00,VELOCITY_BURST,4,5,8950.0,Synthetic injection: high-velocity burst of 11 tx in 20 mins
ANO_GT_000766,TX_ANO_VEL_18E5B72F,USR_05555,2026-09-17 05:19:58+00:00,VELOCITY_BURST,4,5,8950.0,Synthetic injection: high-velocity burst of 11 tx in 20 mins
ANO_GT_000767,TX_ANO_VEL_482537A8,USR_05555,2026-09-17 05:21:58+00:00,VELOCITY_BURST,4,5,8950.0,Synthetic injection: high-velocity burst of 11 tx in 20 mins
ANO_GT_000768,TX_ANO_VEL_625E5BC7,USR_05555,2026-09-17 05:23:58+00:00,VELOCITY_BURST,4,5,8950.0,Synthetic injection: high-velocity burst of 11 tx in 20 mins
ANO_GT_000769,TX_ANO_VEL_349E1716,USR_05555,2026-09-17 05:25:58+00:00,VELOCITY_BURST,4,5,8950.0,Synthetic injection: high-velocity burst of 11 tx in 20 mins
ANO_GT_000770,TX_ANO_VEL_DCD3BD20,USR_05555,2026-09-17 05:27:58+00:00,VELOCITY_BURST,4,5,8950.0,Synthetic injection: high-velocity burst of 11 tx in 20 mins
ANO_GT_000771,TX_ANO_VEL_B6E9F4CE,USR_05555,2026-09-17 05:29:58+00:00,VELOCITY_BURST,4,5,8950.0,Synthetic injection: high-velocity burst of 11 tx in 20 mins
ANO_GT_000772,TX_ANO_VEL_A305120E,USR_07400,2026-09-06 13:02:43+00:00,VELOCITY_BURST,4,5,8950.0,Synthetic injection: high-velocity burst of 10 tx in 20 mins
ANO_GT_000773,TX_ANO_VEL_F73A4A76,USR_07400,2026-09-06 13:04:43+00:00,VELOCITY_BURST,4,5,8950.0,Synthetic injection: high-velocity burst of 10 tx in 20 mins
ANO_GT_000774,TX_ANO_VEL_7B6B6BD6,USR_07400,2026-09-06 13:06:43+00:00,VELOCITY_BURST,4,5,8950.0,Synthetic injection: high-velocity burst of 10 tx in 20 mins
ANO_GT_000775,TX_ANO_VEL_6150DB52,USR_07400,2026-09-06 13:08:43+00:00,VELOCITY_BURST,4,5,8950.0,Synthetic injection: high-velocity burst of 10 tx in 20 mins
ANO_GT_000776,TX_ANO_VEL_24F3F171,USR_07400,2026-09-06 13:10:43+00:00,VELOCITY_BURST,4,5,8950.0,Synthetic injection: high-velocity burst of 10 tx in 20 mins
ANO_GT_000777,TX_ANO_VEL_0AE3E6F9,USR_07400,2026-09-06 13:12:43+00:00,VELOCITY_BURST,4,5,8950.0,Synthetic injection: high-velocity burst of 10 tx in 20 mins
ANO_GT_000778,TX_ANO_VEL_F4EA9556,USR_07400,2026-09-06 13:14:43+00:00,VELOCITY_BURST,4,5,8950.0,Synthetic injection: high-velocity burst of 10 tx in 20 mins
ANO_GT_000779,TX_ANO_VEL_15887B24,USR_07400,2026-09-06 13:16:43+00:00,VELOCITY_BURST,4,5,8950.0,Synthetic injection: high-velocity burst of 10 tx in 20 mins
ANO_GT_000780,TX_ANO_VEL_CB66E347,USR_07400,2026-09-06 13:18:43+00:00,VELOCITY_BURST,4,5,8950.0,Synthetic injection: high-velocity burst of 10 tx in 20 mins
ANO_GT_000781,TX_ANO_VEL_E9E36BD6,USR_07400,2026-09-06 13:20:43+00:00,VELOCITY_BURST,4,5,8950.0,Synthetic injection: high-velocity burst of 10 tx in 20 mins
ANO_GT_000782,TX_ANO_FEE_1F6630E6,USR_05451,2026-08-26 06:18:42+00:00,ABNORMAL_FEE,2,4,24303.18,"Synthetic injection: abnormal fee calculation (₹24,303.18)"
ANO_GT_000783,TX_ANO_WTH_175AEE82,USR_03792,2026-08-07 07:30:46+00:00,RAPID_PASS_THROUGH,5,5,291716.68,"Synthetic injection: rapid deposit-to-withdrawal pass-through (₹291,716.68)"
ANO_GT_000784,TX_ANO_VEL_40187604,USR_01082,2026-09-04 14:01:00+00:00,VELOCITY_BURST,4,5,8950.0,Synthetic injection: high-velocity burst of 8 tx in 20 mins
ANO_GT_000785,TX_ANO_VEL_6A634D18,USR_01082,2026-09-04 14:03:00+00:00,VELOCITY_BURST,4,5,8950.0,Synthetic injection: high-velocity burst of 8 tx in 20 mins
ANO_GT_000786,TX_ANO_VEL_2DED71C9,USR_01082,2026-09-04 14:05:00+00:00,VELOCITY_BURST,4,5,8950.0,Synthetic injection: high-velocity burst of 8 tx in 20 mins
ANO_GT_000787,TX_ANO_VEL_2DDE1F02,USR_01082,2026-09-04 14:07:00+00:00,VELOCITY_BURST,4,5,8950.0,Synthetic injection: high-velocity burst of 8 tx in 20 mins
ANO_GT_000788,TX_ANO_VEL_9434E32E,USR_01082,2026-09-04 14:09:00+00:00,VELOCITY_BURST,4,5,8950.0,Synthetic injection: high-velocity burst of 8 tx in 20 mins
ANO_GT_000789,TX_ANO_VEL_95BD8F47,USR_01082,2026-09-04 14:11:00+00:00,VELOCITY_BURST,4,5,8950.0,Synthetic injection: high-velocity burst of 8 tx in 20 mins
ANO_GT_000790,TX_ANO_VEL_C99BD5F9,USR_01082,2026-09-04 14:13:00+00:00,VELOCITY_BURST,4,5,8950.0,Synthetic injection: high-velocity burst of 8 tx in 20 mins
ANO_GT_000791,TX_ANO_VEL_42DE8585,USR_01082,2026-09-04 14:15:00+00:00,VELOCITY_BURST,4,5,8950.0,Synthetic injection: high-velocity burst of 8 tx in 20 mins
ANO_GT_000792,TX_ANO_FAL_FE2BF224,USR_04878,2026-08-07 05:49:05+00:00,REPEATED_FAILURES,3,4,10000.0,Synthetic injection: repeated failure attempt 1/5
ANO_GT_000793,TX_ANO_FAL_D102600C,USR_04878,2026-08-07 05:52:05+00:00,REPEATED_FAILURES,3,4,10000.0,Synthetic injection: repeated failure attempt 2/5
ANO_GT_000794,TX_ANO_FAL_18AD94F9,USR_04878,2026-08-07 05:55:05+00:00,REPEATED_FAILURES,3,4,10000.0,Synthetic injection: repeated failure attempt 3/5
ANO_GT_000795,TX_ANO_FAL_8AB2E58C,USR_04878,2026-08-07 05:58:05+00:00,REPEATED_FAILURES,3,4,10000.0,Synthetic injection: repeated failure attempt 4/5
ANO_GT_000796,TX_ANO_FAL_A1B22234,USR_04878,2026-08-07 06:01:05+00:00,REPEATED_FAILURES,3,4,10000.0,Synthetic injection: repeated failure attempt 5/5
ANO_GT_000797,TX_ANO_FAL_1AA314DD,USR_09319,2026-08-15 04:19:47+00:00,REPEATED_FAILURES,3,4,10000.0,Synthetic injection: repeated failure attempt 1/6
ANO_GT_000798,TX_ANO_FAL_F02C6918,USR_09319,2026-08-15 04:22:47+00:00,REPEATED_FAILURES,3,4,10000.0,Synthetic injection: repeated failure attempt 2/6
ANO_GT_000799,TX_ANO_FAL_F8DA6289,USR_09319,2026-08-15 04:25:47+00:00,REPEATED_FAILURES,3,4,10000.0,Synthetic injection: repeated failure attempt 3/6
ANO_GT_000800,TX_ANO_FAL_2FFBD80D,USR_09319,2026-08-15 04:28:47+00:00,REPEATED_FAILURES,3,4,10000.0,Synthetic injection: repeated failure attempt 4/6
ANO_GT_000801,TX_ANO_FAL_03936957,USR_09319,2026-08-15 04:31:47+00:00,REPEATED_FAILURES,3,4,10000.0,Synthetic injection: repeated failure attempt 5/6
ANO_GT_000802,TX_ANO_FAL_ACD40C3B,USR_09319,2026-08-15 04:34:47+00:00,REPEATED_FAILURES,3,4,10000.0,Synthetic injection: repeated failure attempt 6/6
ANO_GT_000803,TX_ANO_WTH_AEAB422F,USR_08163,2026-09-09 07:32:45+00:00,RAPID_PASS_THROUGH,5,5,465480.59,"Synthetic injection: rapid deposit-to-withdrawal pass-through (₹465,480.59)"
ANO_GT_000804,TX_ANO_FEE_6FB0C7A0,USR_08318,2026-08-29 10:32:11+00:00,ABNORMAL_FEE,2,4,11421.89,"Synthetic injection: abnormal fee calculation (₹11,421.89)"
ANO_GT_000805,TX_ANO_FEE_1CFD0D11,USR_03780,2026-09-02 15:19:17+00:00,ABNORMAL_FEE,2,4,13067.76,"Synthetic injection: abnormal fee calculation (₹13,067.76)"
ANO_GT_000806,TX_ANO_WTH_D0F7BE39,USR_04824,2026-08-19 13:22:09+00:00,RAPID_PASS_THROUGH,5,5,488547.29,"Synthetic injection: rapid deposit-to-withdrawal pass-through (₹488,547.29)"
ANO_GT_000807,TX_ANO_WTH_8CFB74BC,USR_04822,2026-08-22 06:15:36+00:00,RAPID_PASS_THROUGH,5,5,459238.53,"Synthetic injection: rapid deposit-to-withdrawal pass-through (₹459,238.53)"
ANO_GT_000808,TX_ANO_SPK_1FAA68D8,USR_01868,2026-08-18 14:41:58+00:00,BASELINE_SPIKE,4,5,48429.44,"Synthetic injection: extreme baseline value spike (₹48,429.44)"
ANO_GT_000809,TX_ANO_SPK_21F98317,USR_08856,2026-09-19 09:39:49+00:00,BASELINE_SPIKE,4,5,48081.43,"Synthetic injection: extreme baseline value spike (₹48,081.43)"
ANO_GT_000810,TX_ANO_WTH_A147C37C,USR_06433,2026-08-22 20:08:02+00:00,RAPID_PASS_THROUGH,5,5,774767.73,"Synthetic injection: rapid deposit-to-withdrawal pass-through (₹774,767.73)"
ANO_GT_000811,TX_ANO_FEE_B025977B,USR_03680,2026-08-05 03:41:11+00:00,ABNORMAL_FEE,2,4,23304.77,"Synthetic injection: abnormal fee calculation (₹23,304.77)"
ANO_GT_000812,TX_ANO_SPK_9C6B0F24,USR_00097,2026-09-10 09:24:52+00:00,BASELINE_SPIKE,4,5,48165.08,"Synthetic injection: extreme baseline value spike (₹48,165.08)"
ANO_GT_000813,TX_ANO_FAL_A9083860,USR_01737,2026-08-26 06:28:15+00:00,REPEATED_FAILURES,3,4,10000.0,Synthetic injection: repeated failure attempt 1/4
ANO_GT_000814,TX_ANO_FAL_2313FF20,USR_01737,2026-08-26 06:31:15+00:00,REPEATED_FAILURES,3,4,10000.0,Synthetic injection: repeated failure attempt 2/4
ANO_GT_000815,TX_ANO_FAL_13A623B2,USR_01737,2026-08-26 06:34:15+00:00,REPEATED_FAILURES,3,4,10000.0,Synthetic injection: repeated failure attempt 3/4
ANO_GT_000816,TX_ANO_FAL_B129C44D,USR_01737,2026-08-26 06:37:15+00:00,REPEATED_FAILURES,3,4,10000.0,Synthetic injection: repeated failure attempt 4/4
ANO_GT_000817,TX_ANO_SPK_C2757956,USR_09994,2026-09-12 07:13:04+00:00,BASELINE_SPIKE,4,5,28294.55,"Synthetic injection: extreme baseline value spike (₹28,294.55)"
ANO_GT_000818,TX_ANO_SPK_2AB28C8C,USR_05414,2026-09-02 21:17:42+00:00,BASELINE_SPIKE,4,5,37785.03,"Synthetic injection: extreme baseline value spike (₹37,785.03)"
ANO_GT_000819,TX_ANO_SPK_7DDECE67,USR_01194,2026-08-29 04:34:47+00:00,BASELINE_SPIKE,4,5,35637.01,"Synthetic injection: extreme baseline value spike (₹35,637.01)"
ANO_GT_000820,TX_ANO_SPK_629922C1,USR_07819,2026-08-30 05:46:53+00:00,BASELINE_SPIKE,4,5,29880.35,"Synthetic injection: extreme baseline value spike (₹29,880.35)"
ANO_GT_000821,TX_ANO_WTH_257B770E,USR_07326,2026-08-11 18:06:12+00:00,RAPID_PASS_THROUGH,5,5,208476.48,"Synthetic injection: rapid deposit-to-withdrawal pass-through (₹208,476.48)"
ANO_GT_000822,TX_ANO_FAL_413F011C,USR_00038,2026-08-27 09:34:14+00:00,REPEATED_FAILURES,3,4,10000.0,Synthetic injection: repeated failure attempt 1/4
ANO_GT_000823,TX_ANO_FAL_9D07EDF1,USR_00038,2026-08-27 09:37:14+00:00,REPEATED_FAILURES,3,4,10000.0,Synthetic injection: repeated failure attempt 2/4
ANO_GT_000824,TX_ANO_FAL_7B919A3B,USR_00038,2026-08-27 09:40:14+00:00,REPEATED_FAILURES,3,4,10000.0,Synthetic injection: repeated failure attempt 3/4
ANO_GT_000825,TX_ANO_FAL_04523B82,USR_00038,2026-08-27 09:43:14+00:00,REPEATED_FAILURES,3,4,10000.0,Synthetic injection: repeated failure attempt 4/4
ANO_GT_000826,TX_ANO_WTH_7ECC1A9C,USR_06525,2026-08-08 06:03:11+00:00,RAPID_PASS_THROUGH,5,5,658060.32,"Synthetic injection: rapid deposit-to-withdrawal pass-through (₹658,060.32)"
ANO_GT_000827,TX_ANO_VEL_77381FE1,USR_01261,2026-08-16 05:50:50+00:00,VELOCITY_BURST,4,5,8950.0,Synthetic injection: high-velocity burst of 8 tx in 20 mins
ANO_GT_000828,TX_ANO_VEL_A0EA8B18,USR_01261,2026-08-16 05:52:50+00:00,VELOCITY_BURST,4,5,8950.0,Synthetic injection: high-velocity burst of 8 tx in 20 mins
ANO_GT_000829,TX_ANO_VEL_0A5A313A,USR_01261,2026-08-16 05:54:50+00:00,VELOCITY_BURST,4,5,8950.0,Synthetic injection: high-velocity burst of 8 tx in 20 mins
ANO_GT_000830,TX_ANO_VEL_E3E30311,USR_01261,2026-08-16 05:56:50+00:00,VELOCITY_BURST,4,5,8950.0,Synthetic injection: high-velocity burst of 8 tx in 20 mins
ANO_GT_000831,TX_ANO_VEL_BEEFBFF2,USR_01261,2026-08-16 05:58:50+00:00,VELOCITY_BURST,4,5,8950.0,Synthetic injection: high-velocity burst of 8 tx in 20 mins
ANO_GT_000832,TX_ANO_VEL_B8279F42,USR_01261,2026-08-16 06:00:50+00:00,VELOCITY_BURST,4,5,8950.0,Synthetic injection: high-velocity burst of 8 tx in 20 mins
ANO_GT_000833,TX_ANO_VEL_BF5CA0B5,USR_01261,2026-08-16 06:02:50+00:00,VELOCITY_BURST,4,5,8950.0,Synthetic injection: high-velocity burst of 8 tx in 20 mins
ANO_GT_000834,TX_ANO_VEL_0863C11F,USR_01261,2026-08-16 06:04:50+00:00,VELOCITY_BURST,4,5,8950.0,Synthetic injection: high-velocity burst of 8 tx in 20 mins
ANO_GT_000835,TX_ANO_SPK_DAA06648,USR_09594,2026-08-11 13:52:05+00:00,BASELINE_SPIKE,4,5,39403.13,"Synthetic injection: extreme baseline value spike (₹39,403.13)"
ANO_GT_000836,TX_ANO_VEL_CC0BB707,USR_00654,2026-08-21 04:28:04+00:00,VELOCITY_BURST,4,5,8950.0,Synthetic injection: high-velocity burst of 12 tx in 20 mins
ANO_GT_000837,TX_ANO_VEL_9463B3A4,USR_00654,2026-08-21 04:30:04+00:00,VELOCITY_BURST,4,5,8950.0,Synthetic injection: high-velocity burst of 12 tx in 20 mins
ANO_GT_000838,TX_ANO_VEL_349E83BB,USR_00654,2026-08-21 04:32:04+00:00,VELOCITY_BURST,4,5,8950.0,Synthetic injection: high-velocity burst of 12 tx in 20 mins
ANO_GT_000839,TX_ANO_VEL_78B1DEAB,USR_00654,2026-08-21 04:34:04+00:00,VELOCITY_BURST,4,5,8950.0,Synthetic injection: high-velocity burst of 12 tx in 20 mins
ANO_GT_000840,TX_ANO_VEL_16D49E05,USR_00654,2026-08-21 04:36:04+00:00,VELOCITY_BURST,4,5,8950.0,Synthetic injection: high-velocity burst of 12 tx in 20 mins
ANO_GT_000841,TX_ANO_VEL_0941319B,USR_00654,2026-08-21 04:38:04+00:00,VELOCITY_BURST,4,5,8950.0,Synthetic injection: high-velocity burst of 12 tx in 20 mins
ANO_GT_000842,TX_ANO_VEL_0767BCD9,USR_00654,2026-08-21 04:40:04+00:00,VELOCITY_BURST,4,5,8950.0,Synthetic injection: high-velocity burst of 12 tx in 20 mins
ANO_GT_000843,TX_ANO_VEL_334ABAA6,USR_00654,2026-08-21 04:42:04+00:00,VELOCITY_BURST,4,5,8950.0,Synthetic injection: high-velocity burst of 12 tx in 20 mins
ANO_GT_000844,TX_ANO_VEL_84717E68,USR_00654,2026-08-21 04:44:04+00:00,VELOCITY_BURST,4,5,8950.0,Synthetic injection: high-velocity burst of 12 tx in 20 mins
ANO_GT_000845,TX_ANO_VEL_086455D7,USR_00654,2026-08-21 04:46:04+00:00,VELOCITY_BURST,4,5,8950.0,Synthetic injection: high-velocity burst of 12 tx in 20 mins
ANO_GT_000846,TX_ANO_VEL_C2555DDB,USR_00654,2026-08-21 04:48:04+00:00,VELOCITY_BURST,4,5,8950.0,Synthetic injection: high-velocity burst of 12 tx in 20 mins
ANO_GT_000847,TX_ANO_VEL_48BD0966,USR_00654,2026-08-21 04:50:04+00:00,VELOCITY_BURST,4,5,8950.0,Synthetic injection: high-velocity burst of 12 tx in 20 mins
ANO_GT_000848,TX_ANO_FEE_6EABAAF8,USR_04709,2026-09-14 15:30:12+00:00,ABNORMAL_FEE,2,4,15104.31,"Synthetic injection: abnormal fee calculation (₹15,104.31)"
ANO_GT_000849,TX_ANO_WTH_D1235F21,USR_05786,2026-08-10 16:54:15+00:00,RAPID_PASS_THROUGH,5,5,395656.5,"Synthetic injection: rapid deposit-to-withdrawal pass-through (₹395,656.50)"
ANO_GT_000850,TX_ANO_FAL_309B354D,USR_05983,2026-08-20 00:20:26+00:00,REPEATED_FAILURES,3,4,10000.0,Synthetic injection: repeated failure attempt 1/5
ANO_GT_000851,TX_ANO_FAL_5F2384C9,USR_05983,2026-08-20 00:23:26+00:00,REPEATED_FAILURES,3,4,10000.0,Synthetic injection: repeated failure attempt 2/5
ANO_GT_000852,TX_ANO_FAL_9D0E321A,USR_05983,2026-08-20 00:26:26+00:00,REPEATED_FAILURES,3,4,10000.0,Synthetic injection: repeated failure attempt 3/5
ANO_GT_000853,TX_ANO_FAL_18BE0CAC,USR_05983,2026-08-20 00:29:26+00:00,REPEATED_FAILURES,3,4,10000.0,Synthetic injection: repeated failure attempt 4/5
ANO_GT_000854,TX_ANO_FAL_50604C66,USR_05983,2026-08-20 00:32:26+00:00,REPEATED_FAILURES,3,4,10000.0,Synthetic injection: repeated failure attempt 5/5
ANO_GT_000855,TX_ANO_FAL_6DF96CAC,USR_07567,2026-08-09 21:36:49+00:00,REPEATED_FAILURES,3,4,10000.0,Synthetic injection: repeated failure attempt 1/4
ANO_GT_000856,TX_ANO_FAL_6DF228AA,USR_07567,2026-08-09 21:39:49+00:00,REPEATED_FAILURES,3,4,10000.0,Synthetic injection: repeated failure attempt 2/4
ANO_GT_000857,TX_ANO_FAL_1FF405C8,USR_07567,2026-08-09 21:42:49+00:00,REPEATED_FAILURES,3,4,10000.0,Synthetic injection: repeated failure attempt 3/4
ANO_GT_000858,TX_ANO_FAL_87FF6B09,USR_07567,2026-08-09 21:45:49+00:00,REPEATED_FAILURES,3,4,10000.0,Synthetic injection: repeated failure attempt 4/4
ANO_GT_000859,TX_ANO_WTH_2A1C1EE3,USR_02375,2026-09-17 03:17:37+00:00,RAPID_PASS_THROUGH,5,5,669854.78,"Synthetic injection: rapid deposit-to-withdrawal pass-through (₹669,854.78)"
ANO_GT_000860,TX_ANO_FAL_14EA4558,USR_08285,2026-09-01 13:29:44+00:00,REPEATED_FAILURES,3,4,10000.0,Synthetic injection: repeated failure attempt 1/6
ANO_GT_000861,TX_ANO_FAL_41A7EF39,USR_08285,2026-09-01 13:32:44+00:00,REPEATED_FAILURES,3,4,10000.0,Synthetic injection: repeated failure attempt 2/6
ANO_GT_000862,TX_ANO_FAL_CE26E302,USR_08285,2026-09-01 13:35:44+00:00,REPEATED_FAILURES,3,4,10000.0,Synthetic injection: repeated failure attempt 3/6
ANO_GT_000863,TX_ANO_FAL_CCF63D31,USR_08285,2026-09-01 13:38:44+00:00,REPEATED_FAILURES,3,4,10000.0,Synthetic injection: repeated failure attempt 4/6
ANO_GT_000864,TX_ANO_FAL_04B93A84,USR_08285,2026-09-01 13:41:44+00:00,REPEATED_FAILURES,3,4,10000.0,Synthetic injection: repeated failure attempt 5/6
ANO_GT_000865,TX_ANO_FAL_B3031A91,USR_08285,2026-09-01 13:44:44+00:00,REPEATED_FAILURES,3,4,10000.0,Synthetic injection: repeated failure attempt 6/6
ANO_GT_000866,TX_ANO_SPK_8DFA7D69,USR_00551,2026-08-13 20:37:12+00:00,BASELINE_SPIKE,4,5,48324.87,"Synthetic injection: extreme baseline value spike (₹48,324.87)"
ANO_GT_000867,TX_ANO_SPK_6E08EA99,USR_07596,2026-09-14 02:03:09+00:00,BASELINE_SPIKE,4,5,39295.93,"Synthetic injection: extreme baseline value spike (₹39,295.93)"
ANO_GT_000868,TX_ANO_FAL_36B47EED,USR_04029,2026-08-25 06:35:27+00:00,REPEATED_FAILURES,3,4,10000.0,Synthetic injection: repeated failure attempt 1/6
ANO_GT_000869,TX_ANO_FAL_C84BEC82,USR_04029,2026-08-25 06:38:27+00:00,REPEATED_FAILURES,3,4,10000.0,Synthetic injection: repeated failure attempt 2/6
ANO_GT_000870,TX_ANO_FAL_452D09D9,USR_04029,2026-08-25 06:41:27+00:00,REPEATED_FAILURES,3,4,10000.0,Synthetic injection: repeated failure attempt 3/6
ANO_GT_000871,TX_ANO_FAL_4D8369B3,USR_04029,2026-08-25 06:44:27+00:00,REPEATED_FAILURES,3,4,10000.0,Synthetic injection: repeated failure attempt 4/6
ANO_GT_000872,TX_ANO_FAL_162B8EF9,USR_04029,2026-08-25 06:47:27+00:00,REPEATED_FAILURES,3,4,10000.0,Synthetic injection: repeated failure attempt 5/6
ANO_GT_000873,TX_ANO_FAL_A67546BA,USR_04029,2026-08-25 06:50:27+00:00,REPEATED_FAILURES,3,4,10000.0,Synthetic injection: repeated failure attempt 6/6
ANO_GT_000874,TX_ANO_VEL_6EFA5EB2,USR_02034,2026-09-07 15:41:11+00:00,VELOCITY_BURST,4,5,8950.0,Synthetic injection: high-velocity burst of 8 tx in 20 mins
ANO_GT_000875,TX_ANO_VEL_D4CA0D51,USR_02034,2026-09-07 15:43:11+00:00,VELOCITY_BURST,4,5,8950.0,Synthetic injection: high-velocity burst of 8 tx in 20 mins
ANO_GT_000876,TX_ANO_VEL_395797FC,USR_02034,2026-09-07 15:45:11+00:00,VELOCITY_BURST,4,5,8950.0,Synthetic injection: high-velocity burst of 8 tx in 20 mins
ANO_GT_000877,TX_ANO_VEL_79B2FEFB,USR_02034,2026-09-07 15:47:11+00:00,VELOCITY_BURST,4,5,8950.0,Synthetic injection: high-velocity burst of 8 tx in 20 mins
ANO_GT_000878,TX_ANO_VEL_7FCF40BD,USR_02034,2026-09-07 15:49:11+00:00,VELOCITY_BURST,4,5,8950.0,Synthetic injection: high-velocity burst of 8 tx in 20 mins
ANO_GT_000879,TX_ANO_VEL_FCA1EDD8,USR_02034,2026-09-07 15:51:11+00:00,VELOCITY_BURST,4,5,8950.0,Synthetic injection: high-velocity burst of 8 tx in 20 mins
ANO_GT_000880,TX_ANO_VEL_627A9FD4,USR_02034,2026-09-07 15:53:11+00:00,VELOCITY_BURST,4,5,8950.0,Synthetic injection: high-velocity burst of 8 tx in 20 mins
ANO_GT_000881,TX_ANO_VEL_657196F6,USR_02034,2026-09-07 15:55:11+00:00,VELOCITY_BURST,4,5,8950.0,Synthetic injection: high-velocity burst of 8 tx in 20 mins
ANO_GT_000882,TX_ANO_VEL_5049EE95,USR_05939,2026-08-02 14:57:38+00:00,VELOCITY_BURST,4,5,8950.0,Synthetic injection: high-velocity burst of 8 tx in 20 mins
ANO_GT_000883,TX_ANO_VEL_F45A1F14,USR_05939,2026-08-02 14:59:38+00:00,VELOCITY_BURST,4,5,8950.0,Synthetic injection: high-velocity burst of 8 tx in 20 mins
ANO_GT_000884,TX_ANO_VEL_0580247F,USR_05939,2026-08-02 15:01:38+00:00,VELOCITY_BURST,4,5,8950.0,Synthetic injection: high-velocity burst of 8 tx in 20 mins
ANO_GT_000885,TX_ANO_VEL_4177C9C5,USR_05939,2026-08-02 15:03:38+00:00,VELOCITY_BURST,4,5,8950.0,Synthetic injection: high-velocity burst of 8 tx in 20 mins
ANO_GT_000886,TX_ANO_VEL_6C414192,USR_05939,2026-08-02 15:05:38+00:00,VELOCITY_BURST,4,5,8950.0,Synthetic injection: high-velocity burst of 8 tx in 20 mins
ANO_GT_000887,TX_ANO_VEL_CD8C7294,USR_05939,2026-08-02 15:07:38+00:00,VELOCITY_BURST,4,5,8950.0,Synthetic injection: high-velocity burst of 8 tx in 20 mins
ANO_GT_000888,TX_ANO_VEL_20E91185,USR_05939,2026-08-02 15:09:38+00:00,VELOCITY_BURST,4,5,8950.0,Synthetic injection: high-velocity burst of 8 tx in 20 mins
ANO_GT_000889,TX_ANO_VEL_97827854,USR_05939,2026-08-02 15:11:38+00:00,VELOCITY_BURST,4,5,8950.0,Synthetic injection: high-velocity burst of 8 tx in 20 mins
ANO_GT_000890,TX_ANO_VEL_05620531,USR_01750,2026-08-19 09:14:16+00:00,VELOCITY_BURST,4,5,8950.0,Synthetic injection: high-velocity burst of 11 tx in 20 mins
ANO_GT_000891,TX_ANO_VEL_4FDABACF,USR_01750,2026-08-19 09:16:16+00:00,VELOCITY_BURST,4,5,8950.0,Synthetic injection: high-velocity burst of 11 tx in 20 mins
ANO_GT_000892,TX_ANO_VEL_A79D3B77,USR_01750,2026-08-19 09:18:16+00:00,VELOCITY_BURST,4,5,8950.0,Synthetic injection: high-velocity burst of 11 tx in 20 mins
ANO_GT_000893,TX_ANO_VEL_3D4D9FD6,USR_01750,2026-08-19 09:20:16+00:00,VELOCITY_BURST,4,5,8950.0,Synthetic injection: high-velocity burst of 11 tx in 20 mins
ANO_GT_000894,TX_ANO_VEL_B974F924,USR_01750,2026-08-19 09:22:16+00:00,VELOCITY_BURST,4,5,8950.0,Synthetic injection: high-velocity burst of 11 tx in 20 mins
ANO_GT_000895,TX_ANO_VEL_C091EC28,USR_01750,2026-08-19 09:24:16+00:00,VELOCITY_BURST,4,5,8950.0,Synthetic injection: high-velocity burst of 11 tx in 20 mins
ANO_GT_000896,TX_ANO_VEL_14D7F182,USR_01750,2026-08-19 09:26:16+00:00,VELOCITY_BURST,4,5,8950.0,Synthetic injection: high-velocity burst of 11 tx in 20 mins
ANO_GT_000897,TX_ANO_VEL_33D5FBFD,USR_01750,2026-08-19 09:28:16+00:00,VELOCITY_BURST,4,5,8950.0,Synthetic injection: high-velocity burst of 11 tx in 20 mins
ANO_GT_000898,TX_ANO_VEL_02B90A41,USR_01750,2026-08-19 09:30:16+00:00,VELOCITY_BURST,4,5,8950.0,Synthetic injection: high-velocity burst of 11 tx in 20 mins
ANO_GT_000899,TX_ANO_VEL_B146CB92,USR_01750,2026-08-19 09:32:16+00:00,VELOCITY_BURST,4,5,8950.0,Synthetic injection: high-velocity burst of 11 tx in 20 mins
ANO_GT_000900,TX_ANO_VEL_A18D24E7,USR_01750,2026-08-19 09:34:16+00:00,VELOCITY_BURST,4,5,8950.0,Synthetic injection: high-velocity burst of 11 tx in 20 mins
ANO_GT_000901,TX_ANO_SPK_4DF8480B,USR_00714,2026-08-18 15:53:04+00:00,BASELINE_SPIKE,4,5,31320.93,"Synthetic injection: extreme baseline value spike (₹31,320.93)"
ANO_GT_000902,TX_ANO_SPK_18A97CA3,USR_03403,2026-08-10 15:53:53+00:00,BASELINE_SPIKE,4,5,48026.71,"Synthetic injection: extreme baseline value spike (₹48,026.71)"
ANO_GT_000903,TX_ANO_SPK_70F04BB6,USR_07306,2026-09-13 19:35:43+00:00,BASELINE_SPIKE,4,5,47648.6,"Synthetic injection: extreme baseline value spike (₹47,648.60)"
ANO_GT_000904,TX_ANO_VEL_9B60E4C8,USR_07060,2026-08-05 00:52:58+00:00,VELOCITY_BURST,4,5,8950.0,Synthetic injection: high-velocity burst of 8 tx in 20 mins
ANO_GT_000905,TX_ANO_VEL_D376675D,USR_07060,2026-08-05 00:54:58+00:00,VELOCITY_BURST,4,5,8950.0,Synthetic injection: high-velocity burst of 8 tx in 20 mins
ANO_GT_000906,TX_ANO_VEL_75C2FB53,USR_07060,2026-08-05 00:56:58+00:00,VELOCITY_BURST,4,5,8950.0,Synthetic injection: high-velocity burst of 8 tx in 20 mins
ANO_GT_000907,TX_ANO_VEL_B31D158A,USR_07060,2026-08-05 00:58:58+00:00,VELOCITY_BURST,4,5,8950.0,Synthetic injection: high-velocity burst of 8 tx in 20 mins
ANO_GT_000908,TX_ANO_VEL_8CC3CA06,USR_07060,2026-08-05 01:00:58+00:00,VELOCITY_BURST,4,5,8950.0,Synthetic injection: high-velocity burst of 8 tx in 20 mins
ANO_GT_000909,TX_ANO_VEL_0C37AFE1,USR_07060,2026-08-05 01:02:58+00:00,VELOCITY_BURST,4,5,8950.0,Synthetic injection: high-velocity burst of 8 tx in 20 mins
ANO_GT_000910,TX_ANO_VEL_BB474660,USR_07060,2026-08-05 01:04:58+00:00,VELOCITY_BURST,4,5,8950.0,Synthetic injection: high-velocity burst of 8 tx in 20 mins
ANO_GT_000911,TX_ANO_VEL_4EB8612B,USR_07060,2026-08-05 01:06:58+00:00,VELOCITY_BURST,4,5,8950.0,Synthetic injection: high-velocity burst of 8 tx in 20 mins
ANO_GT_000912,TX_ANO_FAL_488FA204,USR_02728,2026-08-01 04:08:02+00:00,REPEATED_FAILURES,3,4,10000.0,Synthetic injection: repeated failure attempt 1/4
ANO_GT_000913,TX_ANO_FAL_8024BCF2,USR_02728,2026-08-01 04:11:02+00:00,REPEATED_FAILURES,3,4,10000.0,Synthetic injection: repeated failure attempt 2/4
ANO_GT_000914,TX_ANO_FAL_6AEE0DE6,USR_02728,2026-08-01 04:14:02+00:00,REPEATED_FAILURES,3,4,10000.0,Synthetic injection: repeated failure attempt 3/4
ANO_GT_000915,TX_ANO_FAL_AA62CF0A,USR_02728,2026-08-01 04:17:02+00:00,REPEATED_FAILURES,3,4,10000.0,Synthetic injection: repeated failure attempt 4/4
ANO_GT_000916,TX_ANO_SPK_2E174AAB,USR_02245,2026-09-07 19:00:50+00:00,BASELINE_SPIKE,4,5,31290.71,"Synthetic injection: extreme baseline value spike (₹31,290.71)"
ANO_GT_000917,TX_ANO_FAL_08745BC0,USR_09553,2026-08-21 18:04:20+00:00,REPEATED_FAILURES,3,4,10000.0,Synthetic injection: repeated failure attempt 1/5
ANO_GT_000918,TX_ANO_FAL_97F1D56C,USR_09553,2026-08-21 18:07:20+00:00,REPEATED_FAILURES,3,4,10000.0,Synthetic injection: repeated failure attempt 2/5
ANO_GT_000919,TX_ANO_FAL_85EFC263,USR_09553,2026-08-21 18:10:20+00:00,REPEATED_FAILURES,3,4,10000.0,Synthetic injection: repeated failure attempt 3/5
ANO_GT_000920,TX_ANO_FAL_D795F9EC,USR_09553,2026-08-21 18:13:20+00:00,REPEATED_FAILURES,3,4,10000.0,Synthetic injection: repeated failure attempt 4/5
ANO_GT_000921,TX_ANO_FAL_7DFC6DBA,USR_09553,2026-08-21 18:16:20+00:00,REPEATED_FAILURES,3,4,10000.0,Synthetic injection: repeated failure attempt 5/5
ANO_GT_000922,TX_ANO_VEL_B245BF0A,USR_07803,2026-08-23 12:17:28+00:00,VELOCITY_BURST,4,5,8950.0,Synthetic injection: high-velocity burst of 10 tx in 20 mins
ANO_GT_000923,TX_ANO_VEL_11D57FB9,USR_07803,2026-08-23 12:19:28+00:00,VELOCITY_BURST,4,5,8950.0,Synthetic injection: high-velocity burst of 10 tx in 20 mins
ANO_GT_000924,TX_ANO_VEL_C5454603,USR_07803,2026-08-23 12:21:28+00:00,VELOCITY_BURST,4,5,8950.0,Synthetic injection: high-velocity burst of 10 tx in 20 mins
ANO_GT_000925,TX_ANO_VEL_951B0FCE,USR_07803,2026-08-23 12:23:28+00:00,VELOCITY_BURST,4,5,8950.0,Synthetic injection: high-velocity burst of 10 tx in 20 mins
ANO_GT_000926,TX_ANO_VEL_C3F86698,USR_07803,2026-08-23 12:25:28+00:00,VELOCITY_BURST,4,5,8950.0,Synthetic injection: high-velocity burst of 10 tx in 20 mins
ANO_GT_000927,TX_ANO_VEL_4F090C9D,USR_07803,2026-08-23 12:27:28+00:00,VELOCITY_BURST,4,5,8950.0,Synthetic injection: high-velocity burst of 10 tx in 20 mins
ANO_GT_000928,TX_ANO_VEL_F1721BFD,USR_07803,2026-08-23 12:29:28+00:00,VELOCITY_BURST,4,5,8950.0,Synthetic injection: high-velocity burst of 10 tx in 20 mins
ANO_GT_000929,TX_ANO_VEL_C0C90283,USR_07803,2026-08-23 12:31:28+00:00,VELOCITY_BURST,4,5,8950.0,Synthetic injection: high-velocity burst of 10 tx in 20 mins
ANO_GT_000930,TX_ANO_VEL_39FB1182,USR_07803,2026-08-23 12:33:28+00:00,VELOCITY_BURST,4,5,8950.0,Synthetic injection: high-velocity burst of 10 tx in 20 mins
ANO_GT_000931,TX_ANO_VEL_B470FFD0,USR_07803,2026-08-23 12:35:28+00:00,VELOCITY_BURST,4,5,8950.0,Synthetic injection: high-velocity burst of 10 tx in 20 mins
ANO_GT_000932,TX_ANO_SPK_61243D67,USR_00436,2026-08-10 16:31:13+00:00,BASELINE_SPIKE,4,5,37449.61,"Synthetic injection: extreme baseline value spike (₹37,449.61)"
ANO_GT_000933,TX_ANO_SPK_C4A58988,USR_05263,2026-09-04 22:30:04+00:00,BASELINE_SPIKE,4,5,53681.57,"Synthetic injection: extreme baseline value spike (₹53,681.57)"
ANO_GT_000934,TX_ANO_WTH_A374723B,USR_09537,2026-09-04 18:41:53+00:00,RAPID_PASS_THROUGH,5,5,479346.66,"Synthetic injection: rapid deposit-to-withdrawal pass-through (₹479,346.66)"
ANO_GT_000935,TX_ANO_VEL_5ABADCE2,USR_02573,2026-08-06 16:27:25+00:00,VELOCITY_BURST,4,5,8950.0,Synthetic injection: high-velocity burst of 12 tx in 20 mins
ANO_GT_000936,TX_ANO_VEL_D9BA28AA,USR_02573,2026-08-06 16:29:25+00:00,VELOCITY_BURST,4,5,8950.0,Synthetic injection: high-velocity burst of 12 tx in 20 mins
ANO_GT_000937,TX_ANO_VEL_28930F2E,USR_02573,2026-08-06 16:31:25+00:00,VELOCITY_BURST,4,5,8950.0,Synthetic injection: high-velocity burst of 12 tx in 20 mins
ANO_GT_000938,TX_ANO_VEL_E221AB49,USR_02573,2026-08-06 16:33:25+00:00,VELOCITY_BURST,4,5,8950.0,Synthetic injection: high-velocity burst of 12 tx in 20 mins
ANO_GT_000939,TX_ANO_VEL_D8BC74EB,USR_02573,2026-08-06 16:35:25+00:00,VELOCITY_BURST,4,5,8950.0,Synthetic injection: high-velocity burst of 12 tx in 20 mins
ANO_GT_000940,TX_ANO_VEL_E95D0F37,USR_02573,2026-08-06 16:37:25+00:00,VELOCITY_BURST,4,5,8950.0,Synthetic injection: high-velocity burst of 12 tx in 20 mins
ANO_GT_000941,TX_ANO_VEL_84E78573,USR_02573,2026-08-06 16:39:25+00:00,VELOCITY_BURST,4,5,8950.0,Synthetic injection: high-velocity burst of 12 tx in 20 mins
ANO_GT_000942,TX_ANO_VEL_55D5F26C,USR_02573,2026-08-06 16:41:25+00:00,VELOCITY_BURST,4,5,8950.0,Synthetic injection: high-velocity burst of 12 tx in 20 mins
ANO_GT_000943,TX_ANO_VEL_19D191BD,USR_02573,2026-08-06 16:43:25+00:00,VELOCITY_BURST,4,5,8950.0,Synthetic injection: high-velocity burst of 12 tx in 20 mins
ANO_GT_000944,TX_ANO_VEL_2A857835,USR_02573,2026-08-06 16:45:25+00:00,VELOCITY_BURST,4,5,8950.0,Synthetic injection: high-velocity burst of 12 tx in 20 mins
ANO_GT_000945,TX_ANO_VEL_0B3053C5,USR_02573,2026-08-06 16:47:25+00:00,VELOCITY_BURST,4,5,8950.0,Synthetic injection: high-velocity burst of 12 tx in 20 mins
ANO_GT_000946,TX_ANO_VEL_0AD9BFF8,USR_02573,2026-08-06 16:49:25+00:00,VELOCITY_BURST,4,5,8950.0,Synthetic injection: high-velocity burst of 12 tx in 20 mins
ANO_GT_000947,TX_ANO_WTH_98FFD9EF,USR_07767,2026-09-14 20:17:26+00:00,RAPID_PASS_THROUGH,5,5,750976.5,"Synthetic injection: rapid deposit-to-withdrawal pass-through (₹750,976.50)"
ANO_GT_000948,TX_ANO_VEL_0AFDEC0C,USR_04593,2026-08-08 20:53:16+00:00,VELOCITY_BURST,4,5,8950.0,Synthetic injection: high-velocity burst of 10 tx in 20 mins
ANO_GT_000949,TX_ANO_VEL_348B38E8,USR_04593,2026-08-08 20:55:16+00:00,VELOCITY_BURST,4,5,8950.0,Synthetic injection: high-velocity burst of 10 tx in 20 mins
ANO_GT_000950,TX_ANO_VEL_84D21661,USR_04593,2026-08-08 20:57:16+00:00,VELOCITY_BURST,4,5,8950.0,Synthetic injection: high-velocity burst of 10 tx in 20 mins
ANO_GT_000951,TX_ANO_VEL_4CBC3686,USR_04593,2026-08-08 20:59:16+00:00,VELOCITY_BURST,4,5,8950.0,Synthetic injection: high-velocity burst of 10 tx in 20 mins
ANO_GT_000952,TX_ANO_VEL_27D65AC6,USR_04593,2026-08-08 21:01:16+00:00,VELOCITY_BURST,4,5,8950.0,Synthetic injection: high-velocity burst of 10 tx in 20 mins
ANO_GT_000953,TX_ANO_VEL_8AB58E38,USR_04593,2026-08-08 21:03:16+00:00,VELOCITY_BURST,4,5,8950.0,Synthetic injection: high-velocity burst of 10 tx in 20 mins
ANO_GT_000954,TX_ANO_VEL_6CCE26F7,USR_04593,2026-08-08 21:05:16+00:00,VELOCITY_BURST,4,5,8950.0,Synthetic injection: high-velocity burst of 10 tx in 20 mins
ANO_GT_000955,TX_ANO_VEL_C7B4683C,USR_04593,2026-08-08 21:07:16+00:00,VELOCITY_BURST,4,5,8950.0,Synthetic injection: high-velocity burst of 10 tx in 20 mins
ANO_GT_000956,TX_ANO_VEL_3001DAB1,USR_04593,2026-08-08 21:09:16+00:00,VELOCITY_BURST,4,5,8950.0,Synthetic injection: high-velocity burst of 10 tx in 20 mins
ANO_GT_000957,TX_ANO_VEL_A9DD0A25,USR_04593,2026-08-08 21:11:16+00:00,VELOCITY_BURST,4,5,8950.0,Synthetic injection: high-velocity burst of 10 tx in 20 mins
ANO_GT_000958,TX_ANO_VEL_0E2F1FF0,USR_06826,2026-09-10 04:43:40+00:00,VELOCITY_BURST,4,5,8950.0,Synthetic injection: high-velocity burst of 11 tx in 20 mins
ANO_GT_000959,TX_ANO_VEL_5E80E18A,USR_06826,2026-09-10 04:45:40+00:00,VELOCITY_BURST,4,5,8950.0,Synthetic injection: high-velocity burst of 11 tx in 20 mins
ANO_GT_000960,TX_ANO_VEL_5A1D9706,USR_06826,2026-09-10 04:47:40+00:00,VELOCITY_BURST,4,5,8950.0,Synthetic injection: high-velocity burst of 11 tx in 20 mins
ANO_GT_000961,TX_ANO_VEL_CDBC8223,USR_06826,2026-09-10 04:49:40+00:00,VELOCITY_BURST,4,5,8950.0,Synthetic injection: high-velocity burst of 11 tx in 20 mins
ANO_GT_000962,TX_ANO_VEL_4DA4C2C4,USR_06826,2026-09-10 04:51:40+00:00,VELOCITY_BURST,4,5,8950.0,Synthetic injection: high-velocity burst of 11 tx in 20 mins
ANO_GT_000963,TX_ANO_VEL_7454FA20,USR_06826,2026-09-10 04:53:40+00:00,VELOCITY_BURST,4,5,8950.0,Synthetic injection: high-velocity burst of 11 tx in 20 mins
ANO_GT_000964,TX_ANO_VEL_15F12D85,USR_06826,2026-09-10 04:55:40+00:00,VELOCITY_BURST,4,5,8950.0,Synthetic injection: high-velocity burst of 11 tx in 20 mins
ANO_GT_000965,TX_ANO_VEL_D1D6C01F,USR_06826,2026-09-10 04:57:40+00:00,VELOCITY_BURST,4,5,8950.0,Synthetic injection: high-velocity burst of 11 tx in 20 mins
ANO_GT_000966,TX_ANO_VEL_E024F93A,USR_06826,2026-09-10 04:59:40+00:00,VELOCITY_BURST,4,5,8950.0,Synthetic injection: high-velocity burst of 11 tx in 20 mins
ANO_GT_000967,TX_ANO_VEL_977EA2AD,USR_06826,2026-09-10 05:01:40+00:00,VELOCITY_BURST,4,5,8950.0,Synthetic injection: high-velocity burst of 11 tx in 20 mins
ANO_GT_000968,TX_ANO_VEL_21D4709B,USR_06826,2026-09-10 05:03:40+00:00,VELOCITY_BURST,4,5,8950.0,Synthetic injection: high-velocity burst of 11 tx in 20 mins
ANO_GT_000969,TX_ANO_SPK_4B1F2023,USR_04679,2026-09-03 02:14:07+00:00,BASELINE_SPIKE,4,5,28327.73,"Synthetic injection: extreme baseline value spike (₹28,327.73)"
ANO_GT_000970,TX_ANO_WTH_EAE3FCB7,USR_08559,2026-08-27 01:02:20+00:00,RAPID_PASS_THROUGH,5,5,539925.1,"Synthetic injection: rapid deposit-to-withdrawal pass-through (₹539,925.10)"
ANO_GT_000971,TX_ANO_SPK_B68EA88F,USR_00068,2026-08-22 12:09:13+00:00,BASELINE_SPIKE,4,5,33408.15,"Synthetic injection: extreme baseline value spike (₹33,408.15)"
ANO_GT_000972,TX_ANO_FEE_EC37A20C,USR_00903,2026-08-02 03:02:31+00:00,ABNORMAL_FEE,2,4,13299.56,"Synthetic injection: abnormal fee calculation (₹13,299.56)"
ANO_GT_000973,TX_ANO_VEL_FEB464B6,USR_01395,2026-09-02 22:25:26+00:00,VELOCITY_BURST,4,5,8950.0,Synthetic injection: high-velocity burst of 9 tx in 20 mins
ANO_GT_000974,TX_ANO_VEL_36465D53,USR_01395,2026-09-02 22:27:26+00:00,VELOCITY_BURST,4,5,8950.0,Synthetic injection: high-velocity burst of 9 tx in 20 mins
ANO_GT_000975,TX_ANO_VEL_C1658B5D,USR_01395,2026-09-02 22:29:26+00:00,VELOCITY_BURST,4,5,8950.0,Synthetic injection: high-velocity burst of 9 tx in 20 mins
ANO_GT_000976,TX_ANO_VEL_D967019C,USR_01395,2026-09-02 22:31:26+00:00,VELOCITY_BURST,4,5,8950.0,Synthetic injection: high-velocity burst of 9 tx in 20 mins
ANO_GT_000977,TX_ANO_VEL_686A2F87,USR_01395,2026-09-02 22:33:26+00:00,VELOCITY_BURST,4,5,8950.0,Synthetic injection: high-velocity burst of 9 tx in 20 mins
ANO_GT_000978,TX_ANO_VEL_05B63C5D,USR_01395,2026-09-02 22:35:26+00:00,VELOCITY_BURST,4,5,8950.0,Synthetic injection: high-velocity burst of 9 tx in 20 mins
ANO_GT_000979,TX_ANO_VEL_0635D0FD,USR_01395,2026-09-02 22:37:26+00:00,VELOCITY_BURST,4,5,8950.0,Synthetic injection: high-velocity burst of 9 tx in 20 mins
ANO_GT_000980,TX_ANO_VEL_B3A1E99B,USR_01395,2026-09-02 22:39:26+00:00,VELOCITY_BURST,4,5,8950.0,Synthetic injection: high-velocity burst of 9 tx in 20 mins
ANO_GT_000981,TX_ANO_VEL_45ABC380,USR_01395,2026-09-02 22:41:26+00:00,VELOCITY_BURST,4,5,8950.0,Synthetic injection: high-velocity burst of 9 tx in 20 mins
ANO_GT_000982,TX_ANO_VEL_31D668AC,USR_01948,2026-08-20 12:52:05+00:00,VELOCITY_BURST,4,5,8950.0,Synthetic injection: high-velocity burst of 11 tx in 20 mins
ANO_GT_000983,TX_ANO_VEL_89DE97CD,USR_01948,2026-08-20 12:54:05+00:00,VELOCITY_BURST,4,5,8950.0,Synthetic injection: high-velocity burst of 11 tx in 20 mins
ANO_GT_000984,TX_ANO_VEL_563C5055,USR_01948,2026-08-20 12:56:05+00:00,VELOCITY_BURST,4,5,8950.0,Synthetic injection: high-velocity burst of 11 tx in 20 mins
ANO_GT_000985,TX_ANO_VEL_7897B730,USR_01948,2026-08-20 12:58:05+00:00,VELOCITY_BURST,4,5,8950.0,Synthetic injection: high-velocity burst of 11 tx in 20 mins
ANO_GT_000986,TX_ANO_VEL_39427760,USR_01948,2026-08-20 13:00:05+00:00,VELOCITY_BURST,4,5,8950.0,Synthetic injection: high-velocity burst of 11 tx in 20 mins
ANO_GT_000987,TX_ANO_VEL_A5FAB501,USR_01948,2026-08-20 13:02:05+00:00,VELOCITY_BURST,4,5,8950.0,Synthetic injection: high-velocity burst of 11 tx in 20 mins
ANO_GT_000988,TX_ANO_VEL_663CBAFC,USR_01948,2026-08-20 13:04:05+00:00,VELOCITY_BURST,4,5,8950.0,Synthetic injection: high-velocity burst of 11 tx in 20 mins
ANO_GT_000989,TX_ANO_VEL_97A54597,USR_01948,2026-08-20 13:06:05+00:00,VELOCITY_BURST,4,5,8950.0,Synthetic injection: high-velocity burst of 11 tx in 20 mins
ANO_GT_000990,TX_ANO_VEL_4A413728,USR_01948,2026-08-20 13:08:05+00:00,VELOCITY_BURST,4,5,8950.0,Synthetic injection: high-velocity burst of 11 tx in 20 mins
ANO_GT_000991,TX_ANO_VEL_5F7EEBA7,USR_01948,2026-08-20 13:10:05+00:00,VELOCITY_BURST,4,5,8950.0,Synthetic injection: high-velocity burst of 11 tx in 20 mins
ANO_GT_000992,TX_ANO_VEL_914FAABA,USR_01948,2026-08-20 13:12:05+00:00,VELOCITY_BURST,4,5,8950.0,Synthetic injection: high-velocity burst of 11 tx in 20 mins
ANO_GT_000993,TX_ANO_VEL_4DEA6840,USR_05666,2026-08-21 04:52:14+00:00,VELOCITY_BURST,4,5,8950.0,Synthetic injection: high-velocity burst of 9 tx in 20 mins
ANO_GT_000994,TX_ANO_VEL_C713CFCE,USR_05666,2026-08-21 04:54:14+00:00,VELOCITY_BURST,4,5,8950.0,Synthetic injection: high-velocity burst of 9 tx in 20 mins
ANO_GT_000995,TX_ANO_VEL_ADBCD772,USR_05666,2026-08-21 04:56:14+00:00,VELOCITY_BURST,4,5,8950.0,Synthetic injection: high-velocity burst of 9 tx in 20 mins
ANO_GT_000996,TX_ANO_VEL_36970108,USR_05666,2026-08-21 04:58:14+00:00,VELOCITY_BURST,4,5,8950.0,Synthetic injection: high-velocity burst of 9 tx in 20 mins
ANO_GT_000997,TX_ANO_VEL_5694EE9C,USR_05666,2026-08-21 05:00:14+00:00,VELOCITY_BURST,4,5,8950.0,Synthetic injection: high-velocity burst of 9 tx in 20 mins
ANO_GT_000998,TX_ANO_VEL_37F4C777,USR_05666,2026-08-21 05:02:14+00:00,VELOCITY_BURST,4,5,8950.0,Synthetic injection: high-velocity burst of 9 tx in 20 mins
ANO_GT_000999,TX_ANO_VEL_00888A3B,USR_05666,2026-08-21 05:04:14+00:00,VELOCITY_BURST,4,5,8950.0,Synthetic injection: high-velocity burst of 9 tx in 20 mins
ANO_GT_001000,TX_ANO_VEL_0081A2F1,USR_05666,2026-08-21 05:06:14+00:00,VELOCITY_BURST,4,5,8950.0,Synthetic injection: high-velocity burst of 9 tx in 20 mins
ANO_GT_001001,TX_ANO_VEL_189B06DB,USR_05666,2026-08-21 05:08:14+00:00,VELOCITY_BURST,4,5,8950.0,Synthetic injection: high-velocity burst of 9 tx in 20 mins
ANO_GT_001002,TX_ANO_FEE_2DA9827A,USR_01427,2026-09-01 23:24:08+00:00,ABNORMAL_FEE,2,4,18166.82,"Synthetic injection: abnormal fee calculation (₹18,166.82)"
ANO_GT_001003,TX_ANO_FAL_D4E667D9,USR_09080,2026-09-03 20:41:10+00:00,REPEATED_FAILURES,3,4,10000.0,Synthetic injection: repeated failure attempt 1/5
ANO_GT_001004,TX_ANO_FAL_23A3A72A,USR_09080,2026-09-03 20:44:10+00:00,REPEATED_FAILURES,3,4,10000.0,Synthetic injection: repeated failure attempt 2/5
ANO_GT_001005,TX_ANO_FAL_BC6AD21F,USR_09080,2026-09-03 20:47:10+00:00,REPEATED_FAILURES,3,4,10000.0,Synthetic injection: repeated failure attempt 3/5
ANO_GT_001006,TX_ANO_FAL_57F2B6F1,USR_09080,2026-09-03 20:50:10+00:00,REPEATED_FAILURES,3,4,10000.0,Synthetic injection: repeated failure attempt 4/5
ANO_GT_001007,TX_ANO_FAL_A7E8C29E,USR_09080,2026-09-03 20:53:10+00:00,REPEATED_FAILURES,3,4,10000.0,Synthetic injection: repeated failure attempt 5/5
ANO_GT_001008,TX_ANO_FAL_3C46D0A9,USR_01812,2026-09-02 06:07:56+00:00,REPEATED_FAILURES,3,4,10000.0,Synthetic injection: repeated failure attempt 1/5
ANO_GT_001009,TX_ANO_FAL_CFB0BF5D,USR_01812,2026-09-02 06:10:56+00:00,REPEATED_FAILURES,3,4,10000.0,Synthetic injection: repeated failure attempt 2/5
ANO_GT_001010,TX_ANO_FAL_F3CAF0BA,USR_01812,2026-09-02 06:13:56+00:00,REPEATED_FAILURES,3,4,10000.0,Synthetic injection: repeated failure attempt 3/5
ANO_GT_001011,TX_ANO_FAL_803EC02C,USR_01812,2026-09-02 06:16:56+00:00,REPEATED_FAILURES,3,4,10000.0,Synthetic injection: repeated failure attempt 4/5
ANO_GT_001012,TX_ANO_FAL_4B91EEAA,USR_01812,2026-09-02 06:19:56+00:00,REPEATED_FAILURES,3,4,10000.0,Synthetic injection: repeated failure attempt 5/5
ANO_GT_001013,TX_ANO_VEL_8231D869,USR_01933,2026-08-07 16:17:46+00:00,VELOCITY_BURST,4,5,8950.0,Synthetic injection: high-velocity burst of 8 tx in 20 mins
ANO_GT_001014,TX_ANO_VEL_FF767F79,USR_01933,2026-08-07 16:19:46+00:00,VELOCITY_BURST,4,5,8950.0,Synthetic injection: high-velocity burst of 8 tx in 20 mins
ANO_GT_001015,TX_ANO_VEL_AE3E8859,USR_01933,2026-08-07 16:21:46+00:00,VELOCITY_BURST,4,5,8950.0,Synthetic injection: high-velocity burst of 8 tx in 20 mins
ANO_GT_001016,TX_ANO_VEL_B3DF1DCF,USR_01933,2026-08-07 16:23:46+00:00,VELOCITY_BURST,4,5,8950.0,Synthetic injection: high-velocity burst of 8 tx in 20 mins
ANO_GT_001017,TX_ANO_VEL_E7FD37F5,USR_01933,2026-08-07 16:25:46+00:00,VELOCITY_BURST,4,5,8950.0,Synthetic injection: high-velocity burst of 8 tx in 20 mins
ANO_GT_001018,TX_ANO_VEL_A02B88D2,USR_01933,2026-08-07 16:27:46+00:00,VELOCITY_BURST,4,5,8950.0,Synthetic injection: high-velocity burst of 8 tx in 20 mins
ANO_GT_001019,TX_ANO_VEL_5DE5007E,USR_01933,2026-08-07 16:29:46+00:00,VELOCITY_BURST,4,5,8950.0,Synthetic injection: high-velocity burst of 8 tx in 20 mins
ANO_GT_001020,TX_ANO_VEL_EBCFC003,USR_01933,2026-08-07 16:31:46+00:00,VELOCITY_BURST,4,5,8950.0,Synthetic injection: high-velocity burst of 8 tx in 20 mins
ANO_GT_001021,TX_ANO_FEE_E0455D6B,USR_02055,2026-08-06 20:40:24+00:00,ABNORMAL_FEE,2,4,14143.21,"Synthetic injection: abnormal fee calculation (₹14,143.21)"
ANO_GT_001022,TX_ANO_VEL_0985AEC1,USR_09123,2026-08-25 17:40:34+00:00,VELOCITY_BURST,4,5,8950.0,Synthetic injection: high-velocity burst of 12 tx in 20 mins
ANO_GT_001023,TX_ANO_VEL_7665EB8E,USR_09123,2026-08-25 17:42:34+00:00,VELOCITY_BURST,4,5,8950.0,Synthetic injection: high-velocity burst of 12 tx in 20 mins
ANO_GT_001024,TX_ANO_VEL_2DE132C8,USR_09123,2026-08-25 17:44:34+00:00,VELOCITY_BURST,4,5,8950.0,Synthetic injection: high-velocity burst of 12 tx in 20 mins
ANO_GT_001025,TX_ANO_VEL_7EC6BBF7,USR_09123,2026-08-25 17:46:34+00:00,VELOCITY_BURST,4,5,8950.0,Synthetic injection: high-velocity burst of 12 tx in 20 mins
ANO_GT_001026,TX_ANO_VEL_2945A33A,USR_09123,2026-08-25 17:48:34+00:00,VELOCITY_BURST,4,5,8950.0,Synthetic injection: high-velocity burst of 12 tx in 20 mins
ANO_GT_001027,TX_ANO_VEL_BFBC1325,USR_09123,2026-08-25 17:50:34+00:00,VELOCITY_BURST,4,5,8950.0,Synthetic injection: high-velocity burst of 12 tx in 20 mins
ANO_GT_001028,TX_ANO_VEL_0E77995E,USR_09123,2026-08-25 17:52:34+00:00,VELOCITY_BURST,4,5,8950.0,Synthetic injection: high-velocity burst of 12 tx in 20 mins
ANO_GT_001029,TX_ANO_VEL_E37983A0,USR_09123,2026-08-25 17:54:34+00:00,VELOCITY_BURST,4,5,8950.0,Synthetic injection: high-velocity burst of 12 tx in 20 mins
ANO_GT_001030,TX_ANO_VEL_8E0FCBAF,USR_09123,2026-08-25 17:56:34+00:00,VELOCITY_BURST,4,5,8950.0,Synthetic injection: high-velocity burst of 12 tx in 20 mins
ANO_GT_001031,TX_ANO_VEL_F64A93E9,USR_09123,2026-08-25 17:58:34+00:00,VELOCITY_BURST,4,5,8950.0,Synthetic injection: high-velocity burst of 12 tx in 20 mins
ANO_GT_001032,TX_ANO_VEL_981476FD,USR_09123,2026-08-25 18:00:34+00:00,VELOCITY_BURST,4,5,8950.0,Synthetic injection: high-velocity burst of 12 tx in 20 mins
ANO_GT_001033,TX_ANO_VEL_2C5E5464,USR_09123,2026-08-25 18:02:34+00:00,VELOCITY_BURST,4,5,8950.0,Synthetic injection: high-velocity burst of 12 tx in 20 mins
ANO_GT_001034,TX_ANO_WTH_D0662C99,USR_05746,2026-09-13 00:11:38+00:00,RAPID_PASS_THROUGH,5,5,794253.47,"Synthetic injection: rapid deposit-to-withdrawal pass-through (₹794,253.47)"
ANO_GT_001035,TX_ANO_SPK_095318BB,USR_05116,2026-08-10 16:46:58+00:00,BASELINE_SPIKE,4,5,30857.04,"Synthetic injection: extreme baseline value spike (₹30,857.04)"
ANO_GT_001036,TX_ANO_VEL_42DE13AC,USR_03679,2026-08-23 15:55:08+00:00,VELOCITY_BURST,4,5,8950.0,Synthetic injection: high-velocity burst of 12 tx in 20 mins
ANO_GT_001037,TX_ANO_VEL_DC5CD4E1,USR_03679,2026-08-23 15:57:08+00:00,VELOCITY_BURST,4,5,8950.0,Synthetic injection: high-velocity burst of 12 tx in 20 mins
ANO_GT_001038,TX_ANO_VEL_E2C618B0,USR_03679,2026-08-23 15:59:08+00:00,VELOCITY_BURST,4,5,8950.0,Synthetic injection: high-velocity burst of 12 tx in 20 mins
ANO_GT_001039,TX_ANO_VEL_8369A459,USR_03679,2026-08-23 16:01:08+00:00,VELOCITY_BURST,4,5,8950.0,Synthetic injection: high-velocity burst of 12 tx in 20 mins
ANO_GT_001040,TX_ANO_VEL_D6D27EC4,USR_03679,2026-08-23 16:03:08+00:00,VELOCITY_BURST,4,5,8950.0,Synthetic injection: high-velocity burst of 12 tx in 20 mins
ANO_GT_001041,TX_ANO_VEL_714B2AC8,USR_03679,2026-08-23 16:05:08+00:00,VELOCITY_BURST,4,5,8950.0,Synthetic injection: high-velocity burst of 12 tx in 20 mins
ANO_GT_001042,TX_ANO_VEL_2E9EA3DF,USR_03679,2026-08-23 16:07:08+00:00,VELOCITY_BURST,4,5,8950.0,Synthetic injection: high-velocity burst of 12 tx in 20 mins
ANO_GT_001043,TX_ANO_VEL_64AC2E5B,USR_03679,2026-08-23 16:09:08+00:00,VELOCITY_BURST,4,5,8950.0,Synthetic injection: high-velocity burst of 12 tx in 20 mins
ANO_GT_001044,TX_ANO_VEL_058163DC,USR_03679,2026-08-23 16:11:08+00:00,VELOCITY_BURST,4,5,8950.0,Synthetic injection: high-velocity burst of 12 tx in 20 mins
ANO_GT_001045,TX_ANO_VEL_1FAE6415,USR_03679,2026-08-23 16:13:08+00:00,VELOCITY_BURST,4,5,8950.0,Synthetic injection: high-velocity burst of 12 tx in 20 mins
ANO_GT_001046,TX_ANO_VEL_1CD854E5,USR_03679,2026-08-23 16:15:08+00:00,VELOCITY_BURST,4,5,8950.0,Synthetic injection: high-velocity burst of 12 tx in 20 mins
ANO_GT_001047,TX_ANO_VEL_513F29B9,USR_03679,2026-08-23 16:17:08+00:00,VELOCITY_BURST,4,5,8950.0,Synthetic injection: high-velocity burst of 12 tx in 20 mins
ANO_GT_001048,TX_ANO_SPK_AEB5B00D,USR_08457,2026-09-04 05:00:33+00:00,BASELINE_SPIKE,4,5,43395.96,"Synthetic injection: extreme baseline value spike (₹43,395.96)"
ANO_GT_001049,TX_ANO_FEE_7090A343,USR_01661,2026-09-03 21:06:57+00:00,ABNORMAL_FEE,2,4,11250.76,"Synthetic injection: abnormal fee calculation (₹11,250.76)"
ANO_GT_001050,TX_ANO_WTH_EABD8162,USR_07088,2026-09-15 06:07:05+00:00,RAPID_PASS_THROUGH,5,5,772557.31,"Synthetic injection: rapid deposit-to-withdrawal pass-through (₹772,557.31)"
ANO_GT_001051,TX_ANO_WTH_7FBAAE86,USR_07704,2026-08-21 18:56:38+00:00,RAPID_PASS_THROUGH,5,5,348954.74,"Synthetic injection: rapid deposit-to-withdrawal pass-through (₹348,954.74)"
ANO_GT_001052,TX_ANO_SPK_963BE805,USR_00132,2026-08-24 11:32:25+00:00,BASELINE_SPIKE,4,5,29672.98,"Synthetic injection: extreme baseline value spike (₹29,672.98)"
ANO_GT_001053,TX_ANO_SPK_D62B5CA4,USR_01084,2026-09-09 22:20:54+00:00,BASELINE_SPIKE,4,5,47153.96,"Synthetic injection: extreme baseline value spike (₹47,153.96)"
ANO_GT_001054,TX_ANO_VEL_4BF46C23,USR_09712,2026-08-11 20:29:20+00:00,VELOCITY_BURST,4,5,8950.0,Synthetic injection: high-velocity burst of 8 tx in 20 mins
ANO_GT_001055,TX_ANO_VEL_AE6F35DE,USR_09712,2026-08-11 20:31:20+00:00,VELOCITY_BURST,4,5,8950.0,Synthetic injection: high-velocity burst of 8 tx in 20 mins
ANO_GT_001056,TX_ANO_VEL_AE08A495,USR_09712,2026-08-11 20:33:20+00:00,VELOCITY_BURST,4,5,8950.0,Synthetic injection: high-velocity burst of 8 tx in 20 mins
ANO_GT_001057,TX_ANO_VEL_3A8DE34C,USR_09712,2026-08-11 20:35:20+00:00,VELOCITY_BURST,4,5,8950.0,Synthetic injection: high-velocity burst of 8 tx in 20 mins
ANO_GT_001058,TX_ANO_VEL_9003FD0C,USR_09712,2026-08-11 20:37:20+00:00,VELOCITY_BURST,4,5,8950.0,Synthetic injection: high-velocity burst of 8 tx in 20 mins
ANO_GT_001059,TX_ANO_VEL_A667FBDA,USR_09712,2026-08-11 20:39:20+00:00,VELOCITY_BURST,4,5,8950.0,Synthetic injection: high-velocity burst of 8 tx in 20 mins
ANO_GT_001060,TX_ANO_VEL_C451E161,USR_09712,2026-08-11 20:41:20+00:00,VELOCITY_BURST,4,5,8950.0,Synthetic injection: high-velocity burst of 8 tx in 20 mins
ANO_GT_001061,TX_ANO_VEL_0A6A30CA,USR_09712,2026-08-11 20:43:20+00:00,VELOCITY_BURST,4,5,8950.0,Synthetic injection: high-velocity burst of 8 tx in 20 mins
ANO_GT_001062,TX_ANO_WTH_EC8D898E,USR_09331,2026-09-03 06:58:00+00:00,RAPID_PASS_THROUGH,5,5,765488.16,"Synthetic injection: rapid deposit-to-withdrawal pass-through (₹765,488.16)"
ANO_GT_001063,TX_ANO_SPK_97836C0F,USR_08207,2026-08-17 11:18:38+00:00,BASELINE_SPIKE,4,5,40324.41,"Synthetic injection: extreme baseline value spike (₹40,324.41)"
ANO_GT_001064,TX_ANO_FAL_2ECF8C81,USR_03010,2026-09-11 19:01:07+00:00,REPEATED_FAILURES,3,4,10000.0,Synthetic injection: repeated failure attempt 1/6
ANO_GT_001065,TX_ANO_FAL_1AD1A377,USR_03010,2026-09-11 19:04:07+00:00,REPEATED_FAILURES,3,4,10000.0,Synthetic injection: repeated failure attempt 2/6
ANO_GT_001066,TX_ANO_FAL_4112B9D2,USR_03010,2026-09-11 19:07:07+00:00,REPEATED_FAILURES,3,4,10000.0,Synthetic injection: repeated failure attempt 3/6
ANO_GT_001067,TX_ANO_FAL_D12207E6,USR_03010,2026-09-11 19:10:07+00:00,REPEATED_FAILURES,3,4,10000.0,Synthetic injection: repeated failure attempt 4/6
ANO_GT_001068,TX_ANO_FAL_D8D1631F,USR_03010,2026-09-11 19:13:07+00:00,REPEATED_FAILURES,3,4,10000.0,Synthetic injection: repeated failure attempt 5/6
ANO_GT_001069,TX_ANO_FAL_0F2C3D99,USR_03010,2026-09-11 19:16:07+00:00,REPEATED_FAILURES,3,4,10000.0,Synthetic injection: repeated failure attempt 6/6
ANO_GT_001070,TX_ANO_WTH_ECD5846E,USR_09417,2026-08-14 16:19:49+00:00,RAPID_PASS_THROUGH,5,5,681523.19,"Synthetic injection: rapid deposit-to-withdrawal pass-through (₹681,523.19)"
ANO_GT_001071,TX_ANO_SPK_160DECE1,USR_02069,2026-08-11 21:54:33+00:00,BASELINE_SPIKE,4,5,49294.5,"Synthetic injection: extreme baseline value spike (₹49,294.50)"
ANO_GT_001072,TX_ANO_FAL_3DC561DC,USR_06640,2026-09-14 04:17:06+00:00,REPEATED_FAILURES,3,4,10000.0,Synthetic injection: repeated failure attempt 1/5
ANO_GT_001073,TX_ANO_FAL_0293A8EC,USR_06640,2026-09-14 04:20:06+00:00,REPEATED_FAILURES,3,4,10000.0,Synthetic injection: repeated failure attempt 2/5
ANO_GT_001074,TX_ANO_FAL_3EA4D6D2,USR_06640,2026-09-14 04:23:06+00:00,REPEATED_FAILURES,3,4,10000.0,Synthetic injection: repeated failure attempt 3/5
ANO_GT_001075,TX_ANO_FAL_4F385FF8,USR_06640,2026-09-14 04:26:06+00:00,REPEATED_FAILURES,3,4,10000.0,Synthetic injection: repeated failure attempt 4/5
ANO_GT_001076,TX_ANO_FAL_C026C05E,USR_06640,2026-09-14 04:29:06+00:00,REPEATED_FAILURES,3,4,10000.0,Synthetic injection: repeated failure attempt 5/5
ANO_GT_001077,TX_ANO_WTH_D08CC9B1,USR_06308,2026-08-13 11:31:31+00:00,RAPID_PASS_THROUGH,5,5,560625.61,"Synthetic injection: rapid deposit-to-withdrawal pass-through (₹560,625.61)"
ANO_GT_001078,TX_ANO_FAL_8B30885A,USR_08926,2026-08-07 01:07:11+00:00,REPEATED_FAILURES,3,4,10000.0,Synthetic injection: repeated failure attempt 1/4
ANO_GT_001079,TX_ANO_FAL_5B1B3C53,USR_08926,2026-08-07 01:10:11+00:00,REPEATED_FAILURES,3,4,10000.0,Synthetic injection: repeated failure attempt 2/4
ANO_GT_001080,TX_ANO_FAL_A87E563D,USR_08926,2026-08-07 01:13:11+00:00,REPEATED_FAILURES,3,4,10000.0,Synthetic injection: repeated failure attempt 3/4
ANO_GT_001081,TX_ANO_FAL_390D37D1,USR_08926,2026-08-07 01:16:11+00:00,REPEATED_FAILURES,3,4,10000.0,Synthetic injection: repeated failure attempt 4/4
ANO_GT_001082,TX_ANO_WTH_83A0E104,USR_03275,2026-08-31 05:25:55+00:00,RAPID_PASS_THROUGH,5,5,563823.55,"Synthetic injection: rapid deposit-to-withdrawal pass-through (₹563,823.55)"
ANO_GT_001083,TX_ANO_WTH_90E377B4,USR_08102,2026-08-04 10:17:20+00:00,RAPID_PASS_THROUGH,5,5,303037.28,"Synthetic injection: rapid deposit-to-withdrawal pass-through (₹303,037.28)"
ANO_GT_001084,TX_ANO_WTH_CFF3E0E6,USR_09643,2026-09-09 07:07:42+00:00,RAPID_PASS_THROUGH,5,5,436852.41,"Synthetic injection: rapid deposit-to-withdrawal pass-through (₹436,852.41)"
ANO_GT_001085,TX_ANO_VEL_C7B35A68,USR_05683,2026-08-14 18:40:49+00:00,VELOCITY_BURST,4,5,8950.0,Synthetic injection: high-velocity burst of 9 tx in 20 mins
ANO_GT_001086,TX_ANO_VEL_0840DFC2,USR_05683,2026-08-14 18:42:49+00:00,VELOCITY_BURST,4,5,8950.0,Synthetic injection: high-velocity burst of 9 tx in 20 mins
ANO_GT_001087,TX_ANO_VEL_A18C2562,USR_05683,2026-08-14 18:44:49+00:00,VELOCITY_BURST,4,5,8950.0,Synthetic injection: high-velocity burst of 9 tx in 20 mins
ANO_GT_001088,TX_ANO_VEL_EA4094D6,USR_05683,2026-08-14 18:46:49+00:00,VELOCITY_BURST,4,5,8950.0,Synthetic injection: high-velocity burst of 9 tx in 20 mins
ANO_GT_001089,TX_ANO_VEL_C07CA97C,USR_05683,2026-08-14 18:48:49+00:00,VELOCITY_BURST,4,5,8950.0,Synthetic injection: high-velocity burst of 9 tx in 20 mins
ANO_GT_001090,TX_ANO_VEL_DABAF554,USR_05683,2026-08-14 18:50:49+00:00,VELOCITY_BURST,4,5,8950.0,Synthetic injection: high-velocity burst of 9 tx in 20 mins
ANO_GT_001091,TX_ANO_VEL_DA7033D4,USR_05683,2026-08-14 18:52:49+00:00,VELOCITY_BURST,4,5,8950.0,Synthetic injection: high-velocity burst of 9 tx in 20 mins
ANO_GT_001092,TX_ANO_VEL_2AAC3C26,USR_05683,2026-08-14 18:54:49+00:00,VELOCITY_BURST,4,5,8950.0,Synthetic injection: high-velocity burst of 9 tx in 20 mins
ANO_GT_001093,TX_ANO_VEL_634E5EA3,USR_05683,2026-08-14 18:56:49+00:00,VELOCITY_BURST,4,5,8950.0,Synthetic injection: high-velocity burst of 9 tx in 20 mins
ANO_GT_001094,TX_ANO_WTH_94DE8B2C,USR_00236,2026-09-09 16:17:56+00:00,RAPID_PASS_THROUGH,5,5,721874.25,"Synthetic injection: rapid deposit-to-withdrawal pass-through (₹721,874.25)"
ANO_GT_001095,TX_ANO_WTH_7E3C5B6F,USR_05139,2026-08-31 11:12:19+00:00,RAPID_PASS_THROUGH,5,5,748208.56,"Synthetic injection: rapid deposit-to-withdrawal pass-through (₹748,208.56)"
ANO_GT_001096,TX_ANO_FAL_D7B37B02,USR_05751,2026-09-10 10:53:29+00:00,REPEATED_FAILURES,3,4,10000.0,Synthetic injection: repeated failure attempt 1/4
ANO_GT_001097,TX_ANO_FAL_A1E70CA3,USR_05751,2026-09-10 10:56:29+00:00,REPEATED_FAILURES,3,4,10000.0,Synthetic injection: repeated failure attempt 2/4
ANO_GT_001098,TX_ANO_FAL_A01427B0,USR_05751,2026-09-10 10:59:29+00:00,REPEATED_FAILURES,3,4,10000.0,Synthetic injection: repeated failure attempt 3/4
ANO_GT_001099,TX_ANO_FAL_6ADC25E0,USR_05751,2026-09-10 11:02:29+00:00,REPEATED_FAILURES,3,4,10000.0,Synthetic injection: repeated failure attempt 4/4
ANO_GT_001100,TX_ANO_SPK_E2BCC771,USR_09336,2026-08-21 04:46:10+00:00,BASELINE_SPIKE,4,5,34301.94,"Synthetic injection: extreme baseline value spike (₹34,301.94)"
ANO_GT_001101,TX_ANO_FAL_431A20F2,USR_01064,2026-09-10 04:55:19+00:00,REPEATED_FAILURES,3,4,10000.0,Synthetic injection: repeated failure attempt 1/6
ANO_GT_001102,TX_ANO_FAL_B4E1BF5E,USR_01064,2026-09-10 04:58:19+00:00,REPEATED_FAILURES,3,4,10000.0,Synthetic injection: repeated failure attempt 2/6
ANO_GT_001103,TX_ANO_FAL_205E2B80,USR_01064,2026-09-10 05:01:19+00:00,REPEATED_FAILURES,3,4,10000.0,Synthetic injection: repeated failure attempt 3/6
ANO_GT_001104,TX_ANO_FAL_50C7579E,USR_01064,2026-09-10 05:04:19+00:00,REPEATED_FAILURES,3,4,10000.0,Synthetic injection: repeated failure attempt 4/6
ANO_GT_001105,TX_ANO_FAL_1585C27D,USR_01064,2026-09-10 05:07:19+00:00,REPEATED_FAILURES,3,4,10000.0,Synthetic injection: repeated failure attempt 5/6
ANO_GT_001106,TX_ANO_FAL_73077418,USR_01064,2026-09-10 05:10:19+00:00,REPEATED_FAILURES,3,4,10000.0,Synthetic injection: repeated failure attempt 6/6
ANO_GT_001107,TX_ANO_VEL_236E5D6A,USR_04284,2026-09-06 22:44:15+00:00,VELOCITY_BURST,4,5,8950.0,Synthetic injection: high-velocity burst of 12 tx in 20 mins
ANO_GT_001108,TX_ANO_VEL_2FC5C8AB,USR_04284,2026-09-06 22:46:15+00:00,VELOCITY_BURST,4,5,8950.0,Synthetic injection: high-velocity burst of 12 tx in 20 mins
ANO_GT_001109,TX_ANO_VEL_8793E982,USR_04284,2026-09-06 22:48:15+00:00,VELOCITY_BURST,4,5,8950.0,Synthetic injection: high-velocity burst of 12 tx in 20 mins
ANO_GT_001110,TX_ANO_VEL_F7019653,USR_04284,2026-09-06 22:50:15+00:00,VELOCITY_BURST,4,5,8950.0,Synthetic injection: high-velocity burst of 12 tx in 20 mins
ANO_GT_001111,TX_ANO_VEL_2342514B,USR_04284,2026-09-06 22:52:15+00:00,VELOCITY_BURST,4,5,8950.0,Synthetic injection: high-velocity burst of 12 tx in 20 mins
ANO_GT_001112,TX_ANO_VEL_90EB1E75,USR_04284,2026-09-06 22:54:15+00:00,VELOCITY_BURST,4,5,8950.0,Synthetic injection: high-velocity burst of 12 tx in 20 mins
ANO_GT_001113,TX_ANO_VEL_5EB80F57,USR_04284,2026-09-06 22:56:15+00:00,VELOCITY_BURST,4,5,8950.0,Synthetic injection: high-velocity burst of 12 tx in 20 mins
ANO_GT_001114,TX_ANO_VEL_9604C1F2,USR_04284,2026-09-06 22:58:15+00:00,VELOCITY_BURST,4,5,8950.0,Synthetic injection: high-velocity burst of 12 tx in 20 mins
ANO_GT_001115,TX_ANO_VEL_BE074C74,USR_04284,2026-09-06 23:00:15+00:00,VELOCITY_BURST,4,5,8950.0,Synthetic injection: high-velocity burst of 12 tx in 20 mins
ANO_GT_001116,TX_ANO_VEL_7BF43203,USR_04284,2026-09-06 23:02:15+00:00,VELOCITY_BURST,4,5,8950.0,Synthetic injection: high-velocity burst of 12 tx in 20 mins
ANO_GT_001117,TX_ANO_VEL_2EFBB74A,USR_04284,2026-09-06 23:04:15+00:00,VELOCITY_BURST,4,5,8950.0,Synthetic injection: high-velocity burst of 12 tx in 20 mins
ANO_GT_001118,TX_ANO_VEL_4AC55FB8,USR_04284,2026-09-06 23:06:15+00:00,VELOCITY_BURST,4,5,8950.0,Synthetic injection: high-velocity burst of 12 tx in 20 mins
ANO_GT_001119,TX_ANO_SPK_FA33C277,USR_06426,2026-09-14 01:56:38+00:00,BASELINE_SPIKE,4,5,41935.28,"Synthetic injection: extreme baseline value spike (₹41,935.28)"
ANO_GT_001120,TX_ANO_WTH_CB7B04F2,USR_07601,2026-09-19 03:43:59+00:00,RAPID_PASS_THROUGH,5,5,720045.47,"Synthetic injection: rapid deposit-to-withdrawal pass-through (₹720,045.47)"
ANO_GT_001121,TX_ANO_FAL_D9D46B96,USR_09074,2026-08-16 21:08:53+00:00,REPEATED_FAILURES,3,4,10000.0,Synthetic injection: repeated failure attempt 1/6
ANO_GT_001122,TX_ANO_FAL_66DB8331,USR_09074,2026-08-16 21:11:53+00:00,REPEATED_FAILURES,3,4,10000.0,Synthetic injection: repeated failure attempt 2/6
ANO_GT_001123,TX_ANO_FAL_C1E2D2EB,USR_09074,2026-08-16 21:14:53+00:00,REPEATED_FAILURES,3,4,10000.0,Synthetic injection: repeated failure attempt 3/6
ANO_GT_001124,TX_ANO_FAL_0CBFE96D,USR_09074,2026-08-16 21:17:53+00:00,REPEATED_FAILURES,3,4,10000.0,Synthetic injection: repeated failure attempt 4/6
ANO_GT_001125,TX_ANO_FAL_51376B49,USR_09074,2026-08-16 21:20:53+00:00,REPEATED_FAILURES,3,4,10000.0,Synthetic injection: repeated failure attempt 5/6
ANO_GT_001126,TX_ANO_FAL_05E393DE,USR_09074,2026-08-16 21:23:53+00:00,REPEATED_FAILURES,3,4,10000.0,Synthetic injection: repeated failure attempt 6/6
ANO_GT_001127,TX_ANO_VEL_244E5872,USR_08549,2026-08-14 20:49:19+00:00,VELOCITY_BURST,4,5,8950.0,Synthetic injection: high-velocity burst of 12 tx in 20 mins
ANO_GT_001128,TX_ANO_VEL_EA7AE621,USR_08549,2026-08-14 20:51:19+00:00,VELOCITY_BURST,4,5,8950.0,Synthetic injection: high-velocity burst of 12 tx in 20 mins
ANO_GT_001129,TX_ANO_VEL_7F84DDB0,USR_08549,2026-08-14 20:53:19+00:00,VELOCITY_BURST,4,5,8950.0,Synthetic injection: high-velocity burst of 12 tx in 20 mins
ANO_GT_001130,TX_ANO_VEL_F541A400,USR_08549,2026-08-14 20:55:19+00:00,VELOCITY_BURST,4,5,8950.0,Synthetic injection: high-velocity burst of 12 tx in 20 mins
ANO_GT_001131,TX_ANO_VEL_10AC7FAB,USR_08549,2026-08-14 20:57:19+00:00,VELOCITY_BURST,4,5,8950.0,Synthetic injection: high-velocity burst of 12 tx in 20 mins
ANO_GT_001132,TX_ANO_VEL_7225E3A0,USR_08549,2026-08-14 20:59:19+00:00,VELOCITY_BURST,4,5,8950.0,Synthetic injection: high-velocity burst of 12 tx in 20 mins
ANO_GT_001133,TX_ANO_VEL_517F7B2D,USR_08549,2026-08-14 21:01:19+00:00,VELOCITY_BURST,4,5,8950.0,Synthetic injection: high-velocity burst of 12 tx in 20 mins
ANO_GT_001134,TX_ANO_VEL_5720DA50,USR_08549,2026-08-14 21:03:19+00:00,VELOCITY_BURST,4,5,8950.0,Synthetic injection: high-velocity burst of 12 tx in 20 mins
ANO_GT_001135,TX_ANO_VEL_76737FFA,USR_08549,2026-08-14 21:05:19+00:00,VELOCITY_BURST,4,5,8950.0,Synthetic injection: high-velocity burst of 12 tx in 20 mins
ANO_GT_001136,TX_ANO_VEL_FC60220A,USR_08549,2026-08-14 21:07:19+00:00,VELOCITY_BURST,4,5,8950.0,Synthetic injection: high-velocity burst of 12 tx in 20 mins
ANO_GT_001137,TX_ANO_VEL_67674EC2,USR_08549,2026-08-14 21:09:19+00:00,VELOCITY_BURST,4,5,8950.0,Synthetic injection: high-velocity burst of 12 tx in 20 mins
ANO_GT_001138,TX_ANO_VEL_3F289B77,USR_08549,2026-08-14 21:11:19+00:00,VELOCITY_BURST,4,5,8950.0,Synthetic injection: high-velocity burst of 12 tx in 20 mins
ANO_GT_001139,TX_ANO_VEL_BE74B991,USR_01369,2026-09-09 18:07:44+00:00,VELOCITY_BURST,4,5,8950.0,Synthetic injection: high-velocity burst of 9 tx in 20 mins
ANO_GT_001140,TX_ANO_VEL_9E1137A8,USR_01369,2026-09-09 18:09:44+00:00,VELOCITY_BURST,4,5,8950.0,Synthetic injection: high-velocity burst of 9 tx in 20 mins
ANO_GT_001141,TX_ANO_VEL_6285FC7C,USR_01369,2026-09-09 18:11:44+00:00,VELOCITY_BURST,4,5,8950.0,Synthetic injection: high-velocity burst of 9 tx in 20 mins
ANO_GT_001142,TX_ANO_VEL_840E35AC,USR_01369,2026-09-09 18:13:44+00:00,VELOCITY_BURST,4,5,8950.0,Synthetic injection: high-velocity burst of 9 tx in 20 mins
ANO_GT_001143,TX_ANO_VEL_B31D2F82,USR_01369,2026-09-09 18:15:44+00:00,VELOCITY_BURST,4,5,8950.0,Synthetic injection: high-velocity burst of 9 tx in 20 mins
ANO_GT_001144,TX_ANO_VEL_3F672BF9,USR_01369,2026-09-09 18:17:44+00:00,VELOCITY_BURST,4,5,8950.0,Synthetic injection: high-velocity burst of 9 tx in 20 mins
ANO_GT_001145,TX_ANO_VEL_59096443,USR_01369,2026-09-09 18:19:44+00:00,VELOCITY_BURST,4,5,8950.0,Synthetic injection: high-velocity burst of 9 tx in 20 mins
ANO_GT_001146,TX_ANO_VEL_33BAA56F,USR_01369,2026-09-09 18:21:44+00:00,VELOCITY_BURST,4,5,8950.0,Synthetic injection: high-velocity burst of 9 tx in 20 mins
ANO_GT_001147,TX_ANO_VEL_D6EC91EE,USR_01369,2026-09-09 18:23:44+00:00,VELOCITY_BURST,4,5,8950.0,Synthetic injection: high-velocity burst of 9 tx in 20 mins
ANO_GT_001148,TX_ANO_FAL_CE0FE918,USR_05879,2026-08-13 02:27:40+00:00,REPEATED_FAILURES,3,4,10000.0,Synthetic injection: repeated failure attempt 1/4
ANO_GT_001149,TX_ANO_FAL_026F2D5D,USR_05879,2026-08-13 02:30:40+00:00,REPEATED_FAILURES,3,4,10000.0,Synthetic injection: repeated failure attempt 2/4
ANO_GT_001150,TX_ANO_FAL_9A559D60,USR_05879,2026-08-13 02:33:40+00:00,REPEATED_FAILURES,3,4,10000.0,Synthetic injection: repeated failure attempt 3/4
ANO_GT_001151,TX_ANO_FAL_86BB17DF,USR_05879,2026-08-13 02:36:40+00:00,REPEATED_FAILURES,3,4,10000.0,Synthetic injection: repeated failure attempt 4/4
ANO_GT_001152,TX_ANO_FAL_06127275,USR_08320,2026-09-16 07:14:53+00:00,REPEATED_FAILURES,3,4,10000.0,Synthetic injection: repeated failure attempt 1/4
ANO_GT_001153,TX_ANO_FAL_2371CDD0,USR_08320,2026-09-16 07:17:53+00:00,REPEATED_FAILURES,3,4,10000.0,Synthetic injection: repeated failure attempt 2/4
ANO_GT_001154,TX_ANO_FAL_498D4283,USR_08320,2026-09-16 07:20:53+00:00,REPEATED_FAILURES,3,4,10000.0,Synthetic injection: repeated failure attempt 3/4
ANO_GT_001155,TX_ANO_FAL_A1933684,USR_08320,2026-09-16 07:23:53+00:00,REPEATED_FAILURES,3,4,10000.0,Synthetic injection: repeated failure attempt 4/4
ANO_GT_001156,TX_ANO_VEL_C6D3FB90,USR_02599,2026-08-03 20:18:46+00:00,VELOCITY_BURST,4,5,8950.0,Synthetic injection: high-velocity burst of 12 tx in 20 mins
ANO_GT_001157,TX_ANO_VEL_633A4E78,USR_02599,2026-08-03 20:20:46+00:00,VELOCITY_BURST,4,5,8950.0,Synthetic injection: high-velocity burst of 12 tx in 20 mins
ANO_GT_001158,TX_ANO_VEL_BA40DAA3,USR_02599,2026-08-03 20:22:46+00:00,VELOCITY_BURST,4,5,8950.0,Synthetic injection: high-velocity burst of 12 tx in 20 mins
ANO_GT_001159,TX_ANO_VEL_67894161,USR_02599,2026-08-03 20:24:46+00:00,VELOCITY_BURST,4,5,8950.0,Synthetic injection: high-velocity burst of 12 tx in 20 mins
ANO_GT_001160,TX_ANO_VEL_14939517,USR_02599,2026-08-03 20:26:46+00:00,VELOCITY_BURST,4,5,8950.0,Synthetic injection: high-velocity burst of 12 tx in 20 mins
ANO_GT_001161,TX_ANO_VEL_E1468054,USR_02599,2026-08-03 20:28:46+00:00,VELOCITY_BURST,4,5,8950.0,Synthetic injection: high-velocity burst of 12 tx in 20 mins
ANO_GT_001162,TX_ANO_VEL_ACDD9000,USR_02599,2026-08-03 20:30:46+00:00,VELOCITY_BURST,4,5,8950.0,Synthetic injection: high-velocity burst of 12 tx in 20 mins
ANO_GT_001163,TX_ANO_VEL_74C51D03,USR_02599,2026-08-03 20:32:46+00:00,VELOCITY_BURST,4,5,8950.0,Synthetic injection: high-velocity burst of 12 tx in 20 mins
ANO_GT_001164,TX_ANO_VEL_734633A2,USR_02599,2026-08-03 20:34:46+00:00,VELOCITY_BURST,4,5,8950.0,Synthetic injection: high-velocity burst of 12 tx in 20 mins
ANO_GT_001165,TX_ANO_VEL_8D58ECC2,USR_02599,2026-08-03 20:36:46+00:00,VELOCITY_BURST,4,5,8950.0,Synthetic injection: high-velocity burst of 12 tx in 20 mins
ANO_GT_001166,TX_ANO_VEL_A0462E67,USR_02599,2026-08-03 20:38:46+00:00,VELOCITY_BURST,4,5,8950.0,Synthetic injection: high-velocity burst of 12 tx in 20 mins
ANO_GT_001167,TX_ANO_VEL_19138917,USR_02599,2026-08-03 20:40:46+00:00,VELOCITY_BURST,4,5,8950.0,Synthetic injection: high-velocity burst of 12 tx in 20 mins
ANO_GT_001168,TX_ANO_SPK_59B3FBE2,USR_09544,2026-08-17 02:02:46+00:00,BASELINE_SPIKE,4,5,31334.58,"Synthetic injection: extreme baseline value spike (₹31,334.58)"
ANO_GT_001169,TX_ANO_VEL_4C9DE645,USR_00099,2026-09-19 01:55:30+00:00,VELOCITY_BURST,4,5,8950.0,Synthetic injection: high-velocity burst of 12 tx in 20 mins
ANO_GT_001170,TX_ANO_VEL_5BE54D8C,USR_00099,2026-09-19 01:57:30+00:00,VELOCITY_BURST,4,5,8950.0,Synthetic injection: high-velocity burst of 12 tx in 20 mins
ANO_GT_001171,TX_ANO_VEL_55E97CF3,USR_00099,2026-09-19 01:59:30+00:00,VELOCITY_BURST,4,5,8950.0,Synthetic injection: high-velocity burst of 12 tx in 20 mins
ANO_GT_001172,TX_ANO_VEL_73952660,USR_00099,2026-09-19 02:01:30+00:00,VELOCITY_BURST,4,5,8950.0,Synthetic injection: high-velocity burst of 12 tx in 20 mins
ANO_GT_001173,TX_ANO_VEL_7D90A872,USR_00099,2026-09-19 02:03:30+00:00,VELOCITY_BURST,4,5,8950.0,Synthetic injection: high-velocity burst of 12 tx in 20 mins
ANO_GT_001174,TX_ANO_VEL_3CF406A1,USR_00099,2026-09-19 02:05:30+00:00,VELOCITY_BURST,4,5,8950.0,Synthetic injection: high-velocity burst of 12 tx in 20 mins
ANO_GT_001175,TX_ANO_VEL_CD2B32B2,USR_00099,2026-09-19 02:07:30+00:00,VELOCITY_BURST,4,5,8950.0,Synthetic injection: high-velocity burst of 12 tx in 20 mins
ANO_GT_001176,TX_ANO_VEL_F1310721,USR_00099,2026-09-19 02:09:30+00:00,VELOCITY_BURST,4,5,8950.0,Synthetic injection: high-velocity burst of 12 tx in 20 mins
ANO_GT_001177,TX_ANO_VEL_59E3C0D9,USR_00099,2026-09-19 02:11:30+00:00,VELOCITY_BURST,4,5,8950.0,Synthetic injection: high-velocity burst of 12 tx in 20 mins
ANO_GT_001178,TX_ANO_VEL_A3FF4B11,USR_00099,2026-09-19 02:13:30+00:00,VELOCITY_BURST,4,5,8950.0,Synthetic injection: high-velocity burst of 12 tx in 20 mins
ANO_GT_001179,TX_ANO_VEL_B27D807C,USR_00099,2026-09-19 02:15:30+00:00,VELOCITY_BURST,4,5,8950.0,Synthetic injection: high-velocity burst of 12 tx in 20 mins
ANO_GT_001180,TX_ANO_VEL_00915016,USR_00099,2026-09-19 02:17:30+00:00,VELOCITY_BURST,4,5,8950.0,Synthetic injection: high-velocity burst of 12 tx in 20 mins
ANO_GT_001181,TX_ANO_WTH_BD6BA447,USR_09800,2026-09-10 14:01:25+00:00,RAPID_PASS_THROUGH,5,5,469488.24,"Synthetic injection: rapid deposit-to-withdrawal pass-through (₹469,488.24)"
ANO_GT_001182,TX_ANO_FAL_A3642A71,USR_04263,2026-09-18 10:40:43+00:00,REPEATED_FAILURES,3,4,10000.0,Synthetic injection: repeated failure attempt 1/6
ANO_GT_001183,TX_ANO_FAL_A57D6A0B,USR_04263,2026-09-18 10:43:43+00:00,REPEATED_FAILURES,3,4,10000.0,Synthetic injection: repeated failure attempt 2/6
ANO_GT_001184,TX_ANO_FAL_E9DD41AE,USR_04263,2026-09-18 10:46:43+00:00,REPEATED_FAILURES,3,4,10000.0,Synthetic injection: repeated failure attempt 3/6
ANO_GT_001185,TX_ANO_FAL_DE924BB4,USR_04263,2026-09-18 10:49:43+00:00,REPEATED_FAILURES,3,4,10000.0,Synthetic injection: repeated failure attempt 4/6
ANO_GT_001186,TX_ANO_FAL_55233222,USR_04263,2026-09-18 10:52:43+00:00,REPEATED_FAILURES,3,4,10000.0,Synthetic injection: repeated failure attempt 5/6
ANO_GT_001187,TX_ANO_FAL_B88C6429,USR_04263,2026-09-18 10:55:43+00:00,REPEATED_FAILURES,3,4,10000.0,Synthetic injection: repeated failure attempt 6/6
ANO_GT_001188,TX_ANO_SPK_A84C4D5C,USR_04733,2026-08-10 08:03:45+00:00,BASELINE_SPIKE,4,5,46820.95,"Synthetic injection: extreme baseline value spike (₹46,820.95)"
ANO_GT_001189,TX_ANO_VEL_D60AC13D,USR_05315,2026-08-01 07:17:04+00:00,VELOCITY_BURST,4,5,8950.0,Synthetic injection: high-velocity burst of 11 tx in 20 mins
ANO_GT_001190,TX_ANO_VEL_7C5C7499,USR_05315,2026-08-01 07:19:04+00:00,VELOCITY_BURST,4,5,8950.0,Synthetic injection: high-velocity burst of 11 tx in 20 mins
ANO_GT_001191,TX_ANO_VEL_94F1EE6D,USR_05315,2026-08-01 07:21:04+00:00,VELOCITY_BURST,4,5,8950.0,Synthetic injection: high-velocity burst of 11 tx in 20 mins
ANO_GT_001192,TX_ANO_VEL_7A5462CE,USR_05315,2026-08-01 07:23:04+00:00,VELOCITY_BURST,4,5,8950.0,Synthetic injection: high-velocity burst of 11 tx in 20 mins
ANO_GT_001193,TX_ANO_VEL_3856E57B,USR_05315,2026-08-01 07:25:04+00:00,VELOCITY_BURST,4,5,8950.0,Synthetic injection: high-velocity burst of 11 tx in 20 mins
ANO_GT_001194,TX_ANO_VEL_3DA0237E,USR_05315,2026-08-01 07:27:04+00:00,VELOCITY_BURST,4,5,8950.0,Synthetic injection: high-velocity burst of 11 tx in 20 mins
ANO_GT_001195,TX_ANO_VEL_7E6B71BF,USR_05315,2026-08-01 07:29:04+00:00,VELOCITY_BURST,4,5,8950.0,Synthetic injection: high-velocity burst of 11 tx in 20 mins
ANO_GT_001196,TX_ANO_VEL_4C9962E9,USR_05315,2026-08-01 07:31:04+00:00,VELOCITY_BURST,4,5,8950.0,Synthetic injection: high-velocity burst of 11 tx in 20 mins
ANO_GT_001197,TX_ANO_VEL_4D70BFAE,USR_05315,2026-08-01 07:33:04+00:00,VELOCITY_BURST,4,5,8950.0,Synthetic injection: high-velocity burst of 11 tx in 20 mins
ANO_GT_001198,TX_ANO_VEL_D1DA5F51,USR_05315,2026-08-01 07:35:04+00:00,VELOCITY_BURST,4,5,8950.0,Synthetic injection: high-velocity burst of 11 tx in 20 mins
ANO_GT_001199,TX_ANO_VEL_EEBB8741,USR_05315,2026-08-01 07:37:04+00:00,VELOCITY_BURST,4,5,8950.0,Synthetic injection: high-velocity burst of 11 tx in 20 mins
ANO_GT_001200,TX_ANO_SPK_69585831,USR_08136,2026-08-07 10:45:05+00:00,BASELINE_SPIKE,4,5,36127.04,"Synthetic injection: extreme baseline value spike (₹36,127.04)"
ANO_GT_001201,TX_ANO_SPK_345E0F34,USR_00076,2026-08-18 13:36:12+00:00,BASELINE_SPIKE,4,5,50257.06,"Synthetic injection: extreme baseline value spike (₹50,257.06)"
ANO_GT_001202,TX_ANO_FAL_EC54C6EB,USR_01065,2026-09-04 11:21:09+00:00,REPEATED_FAILURES,3,4,10000.0,Synthetic injection: repeated failure attempt 1/4
ANO_GT_001203,TX_ANO_FAL_2BDBC52D,USR_01065,2026-09-04 11:24:09+00:00,REPEATED_FAILURES,3,4,10000.0,Synthetic injection: repeated failure attempt 2/4
ANO_GT_001204,TX_ANO_FAL_69ACEFF1,USR_01065,2026-09-04 11:27:09+00:00,REPEATED_FAILURES,3,4,10000.0,Synthetic injection: repeated failure attempt 3/4
ANO_GT_001205,TX_ANO_FAL_36256C32,USR_01065,2026-09-04 11:30:09+00:00,REPEATED_FAILURES,3,4,10000.0,Synthetic injection: repeated failure attempt 4/4
ANO_GT_001206,TX_ANO_SPK_BD3103D3,USR_01657,2026-08-09 07:15:15+00:00,BASELINE_SPIKE,4,5,46349.52,"Synthetic injection: extreme baseline value spike (₹46,349.52)"
ANO_GT_001207,TX_ANO_VEL_096A180D,USR_07910,2026-08-23 10:37:49+00:00,VELOCITY_BURST,4,5,8950.0,Synthetic injection: high-velocity burst of 12 tx in 20 mins
ANO_GT_001208,TX_ANO_VEL_39920AE2,USR_07910,2026-08-23 10:39:49+00:00,VELOCITY_BURST,4,5,8950.0,Synthetic injection: high-velocity burst of 12 tx in 20 mins
ANO_GT_001209,TX_ANO_VEL_767F0751,USR_07910,2026-08-23 10:41:49+00:00,VELOCITY_BURST,4,5,8950.0,Synthetic injection: high-velocity burst of 12 tx in 20 mins
ANO_GT_001210,TX_ANO_VEL_7AFDDD53,USR_07910,2026-08-23 10:43:49+00:00,VELOCITY_BURST,4,5,8950.0,Synthetic injection: high-velocity burst of 12 tx in 20 mins
ANO_GT_001211,TX_ANO_VEL_545B6B17,USR_07910,2026-08-23 10:45:49+00:00,VELOCITY_BURST,4,5,8950.0,Synthetic injection: high-velocity burst of 12 tx in 20 mins
ANO_GT_001212,TX_ANO_VEL_986627DC,USR_07910,2026-08-23 10:47:49+00:00,VELOCITY_BURST,4,5,8950.0,Synthetic injection: high-velocity burst of 12 tx in 20 mins
ANO_GT_001213,TX_ANO_VEL_69673820,USR_07910,2026-08-23 10:49:49+00:00,VELOCITY_BURST,4,5,8950.0,Synthetic injection: high-velocity burst of 12 tx in 20 mins
ANO_GT_001214,TX_ANO_VEL_328DA022,USR_07910,2026-08-23 10:51:49+00:00,VELOCITY_BURST,4,5,8950.0,Synthetic injection: high-velocity burst of 12 tx in 20 mins
ANO_GT_001215,TX_ANO_VEL_647B9F19,USR_07910,2026-08-23 10:53:49+00:00,VELOCITY_BURST,4,5,8950.0,Synthetic injection: high-velocity burst of 12 tx in 20 mins
ANO_GT_001216,TX_ANO_VEL_97428D72,USR_07910,2026-08-23 10:55:49+00:00,VELOCITY_BURST,4,5,8950.0,Synthetic injection: high-velocity burst of 12 tx in 20 mins
ANO_GT_001217,TX_ANO_VEL_CF8B09E0,USR_07910,2026-08-23 10:57:49+00:00,VELOCITY_BURST,4,5,8950.0,Synthetic injection: high-velocity burst of 12 tx in 20 mins
ANO_GT_001218,TX_ANO_VEL_5044ABFD,USR_07910,2026-08-23 10:59:49+00:00,VELOCITY_BURST,4,5,8950.0,Synthetic injection: high-velocity burst of 12 tx in 20 mins
ANO_GT_001219,TX_ANO_FAL_3C8ACB2B,USR_05813,2026-08-16 22:18:33+00:00,REPEATED_FAILURES,3,4,10000.0,Synthetic injection: repeated failure attempt 1/5
ANO_GT_001220,TX_ANO_FAL_6431E6B7,USR_05813,2026-08-16 22:21:33+00:00,REPEATED_FAILURES,3,4,10000.0,Synthetic injection: repeated failure attempt 2/5
ANO_GT_001221,TX_ANO_FAL_971B8C82,USR_05813,2026-08-16 22:24:33+00:00,REPEATED_FAILURES,3,4,10000.0,Synthetic injection: repeated failure attempt 3/5
ANO_GT_001222,TX_ANO_FAL_F8538FE6,USR_05813,2026-08-16 22:27:33+00:00,REPEATED_FAILURES,3,4,10000.0,Synthetic injection: repeated failure attempt 4/5
ANO_GT_001223,TX_ANO_FAL_A57CAE01,USR_05813,2026-08-16 22:30:33+00:00,REPEATED_FAILURES,3,4,10000.0,Synthetic injection: repeated failure attempt 5/5
ANO_GT_001224,TX_ANO_VEL_DF57EB22,USR_06799,2026-09-04 02:43:33+00:00,VELOCITY_BURST,4,5,8950.0,Synthetic injection: high-velocity burst of 12 tx in 20 mins
ANO_GT_001225,TX_ANO_VEL_82466980,USR_06799,2026-09-04 02:45:33+00:00,VELOCITY_BURST,4,5,8950.0,Synthetic injection: high-velocity burst of 12 tx in 20 mins
ANO_GT_001226,TX_ANO_VEL_6243632C,USR_06799,2026-09-04 02:47:33+00:00,VELOCITY_BURST,4,5,8950.0,Synthetic injection: high-velocity burst of 12 tx in 20 mins
ANO_GT_001227,TX_ANO_VEL_59B78BAB,USR_06799,2026-09-04 02:49:33+00:00,VELOCITY_BURST,4,5,8950.0,Synthetic injection: high-velocity burst of 12 tx in 20 mins
ANO_GT_001228,TX_ANO_VEL_CD242372,USR_06799,2026-09-04 02:51:33+00:00,VELOCITY_BURST,4,5,8950.0,Synthetic injection: high-velocity burst of 12 tx in 20 mins
ANO_GT_001229,TX_ANO_VEL_9E377A86,USR_06799,2026-09-04 02:53:33+00:00,VELOCITY_BURST,4,5,8950.0,Synthetic injection: high-velocity burst of 12 tx in 20 mins
ANO_GT_001230,TX_ANO_VEL_0B6F0531,USR_06799,2026-09-04 02:55:33+00:00,VELOCITY_BURST,4,5,8950.0,Synthetic injection: high-velocity burst of 12 tx in 20 mins
ANO_GT_001231,TX_ANO_VEL_0D4B8F40,USR_06799,2026-09-04 02:57:33+00:00,VELOCITY_BURST,4,5,8950.0,Synthetic injection: high-velocity burst of 12 tx in 20 mins
ANO_GT_001232,TX_ANO_VEL_E2350E23,USR_06799,2026-09-04 02:59:33+00:00,VELOCITY_BURST,4,5,8950.0,Synthetic injection: high-velocity burst of 12 tx in 20 mins
ANO_GT_001233,TX_ANO_VEL_87D0ADED,USR_06799,2026-09-04 03:01:33+00:00,VELOCITY_BURST,4,5,8950.0,Synthetic injection: high-velocity burst of 12 tx in 20 mins
ANO_GT_001234,TX_ANO_VEL_CCDB48E3,USR_06799,2026-09-04 03:03:33+00:00,VELOCITY_BURST,4,5,8950.0,Synthetic injection: high-velocity burst of 12 tx in 20 mins
ANO_GT_001235,TX_ANO_VEL_B5A41AB9,USR_06799,2026-09-04 03:05:33+00:00,VELOCITY_BURST,4,5,8950.0,Synthetic injection: high-velocity burst of 12 tx in 20 mins
ANO_GT_001236,TX_ANO_FAL_85207501,USR_04246,2026-08-23 10:06:56+00:00,REPEATED_FAILURES,3,4,10000.0,Synthetic injection: repeated failure attempt 1/6
ANO_GT_001237,TX_ANO_FAL_FADD1512,USR_04246,2026-08-23 10:09:56+00:00,REPEATED_FAILURES,3,4,10000.0,Synthetic injection: repeated failure attempt 2/6
ANO_GT_001238,TX_ANO_FAL_10693998,USR_04246,2026-08-23 10:12:56+00:00,REPEATED_FAILURES,3,4,10000.0,Synthetic injection: repeated failure attempt 3/6
ANO_GT_001239,TX_ANO_FAL_F2B5D226,USR_04246,2026-08-23 10:15:56+00:00,REPEATED_FAILURES,3,4,10000.0,Synthetic injection: repeated failure attempt 4/6
ANO_GT_001240,TX_ANO_FAL_4EA66183,USR_04246,2026-08-23 10:18:56+00:00,REPEATED_FAILURES,3,4,10000.0,Synthetic injection: repeated failure attempt 5/6
ANO_GT_001241,TX_ANO_FAL_BD6B2FA3,USR_04246,2026-08-23 10:21:56+00:00,REPEATED_FAILURES,3,4,10000.0,Synthetic injection: repeated failure attempt 6/6
ANO_GT_001242,TX_ANO_SPK_965A450F,USR_05941,2026-08-13 13:08:51+00:00,BASELINE_SPIKE,4,5,30813.22,"Synthetic injection: extreme baseline value spike (₹30,813.22)"
ANO_GT_001243,TX_ANO_WTH_9FD9987B,USR_08854,2026-09-17 11:51:49+00:00,RAPID_PASS_THROUGH,5,5,584792.59,"Synthetic injection: rapid deposit-to-withdrawal pass-through (₹584,792.59)"
ANO_GT_001244,TX_ANO_VEL_2B88026F,USR_00475,2026-08-12 22:25:19+00:00,VELOCITY_BURST,4,5,8950.0,Synthetic injection: high-velocity burst of 11 tx in 20 mins
ANO_GT_001245,TX_ANO_VEL_EA9C6EF2,USR_00475,2026-08-12 22:27:19+00:00,VELOCITY_BURST,4,5,8950.0,Synthetic injection: high-velocity burst of 11 tx in 20 mins
ANO_GT_001246,TX_ANO_VEL_C41402D2,USR_00475,2026-08-12 22:29:19+00:00,VELOCITY_BURST,4,5,8950.0,Synthetic injection: high-velocity burst of 11 tx in 20 mins
ANO_GT_001247,TX_ANO_VEL_AE0F3EDB,USR_00475,2026-08-12 22:31:19+00:00,VELOCITY_BURST,4,5,8950.0,Synthetic injection: high-velocity burst of 11 tx in 20 mins
ANO_GT_001248,TX_ANO_VEL_94719E49,USR_00475,2026-08-12 22:33:19+00:00,VELOCITY_BURST,4,5,8950.0,Synthetic injection: high-velocity burst of 11 tx in 20 mins
ANO_GT_001249,TX_ANO_VEL_1766B0E4,USR_00475,2026-08-12 22:35:19+00:00,VELOCITY_BURST,4,5,8950.0,Synthetic injection: high-velocity burst of 11 tx in 20 mins
ANO_GT_001250,TX_ANO_VEL_6605A533,USR_00475,2026-08-12 22:37:19+00:00,VELOCITY_BURST,4,5,8950.0,Synthetic injection: high-velocity burst of 11 tx in 20 mins
ANO_GT_001251,TX_ANO_VEL_A194BC76,USR_00475,2026-08-12 22:39:19+00:00,VELOCITY_BURST,4,5,8950.0,Synthetic injection: high-velocity burst of 11 tx in 20 mins
ANO_GT_001252,TX_ANO_VEL_F4F88CC7,USR_00475,2026-08-12 22:41:19+00:00,VELOCITY_BURST,4,5,8950.0,Synthetic injection: high-velocity burst of 11 tx in 20 mins
ANO_GT_001253,TX_ANO_VEL_61F64E60,USR_00475,2026-08-12 22:43:19+00:00,VELOCITY_BURST,4,5,8950.0,Synthetic injection: high-velocity burst of 11 tx in 20 mins
ANO_GT_001254,TX_ANO_VEL_6537EDD0,USR_00475,2026-08-12 22:45:19+00:00,VELOCITY_BURST,4,5,8950.0,Synthetic injection: high-velocity burst of 11 tx in 20 mins
ANO_GT_001255,TX_ANO_FEE_FD4C73CA,USR_07187,2026-08-27 20:04:17+00:00,ABNORMAL_FEE,2,4,23345.2,"Synthetic injection: abnormal fee calculation (₹23,345.20)"
ANO_GT_001256,TX_ANO_SPK_FCE29426,USR_07247,2026-09-18 14:40:34+00:00,BASELINE_SPIKE,4,5,47497.23,"Synthetic injection: extreme baseline value spike (₹47,497.23)"
ANO_GT_001257,TX_ANO_SPK_BF0D7C3B,USR_02089,2026-08-18 16:46:29+00:00,BASELINE_SPIKE,4,5,46416.21,"Synthetic injection: extreme baseline value spike (₹46,416.21)"
ANO_GT_001258,TX_ANO_SPK_324A4820,USR_09317,2026-09-05 11:39:20+00:00,BASELINE_SPIKE,4,5,52911.44,"Synthetic injection: extreme baseline value spike (₹52,911.44)"
ANO_GT_001259,TX_ANO_FAL_4040266F,USR_06119,2026-09-14 10:16:10+00:00,REPEATED_FAILURES,3,4,10000.0,Synthetic injection: repeated failure attempt 1/6
ANO_GT_001260,TX_ANO_FAL_386004E0,USR_06119,2026-09-14 10:19:10+00:00,REPEATED_FAILURES,3,4,10000.0,Synthetic injection: repeated failure attempt 2/6
ANO_GT_001261,TX_ANO_FAL_4385DC54,USR_06119,2026-09-14 10:22:10+00:00,REPEATED_FAILURES,3,4,10000.0,Synthetic injection: repeated failure attempt 3/6
ANO_GT_001262,TX_ANO_FAL_2A60B12E,USR_06119,2026-09-14 10:25:10+00:00,REPEATED_FAILURES,3,4,10000.0,Synthetic injection: repeated failure attempt 4/6
ANO_GT_001263,TX_ANO_FAL_47FBD715,USR_06119,2026-09-14 10:28:10+00:00,REPEATED_FAILURES,3,4,10000.0,Synthetic injection: repeated failure attempt 5/6
ANO_GT_001264,TX_ANO_FAL_21E5528F,USR_06119,2026-09-14 10:31:10+00:00,REPEATED_FAILURES,3,4,10000.0,Synthetic injection: repeated failure attempt 6/6
ANO_GT_001265,TX_ANO_VEL_F040AD00,USR_08839,2026-08-29 04:55:41+00:00,VELOCITY_BURST,4,5,8950.0,Synthetic injection: high-velocity burst of 11 tx in 20 mins
ANO_GT_001266,TX_ANO_VEL_44AA5AAB,USR_08839,2026-08-29 04:57:41+00:00,VELOCITY_BURST,4,5,8950.0,Synthetic injection: high-velocity burst of 11 tx in 20 mins
ANO_GT_001267,TX_ANO_VEL_453918C0,USR_08839,2026-08-29 04:59:41+00:00,VELOCITY_BURST,4,5,8950.0,Synthetic injection: high-velocity burst of 11 tx in 20 mins
ANO_GT_001268,TX_ANO_VEL_B2074DAA,USR_08839,2026-08-29 05:01:41+00:00,VELOCITY_BURST,4,5,8950.0,Synthetic injection: high-velocity burst of 11 tx in 20 mins
ANO_GT_001269,TX_ANO_VEL_151A4BDD,USR_08839,2026-08-29 05:03:41+00:00,VELOCITY_BURST,4,5,8950.0,Synthetic injection: high-velocity burst of 11 tx in 20 mins
ANO_GT_001270,TX_ANO_VEL_1E9051A1,USR_08839,2026-08-29 05:05:41+00:00,VELOCITY_BURST,4,5,8950.0,Synthetic injection: high-velocity burst of 11 tx in 20 mins
ANO_GT_001271,TX_ANO_VEL_49175D2C,USR_08839,2026-08-29 05:07:41+00:00,VELOCITY_BURST,4,5,8950.0,Synthetic injection: high-velocity burst of 11 tx in 20 mins
ANO_GT_001272,TX_ANO_VEL_C47CC425,USR_08839,2026-08-29 05:09:41+00:00,VELOCITY_BURST,4,5,8950.0,Synthetic injection: high-velocity burst of 11 tx in 20 mins
ANO_GT_001273,TX_ANO_VEL_187167BD,USR_08839,2026-08-29 05:11:41+00:00,VELOCITY_BURST,4,5,8950.0,Synthetic injection: high-velocity burst of 11 tx in 20 mins
ANO_GT_001274,TX_ANO_VEL_FF06E182,USR_08839,2026-08-29 05:13:41+00:00,VELOCITY_BURST,4,5,8950.0,Synthetic injection: high-velocity burst of 11 tx in 20 mins
ANO_GT_001275,TX_ANO_VEL_769EF725,USR_08839,2026-08-29 05:15:41+00:00,VELOCITY_BURST,4,5,8950.0,Synthetic injection: high-velocity burst of 11 tx in 20 mins
ANO_GT_001276,TX_ANO_WTH_D42620E7,USR_06770,2026-08-19 16:26:13+00:00,RAPID_PASS_THROUGH,5,5,323383.51,"Synthetic injection: rapid deposit-to-withdrawal pass-through (₹323,383.51)"
ANO_GT_001277,TX_ANO_WTH_1797158F,USR_09153,2026-09-05 19:21:00+00:00,RAPID_PASS_THROUGH,5,5,776157.65,"Synthetic injection: rapid deposit-to-withdrawal pass-through (₹776,157.65)"
ANO_GT_001278,TX_ANO_FEE_40298B8B,USR_02022,2026-09-15 18:38:07+00:00,ABNORMAL_FEE,2,4,23377.86,"Synthetic injection: abnormal fee calculation (₹23,377.86)"
ANO_GT_001279,TX_ANO_VEL_15656A4D,USR_01315,2026-08-06 05:52:42+00:00,VELOCITY_BURST,4,5,8950.0,Synthetic injection: high-velocity burst of 8 tx in 20 mins
ANO_GT_001280,TX_ANO_VEL_27CE19F8,USR_01315,2026-08-06 05:54:42+00:00,VELOCITY_BURST,4,5,8950.0,Synthetic injection: high-velocity burst of 8 tx in 20 mins
ANO_GT_001281,TX_ANO_VEL_56837191,USR_01315,2026-08-06 05:56:42+00:00,VELOCITY_BURST,4,5,8950.0,Synthetic injection: high-velocity burst of 8 tx in 20 mins
ANO_GT_001282,TX_ANO_VEL_518CE16A,USR_01315,2026-08-06 05:58:42+00:00,VELOCITY_BURST,4,5,8950.0,Synthetic injection: high-velocity burst of 8 tx in 20 mins
ANO_GT_001283,TX_ANO_VEL_8AC42FD8,USR_01315,2026-08-06 06:00:42+00:00,VELOCITY_BURST,4,5,8950.0,Synthetic injection: high-velocity burst of 8 tx in 20 mins
ANO_GT_001284,TX_ANO_VEL_C61A5525,USR_01315,2026-08-06 06:02:42+00:00,VELOCITY_BURST,4,5,8950.0,Synthetic injection: high-velocity burst of 8 tx in 20 mins
ANO_GT_001285,TX_ANO_VEL_B1868230,USR_01315,2026-08-06 06:04:42+00:00,VELOCITY_BURST,4,5,8950.0,Synthetic injection: high-velocity burst of 8 tx in 20 mins
ANO_GT_001286,TX_ANO_VEL_F575E0B6,USR_01315,2026-08-06 06:06:42+00:00,VELOCITY_BURST,4,5,8950.0,Synthetic injection: high-velocity burst of 8 tx in 20 mins
ANO_GT_001287,TX_ANO_SPK_AA259AA9,USR_02861,2026-09-01 22:32:17+00:00,BASELINE_SPIKE,4,5,34206.34,"Synthetic injection: extreme baseline value spike (₹34,206.34)"
ANO_GT_001288,TX_ANO_FAL_A6F70C1E,USR_06140,2026-09-11 10:45:13+00:00,REPEATED_FAILURES,3,4,10000.0,Synthetic injection: repeated failure attempt 1/6
ANO_GT_001289,TX_ANO_FAL_DA023F00,USR_06140,2026-09-11 10:48:13+00:00,REPEATED_FAILURES,3,4,10000.0,Synthetic injection: repeated failure attempt 2/6
ANO_GT_001290,TX_ANO_FAL_4D5061FC,USR_06140,2026-09-11 10:51:13+00:00,REPEATED_FAILURES,3,4,10000.0,Synthetic injection: repeated failure attempt 3/6
ANO_GT_001291,TX_ANO_FAL_62C87114,USR_06140,2026-09-11 10:54:13+00:00,REPEATED_FAILURES,3,4,10000.0,Synthetic injection: repeated failure attempt 4/6
ANO_GT_001292,TX_ANO_FAL_32B4A52E,USR_06140,2026-09-11 10:57:13+00:00,REPEATED_FAILURES,3,4,10000.0,Synthetic injection: repeated failure attempt 5/6
ANO_GT_001293,TX_ANO_FAL_5F876499,USR_06140,2026-09-11 11:00:13+00:00,REPEATED_FAILURES,3,4,10000.0,Synthetic injection: repeated failure attempt 6/6
ANO_GT_001294,TX_ANO_VEL_EA47B449,USR_05289,2026-09-06 03:24:17+00:00,VELOCITY_BURST,4,5,8950.0,Synthetic injection: high-velocity burst of 8 tx in 20 mins
ANO_GT_001295,TX_ANO_VEL_42E972F3,USR_05289,2026-09-06 03:26:17+00:00,VELOCITY_BURST,4,5,8950.0,Synthetic injection: high-velocity burst of 8 tx in 20 mins
ANO_GT_001296,TX_ANO_VEL_7BD5EA5C,USR_05289,2026-09-06 03:28:17+00:00,VELOCITY_BURST,4,5,8950.0,Synthetic injection: high-velocity burst of 8 tx in 20 mins
ANO_GT_001297,TX_ANO_VEL_BD3D185F,USR_05289,2026-09-06 03:30:17+00:00,VELOCITY_BURST,4,5,8950.0,Synthetic injection: high-velocity burst of 8 tx in 20 mins
ANO_GT_001298,TX_ANO_VEL_5EF83C92,USR_05289,2026-09-06 03:32:17+00:00,VELOCITY_BURST,4,5,8950.0,Synthetic injection: high-velocity burst of 8 tx in 20 mins
ANO_GT_001299,TX_ANO_VEL_613AE911,USR_05289,2026-09-06 03:34:17+00:00,VELOCITY_BURST,4,5,8950.0,Synthetic injection: high-velocity burst of 8 tx in 20 mins
ANO_GT_001300,TX_ANO_VEL_04434819,USR_05289,2026-09-06 03:36:17+00:00,VELOCITY_BURST,4,5,8950.0,Synthetic injection: high-velocity burst of 8 tx in 20 mins
ANO_GT_001301,TX_ANO_VEL_CF8FEDCF,USR_05289,2026-09-06 03:38:17+00:00,VELOCITY_BURST,4,5,8950.0,Synthetic injection: high-velocity burst of 8 tx in 20 mins
ANO_GT_001302,TX_ANO_FAL_3252F592,USR_02401,2026-08-07 09:16:44+00:00,REPEATED_FAILURES,3,4,10000.0,Synthetic injection: repeated failure attempt 1/6
ANO_GT_001303,TX_ANO_FAL_A36DACAD,USR_02401,2026-08-07 09:19:44+00:00,REPEATED_FAILURES,3,4,10000.0,Synthetic injection: repeated failure attempt 2/6
ANO_GT_001304,TX_ANO_FAL_8D5747E3,USR_02401,2026-08-07 09:22:44+00:00,REPEATED_FAILURES,3,4,10000.0,Synthetic injection: repeated failure attempt 3/6
ANO_GT_001305,TX_ANO_FAL_83EAB478,USR_02401,2026-08-07 09:25:44+00:00,REPEATED_FAILURES,3,4,10000.0,Synthetic injection: repeated failure attempt 4/6
ANO_GT_001306,TX_ANO_FAL_71455A2A,USR_02401,2026-08-07 09:28:44+00:00,REPEATED_FAILURES,3,4,10000.0,Synthetic injection: repeated failure attempt 5/6
ANO_GT_001307,TX_ANO_FAL_84132A57,USR_02401,2026-08-07 09:31:44+00:00,REPEATED_FAILURES,3,4,10000.0,Synthetic injection: repeated failure attempt 6/6
ANO_GT_001308,TX_ANO_FEE_D52E02BD,USR_04206,2026-08-24 16:19:36+00:00,ABNORMAL_FEE,2,4,24969.06,"Synthetic injection: abnormal fee calculation (₹24,969.06)"
ANO_GT_001309,TX_ANO_FAL_DBDBE267,USR_06444,2026-09-06 12:12:32+00:00,REPEATED_FAILURES,3,4,10000.0,Synthetic injection: repeated failure attempt 1/4
ANO_GT_001310,TX_ANO_FAL_AE889FBA,USR_06444,2026-09-06 12:15:32+00:00,REPEATED_FAILURES,3,4,10000.0,Synthetic injection: repeated failure attempt 2/4
ANO_GT_001311,TX_ANO_FAL_C1881D63,USR_06444,2026-09-06 12:18:32+00:00,REPEATED_FAILURES,3,4,10000.0,Synthetic injection: repeated failure attempt 3/4
ANO_GT_001312,TX_ANO_FAL_01D55FB2,USR_06444,2026-09-06 12:21:32+00:00,REPEATED_FAILURES,3,4,10000.0,Synthetic injection: repeated failure attempt 4/4
ANO_GT_001313,TX_ANO_FAL_91917115,USR_03937,2026-09-03 01:16:55+00:00,REPEATED_FAILURES,3,4,10000.0,Synthetic injection: repeated failure attempt 1/4
ANO_GT_001314,TX_ANO_FAL_B5B44029,USR_03937,2026-09-03 01:19:55+00:00,REPEATED_FAILURES,3,4,10000.0,Synthetic injection: repeated failure attempt 2/4
ANO_GT_001315,TX_ANO_FAL_565B45D5,USR_03937,2026-09-03 01:22:55+00:00,REPEATED_FAILURES,3,4,10000.0,Synthetic injection: repeated failure attempt 3/4
ANO_GT_001316,TX_ANO_FAL_15C02DE7,USR_03937,2026-09-03 01:25:55+00:00,REPEATED_FAILURES,3,4,10000.0,Synthetic injection: repeated failure attempt 4/4
ANO_GT_001317,TX_ANO_FEE_98BB05DD,USR_00013,2026-09-15 00:57:45+00:00,ABNORMAL_FEE,2,4,20661.24,"Synthetic injection: abnormal fee calculation (₹20,661.24)"
ANO_GT_001318,TX_ANO_FEE_3AAEBC95,USR_07536,2026-08-06 22:41:50+00:00,ABNORMAL_FEE,2,4,25673.2,"Synthetic injection: abnormal fee calculation (₹25,673.20)"
ANO_GT_001319,TX_ANO_FAL_E1BA7939,USR_05847,2026-08-01 23:48:32+00:00,REPEATED_FAILURES,3,4,10000.0,Synthetic injection: repeated failure attempt 1/4
ANO_GT_001320,TX_ANO_FAL_0010A504,USR_05847,2026-08-01 23:51:32+00:00,REPEATED_FAILURES,3,4,10000.0,Synthetic injection: repeated failure attempt 2/4
ANO_GT_001321,TX_ANO_FAL_4E49C380,USR_05847,2026-08-01 23:54:32+00:00,REPEATED_FAILURES,3,4,10000.0,Synthetic injection: repeated failure attempt 3/4
ANO_GT_001322,TX_ANO_FAL_FAEB3EDE,USR_05847,2026-08-01 23:57:32+00:00,REPEATED_FAILURES,3,4,10000.0,Synthetic injection: repeated failure attempt 4/4
ANO_GT_001323,TX_ANO_VEL_9B436AF6,USR_02695,2026-08-09 06:22:55+00:00,VELOCITY_BURST,4,5,8950.0,Synthetic injection: high-velocity burst of 10 tx in 20 mins
ANO_GT_001324,TX_ANO_VEL_F307488A,USR_02695,2026-08-09 06:24:55+00:00,VELOCITY_BURST,4,5,8950.0,Synthetic injection: high-velocity burst of 10 tx in 20 mins
ANO_GT_001325,TX_ANO_VEL_4D456902,USR_02695,2026-08-09 06:26:55+00:00,VELOCITY_BURST,4,5,8950.0,Synthetic injection: high-velocity burst of 10 tx in 20 mins
ANO_GT_001326,TX_ANO_VEL_3201A92A,USR_02695,2026-08-09 06:28:55+00:00,VELOCITY_BURST,4,5,8950.0,Synthetic injection: high-velocity burst of 10 tx in 20 mins
ANO_GT_001327,TX_ANO_VEL_CC2B1E9E,USR_02695,2026-08-09 06:30:55+00:00,VELOCITY_BURST,4,5,8950.0,Synthetic injection: high-velocity burst of 10 tx in 20 mins
ANO_GT_001328,TX_ANO_VEL_3F180793,USR_02695,2026-08-09 06:32:55+00:00,VELOCITY_BURST,4,5,8950.0,Synthetic injection: high-velocity burst of 10 tx in 20 mins
ANO_GT_001329,TX_ANO_VEL_2EC76A1F,USR_02695,2026-08-09 06:34:55+00:00,VELOCITY_BURST,4,5,8950.0,Synthetic injection: high-velocity burst of 10 tx in 20 mins
ANO_GT_001330,TX_ANO_VEL_463724EF,USR_02695,2026-08-09 06:36:55+00:00,VELOCITY_BURST,4,5,8950.0,Synthetic injection: high-velocity burst of 10 tx in 20 mins
ANO_GT_001331,TX_ANO_VEL_A9FFDD08,USR_02695,2026-08-09 06:38:55+00:00,VELOCITY_BURST,4,5,8950.0,Synthetic injection: high-velocity burst of 10 tx in 20 mins
ANO_GT_001332,TX_ANO_VEL_67F1A89B,USR_02695,2026-08-09 06:40:55+00:00,VELOCITY_BURST,4,5,8950.0,Synthetic injection: high-velocity burst of 10 tx in 20 mins
ANO_GT_001333,TX_ANO_WTH_BE100CCC,USR_00978,2026-09-05 06:51:47+00:00,RAPID_PASS_THROUGH,5,5,246390.99,"Synthetic injection: rapid deposit-to-withdrawal pass-through (₹246,390.99)"
ANO_GT_001334,TX_ANO_SPK_EB145CE5,USR_04716,2026-09-12 04:21:26+00:00,BASELINE_SPIKE,4,5,38196.96,"Synthetic injection: extreme baseline value spike (₹38,196.96)"
ANO_GT_001335,TX_ANO_FAL_E5C140B8,USR_00464,2026-08-19 17:24:11+00:00,REPEATED_FAILURES,3,4,10000.0,Synthetic injection: repeated failure attempt 1/6
ANO_GT_001336,TX_ANO_FAL_655801E8,USR_00464,2026-08-19 17:27:11+00:00,REPEATED_FAILURES,3,4,10000.0,Synthetic injection: repeated failure attempt 2/6
ANO_GT_001337,TX_ANO_FAL_347DC9F0,USR_00464,2026-08-19 17:30:11+00:00,REPEATED_FAILURES,3,4,10000.0,Synthetic injection: repeated failure attempt 3/6
ANO_GT_001338,TX_ANO_FAL_21E0BE0D,USR_00464,2026-08-19 17:33:11+00:00,REPEATED_FAILURES,3,4,10000.0,Synthetic injection: repeated failure attempt 4/6
ANO_GT_001339,TX_ANO_FAL_2079C7DA,USR_00464,2026-08-19 17:36:11+00:00,REPEATED_FAILURES,3,4,10000.0,Synthetic injection: repeated failure attempt 5/6
ANO_GT_001340,TX_ANO_FAL_B3002EBB,USR_00464,2026-08-19 17:39:11+00:00,REPEATED_FAILURES,3,4,10000.0,Synthetic injection: repeated failure attempt 6/6
ANO_GT_001341,TX_ANO_SPK_F1C20A4B,USR_03257,2026-09-03 20:28:54+00:00,BASELINE_SPIKE,4,5,31955.11,"Synthetic injection: extreme baseline value spike (₹31,955.11)"
ANO_GT_001342,TX_ANO_FEE_07749401,USR_03857,2026-09-02 08:30:22+00:00,ABNORMAL_FEE,2,4,21066.2,"Synthetic injection: abnormal fee calculation (₹21,066.20)"
ANO_GT_001343,TX_ANO_WTH_65A2FA4C,USR_07552,2026-09-08 14:54:31+00:00,RAPID_PASS_THROUGH,5,5,652971.6,"Synthetic injection: rapid deposit-to-withdrawal pass-through (₹652,971.60)"
ANO_GT_001344,TX_ANO_SPK_F39D7E66,USR_05088,2026-09-09 10:50:40+00:00,BASELINE_SPIKE,4,5,27627.74,"Synthetic injection: extreme baseline value spike (₹27,627.74)"
ANO_GT_001345,TX_ANO_VEL_E06F42DB,USR_02913,2026-08-12 23:08:43+00:00,VELOCITY_BURST,4,5,8950.0,Synthetic injection: high-velocity burst of 12 tx in 20 mins
ANO_GT_001346,TX_ANO_VEL_6B35ABF9,USR_02913,2026-08-12 23:10:43+00:00,VELOCITY_BURST,4,5,8950.0,Synthetic injection: high-velocity burst of 12 tx in 20 mins
ANO_GT_001347,TX_ANO_VEL_332EB187,USR_02913,2026-08-12 23:12:43+00:00,VELOCITY_BURST,4,5,8950.0,Synthetic injection: high-velocity burst of 12 tx in 20 mins
ANO_GT_001348,TX_ANO_VEL_99A437E2,USR_02913,2026-08-12 23:14:43+00:00,VELOCITY_BURST,4,5,8950.0,Synthetic injection: high-velocity burst of 12 tx in 20 mins
ANO_GT_001349,TX_ANO_VEL_D443AC78,USR_02913,2026-08-12 23:16:43+00:00,VELOCITY_BURST,4,5,8950.0,Synthetic injection: high-velocity burst of 12 tx in 20 mins
ANO_GT_001350,TX_ANO_VEL_6CCDF7C5,USR_02913,2026-08-12 23:18:43+00:00,VELOCITY_BURST,4,5,8950.0,Synthetic injection: high-velocity burst of 12 tx in 20 mins
ANO_GT_001351,TX_ANO_VEL_BA671B25,USR_02913,2026-08-12 23:20:43+00:00,VELOCITY_BURST,4,5,8950.0,Synthetic injection: high-velocity burst of 12 tx in 20 mins
ANO_GT_001352,TX_ANO_VEL_DADF8E25,USR_02913,2026-08-12 23:22:43+00:00,VELOCITY_BURST,4,5,8950.0,Synthetic injection: high-velocity burst of 12 tx in 20 mins
ANO_GT_001353,TX_ANO_VEL_5A685997,USR_02913,2026-08-12 23:24:43+00:00,VELOCITY_BURST,4,5,8950.0,Synthetic injection: high-velocity burst of 12 tx in 20 mins
ANO_GT_001354,TX_ANO_VEL_FFA616E5,USR_02913,2026-08-12 23:26:43+00:00,VELOCITY_BURST,4,5,8950.0,Synthetic injection: high-velocity burst of 12 tx in 20 mins
ANO_GT_001355,TX_ANO_VEL_21C55947,USR_02913,2026-08-12 23:28:43+00:00,VELOCITY_BURST,4,5,8950.0,Synthetic injection: high-velocity burst of 12 tx in 20 mins
ANO_GT_001356,TX_ANO_VEL_AA6AB44D,USR_02913,2026-08-12 23:30:43+00:00,VELOCITY_BURST,4,5,8950.0,Synthetic injection: high-velocity burst of 12 tx in 20 mins
ANO_GT_001357,TX_ANO_FAL_0776F48E,USR_02711,2026-09-02 05:09:08+00:00,REPEATED_FAILURES,3,4,10000.0,Synthetic injection: repeated failure attempt 1/4
ANO_GT_001358,TX_ANO_FAL_C48D4458,USR_02711,2026-09-02 05:12:08+00:00,REPEATED_FAILURES,3,4,10000.0,Synthetic injection: repeated failure attempt 2/4
ANO_GT_001359,TX_ANO_FAL_51DB4888,USR_02711,2026-09-02 05:15:08+00:00,REPEATED_FAILURES,3,4,10000.0,Synthetic injection: repeated failure attempt 3/4
ANO_GT_001360,TX_ANO_FAL_BD7CDEB4,USR_02711,2026-09-02 05:18:08+00:00,REPEATED_FAILURES,3,4,10000.0,Synthetic injection: repeated failure attempt 4/4
ANO_GT_001361,TX_ANO_FEE_436EB94A,USR_07335,2026-09-05 07:13:52+00:00,ABNORMAL_FEE,2,4,14852.26,"Synthetic injection: abnormal fee calculation (₹14,852.26)"
ANO_GT_001362,TX_ANO_VEL_13053FCE,USR_01702,2026-08-29 04:53:15+00:00,VELOCITY_BURST,4,5,8950.0,Synthetic injection: high-velocity burst of 9 tx in 20 mins
ANO_GT_001363,TX_ANO_VEL_233B44F5,USR_01702,2026-08-29 04:55:15+00:00,VELOCITY_BURST,4,5,8950.0,Synthetic injection: high-velocity burst of 9 tx in 20 mins
ANO_GT_001364,TX_ANO_VEL_C58328CD,USR_01702,2026-08-29 04:57:15+00:00,VELOCITY_BURST,4,5,8950.0,Synthetic injection: high-velocity burst of 9 tx in 20 mins
ANO_GT_001365,TX_ANO_VEL_9DE630CC,USR_01702,2026-08-29 04:59:15+00:00,VELOCITY_BURST,4,5,8950.0,Synthetic injection: high-velocity burst of 9 tx in 20 mins
ANO_GT_001366,TX_ANO_VEL_77CCCAE9,USR_01702,2026-08-29 05:01:15+00:00,VELOCITY_BURST,4,5,8950.0,Synthetic injection: high-velocity burst of 9 tx in 20 mins
ANO_GT_001367,TX_ANO_VEL_7B304273,USR_01702,2026-08-29 05:03:15+00:00,VELOCITY_BURST,4,5,8950.0,Synthetic injection: high-velocity burst of 9 tx in 20 mins
ANO_GT_001368,TX_ANO_VEL_903B4424,USR_01702,2026-08-29 05:05:15+00:00,VELOCITY_BURST,4,5,8950.0,Synthetic injection: high-velocity burst of 9 tx in 20 mins
ANO_GT_001369,TX_ANO_VEL_8A9DB24D,USR_01702,2026-08-29 05:07:15+00:00,VELOCITY_BURST,4,5,8950.0,Synthetic injection: high-velocity burst of 9 tx in 20 mins
ANO_GT_001370,TX_ANO_VEL_1D25D7D8,USR_01702,2026-08-29 05:09:15+00:00,VELOCITY_BURST,4,5,8950.0,Synthetic injection: high-velocity burst of 9 tx in 20 mins
ANO_GT_001371,TX_ANO_SPK_283E11B2,USR_00982,2026-08-29 11:44:37+00:00,BASELINE_SPIKE,4,5,33993.36,"Synthetic injection: extreme baseline value spike (₹33,993.36)"
ANO_GT_001372,TX_ANO_SPK_4F850E69,USR_08095,2026-09-11 08:05:41+00:00,BASELINE_SPIKE,4,5,28770.05,"Synthetic injection: extreme baseline value spike (₹28,770.05)"
ANO_GT_001373,TX_ANO_VEL_E613CA5E,USR_01116,2026-08-31 02:42:46+00:00,VELOCITY_BURST,4,5,8950.0,Synthetic injection: high-velocity burst of 10 tx in 20 mins
ANO_GT_001374,TX_ANO_VEL_4642A51C,USR_01116,2026-08-31 02:44:46+00:00,VELOCITY_BURST,4,5,8950.0,Synthetic injection: high-velocity burst of 10 tx in 20 mins
ANO_GT_001375,TX_ANO_VEL_5E66D67A,USR_01116,2026-08-31 02:46:46+00:00,VELOCITY_BURST,4,5,8950.0,Synthetic injection: high-velocity burst of 10 tx in 20 mins
ANO_GT_001376,TX_ANO_VEL_0C3CEB82,USR_01116,2026-08-31 02:48:46+00:00,VELOCITY_BURST,4,5,8950.0,Synthetic injection: high-velocity burst of 10 tx in 20 mins
ANO_GT_001377,TX_ANO_VEL_BDE024CA,USR_01116,2026-08-31 02:50:46+00:00,VELOCITY_BURST,4,5,8950.0,Synthetic injection: high-velocity burst of 10 tx in 20 mins
ANO_GT_001378,TX_ANO_VEL_7608BAE8,USR_01116,2026-08-31 02:52:46+00:00,VELOCITY_BURST,4,5,8950.0,Synthetic injection: high-velocity burst of 10 tx in 20 mins
ANO_GT_001379,TX_ANO_VEL_16BAB2A8,USR_01116,2026-08-31 02:54:46+00:00,VELOCITY_BURST,4,5,8950.0,Synthetic injection: high-velocity burst of 10 tx in 20 mins
ANO_GT_001380,TX_ANO_VEL_2AB42E60,USR_01116,2026-08-31 02:56:46+00:00,VELOCITY_BURST,4,5,8950.0,Synthetic injection: high-velocity burst of 10 tx in 20 mins
ANO_GT_001381,TX_ANO_VEL_CF2356FB,USR_01116,2026-08-31 02:58:46+00:00,VELOCITY_BURST,4,5,8950.0,Synthetic injection: high-velocity burst of 10 tx in 20 mins
ANO_GT_001382,TX_ANO_VEL_6391C2B9,USR_01116,2026-08-31 03:00:46+00:00,VELOCITY_BURST,4,5,8950.0,Synthetic injection: high-velocity burst of 10 tx in 20 mins
ANO_GT_001383,TX_ANO_VEL_434F49C9,USR_06043,2026-09-08 17:46:34+00:00,VELOCITY_BURST,4,5,8950.0,Synthetic injection: high-velocity burst of 9 tx in 20 mins
ANO_GT_001384,TX_ANO_VEL_EB1ED04F,USR_06043,2026-09-08 17:48:34+00:00,VELOCITY_BURST,4,5,8950.0,Synthetic injection: high-velocity burst of 9 tx in 20 mins
ANO_GT_001385,TX_ANO_VEL_E3188F5F,USR_06043,2026-09-08 17:50:34+00:00,VELOCITY_BURST,4,5,8950.0,Synthetic injection: high-velocity burst of 9 tx in 20 mins
ANO_GT_001386,TX_ANO_VEL_14B44D8B,USR_06043,2026-09-08 17:52:34+00:00,VELOCITY_BURST,4,5,8950.0,Synthetic injection: high-velocity burst of 9 tx in 20 mins
ANO_GT_001387,TX_ANO_VEL_141EDD92,USR_06043,2026-09-08 17:54:34+00:00,VELOCITY_BURST,4,5,8950.0,Synthetic injection: high-velocity burst of 9 tx in 20 mins
ANO_GT_001388,TX_ANO_VEL_01B3ADE5,USR_06043,2026-09-08 17:56:34+00:00,VELOCITY_BURST,4,5,8950.0,Synthetic injection: high-velocity burst of 9 tx in 20 mins
ANO_GT_001389,TX_ANO_VEL_7827089D,USR_06043,2026-09-08 17:58:34+00:00,VELOCITY_BURST,4,5,8950.0,Synthetic injection: high-velocity burst of 9 tx in 20 mins
ANO_GT_001390,TX_ANO_VEL_E70DBDDA,USR_06043,2026-09-08 18:00:34+00:00,VELOCITY_BURST,4,5,8950.0,Synthetic injection: high-velocity burst of 9 tx in 20 mins
ANO_GT_001391,TX_ANO_VEL_6907E6E6,USR_06043,2026-09-08 18:02:34+00:00,VELOCITY_BURST,4,5,8950.0,Synthetic injection: high-velocity burst of 9 tx in 20 mins
ANO_GT_001392,TX_ANO_VEL_55EBF19B,USR_02861,2026-08-27 16:19:20+00:00,VELOCITY_BURST,4,5,8950.0,Synthetic injection: high-velocity burst of 10 tx in 20 mins
ANO_GT_001393,TX_ANO_VEL_7FA76771,USR_02861,2026-08-27 16:21:20+00:00,VELOCITY_BURST,4,5,8950.0,Synthetic injection: high-velocity burst of 10 tx in 20 mins
ANO_GT_001394,TX_ANO_VEL_D1A6A583,USR_02861,2026-08-27 16:23:20+00:00,VELOCITY_BURST,4,5,8950.0,Synthetic injection: high-velocity burst of 10 tx in 20 mins
ANO_GT_001395,TX_ANO_VEL_DFA66E2D,USR_02861,2026-08-27 16:25:20+00:00,VELOCITY_BURST,4,5,8950.0,Synthetic injection: high-velocity burst of 10 tx in 20 mins
ANO_GT_001396,TX_ANO_VEL_A91B12B4,USR_02861,2026-08-27 16:27:20+00:00,VELOCITY_BURST,4,5,8950.0,Synthetic injection: high-velocity burst of 10 tx in 20 mins
ANO_GT_001397,TX_ANO_VEL_757BEB30,USR_02861,2026-08-27 16:29:20+00:00,VELOCITY_BURST,4,5,8950.0,Synthetic injection: high-velocity burst of 10 tx in 20 mins
ANO_GT_001398,TX_ANO_VEL_3DABEF23,USR_02861,2026-08-27 16:31:20+00:00,VELOCITY_BURST,4,5,8950.0,Synthetic injection: high-velocity burst of 10 tx in 20 mins
ANO_GT_001399,TX_ANO_VEL_2C136963,USR_02861,2026-08-27 16:33:20+00:00,VELOCITY_BURST,4,5,8950.0,Synthetic injection: high-velocity burst of 10 tx in 20 mins
ANO_GT_001400,TX_ANO_VEL_D80B09EF,USR_02861,2026-08-27 16:35:20+00:00,VELOCITY_BURST,4,5,8950.0,Synthetic injection: high-velocity burst of 10 tx in 20 mins
ANO_GT_001401,TX_ANO_VEL_EDB7115E,USR_02861,2026-08-27 16:37:20+00:00,VELOCITY_BURST,4,5,8950.0,Synthetic injection: high-velocity burst of 10 tx in 20 mins
ANO_GT_001402,TX_ANO_VEL_07DA33E7,USR_05010,2026-09-02 19:17:22+00:00,VELOCITY_BURST,4,5,8950.0,Synthetic injection: high-velocity burst of 9 tx in 20 mins
ANO_GT_001403,TX_ANO_VEL_06EBBB87,USR_05010,2026-09-02 19:19:22+00:00,VELOCITY_BURST,4,5,8950.0,Synthetic injection: high-velocity burst of 9 tx in 20 mins
ANO_GT_001404,TX_ANO_VEL_E71CB4FD,USR_05010,2026-09-02 19:21:22+00:00,VELOCITY_BURST,4,5,8950.0,Synthetic injection: high-velocity burst of 9 tx in 20 mins
ANO_GT_001405,TX_ANO_VEL_FA894644,USR_05010,2026-09-02 19:23:22+00:00,VELOCITY_BURST,4,5,8950.0,Synthetic injection: high-velocity burst of 9 tx in 20 mins
ANO_GT_001406,TX_ANO_VEL_A2B81412,USR_05010,2026-09-02 19:25:22+00:00,VELOCITY_BURST,4,5,8950.0,Synthetic injection: high-velocity burst of 9 tx in 20 mins
ANO_GT_001407,TX_ANO_VEL_49BD3812,USR_05010,2026-09-02 19:27:22+00:00,VELOCITY_BURST,4,5,8950.0,Synthetic injection: high-velocity burst of 9 tx in 20 mins
ANO_GT_001408,TX_ANO_VEL_ADEB3F18,USR_05010,2026-09-02 19:29:22+00:00,VELOCITY_BURST,4,5,8950.0,Synthetic injection: high-velocity burst of 9 tx in 20 mins
ANO_GT_001409,TX_ANO_VEL_B819A5EE,USR_05010,2026-09-02 19:31:22+00:00,VELOCITY_BURST,4,5,8950.0,Synthetic injection: high-velocity burst of 9 tx in 20 mins
ANO_GT_001410,TX_ANO_VEL_711A1229,USR_05010,2026-09-02 19:33:22+00:00,VELOCITY_BURST,4,5,8950.0,Synthetic injection: high-velocity burst of 9 tx in 20 mins
ANO_GT_001411,TX_ANO_FAL_1B42FD07,USR_08744,2026-08-21 16:29:55+00:00,REPEATED_FAILURES,3,4,10000.0,Synthetic injection: repeated failure attempt 1/6
ANO_GT_001412,TX_ANO_FAL_B1E4BFFD,USR_08744,2026-08-21 16:32:55+00:00,REPEATED_FAILURES,3,4,10000.0,Synthetic injection: repeated failure attempt 2/6
ANO_GT_001413,TX_ANO_FAL_C8C6F195,USR_08744,2026-08-21 16:35:55+00:00,REPEATED_FAILURES,3,4,10000.0,Synthetic injection: repeated failure attempt 3/6
ANO_GT_001414,TX_ANO_FAL_345AAF75,USR_08744,2026-08-21 16:38:55+00:00,REPEATED_FAILURES,3,4,10000.0,Synthetic injection: repeated failure attempt 4/6
ANO_GT_001415,TX_ANO_FAL_C05A6639,USR_08744,2026-08-21 16:41:55+00:00,REPEATED_FAILURES,3,4,10000.0,Synthetic injection: repeated failure attempt 5/6
ANO_GT_001416,TX_ANO_FAL_0D62613A,USR_08744,2026-08-21 16:44:55+00:00,REPEATED_FAILURES,3,4,10000.0,Synthetic injection: repeated failure attempt 6/6
ANO_GT_001417,TX_ANO_FAL_56ADA7F8,USR_01494,2026-09-11 10:36:44+00:00,REPEATED_FAILURES,3,4,10000.0,Synthetic injection: repeated failure attempt 1/4
ANO_GT_001418,TX_ANO_FAL_C6977E65,USR_01494,2026-09-11 10:39:44+00:00,REPEATED_FAILURES,3,4,10000.0,Synthetic injection: repeated failure attempt 2/4
ANO_GT_001419,TX_ANO_FAL_331C5C9C,USR_01494,2026-09-11 10:42:44+00:00,REPEATED_FAILURES,3,4,10000.0,Synthetic injection: repeated failure attempt 3/4
ANO_GT_001420,TX_ANO_FAL_9CA24F3D,USR_01494,2026-09-11 10:45:44+00:00,REPEATED_FAILURES,3,4,10000.0,Synthetic injection: repeated failure attempt 4/4
ANO_GT_001421,TX_ANO_VEL_42899335,USR_00413,2026-08-10 05:58:52+00:00,VELOCITY_BURST,4,5,8950.0,Synthetic injection: high-velocity burst of 10 tx in 20 mins
ANO_GT_001422,TX_ANO_VEL_61E3DAA7,USR_00413,2026-08-10 06:00:52+00:00,VELOCITY_BURST,4,5,8950.0,Synthetic injection: high-velocity burst of 10 tx in 20 mins
ANO_GT_001423,TX_ANO_VEL_6B367B95,USR_00413,2026-08-10 06:02:52+00:00,VELOCITY_BURST,4,5,8950.0,Synthetic injection: high-velocity burst of 10 tx in 20 mins
ANO_GT_001424,TX_ANO_VEL_CEBECF54,USR_00413,2026-08-10 06:04:52+00:00,VELOCITY_BURST,4,5,8950.0,Synthetic injection: high-velocity burst of 10 tx in 20 mins
ANO_GT_001425,TX_ANO_VEL_59FC4B63,USR_00413,2026-08-10 06:06:52+00:00,VELOCITY_BURST,4,5,8950.0,Synthetic injection: high-velocity burst of 10 tx in 20 mins
ANO_GT_001426,TX_ANO_VEL_F957CF71,USR_00413,2026-08-10 06:08:52+00:00,VELOCITY_BURST,4,5,8950.0,Synthetic injection: high-velocity burst of 10 tx in 20 mins
ANO_GT_001427,TX_ANO_VEL_46ED720F,USR_00413,2026-08-10 06:10:52+00:00,VELOCITY_BURST,4,5,8950.0,Synthetic injection: high-velocity burst of 10 tx in 20 mins
ANO_GT_001428,TX_ANO_VEL_DF4F263E,USR_00413,2026-08-10 06:12:52+00:00,VELOCITY_BURST,4,5,8950.0,Synthetic injection: high-velocity burst of 10 tx in 20 mins
ANO_GT_001429,TX_ANO_VEL_B1E1F6D4,USR_00413,2026-08-10 06:14:52+00:00,VELOCITY_BURST,4,5,8950.0,Synthetic injection: high-velocity burst of 10 tx in 20 mins
ANO_GT_001430,TX_ANO_VEL_61D3207D,USR_00413,2026-08-10 06:16:52+00:00,VELOCITY_BURST,4,5,8950.0,Synthetic injection: high-velocity burst of 10 tx in 20 mins
