incident_id,anomaly_id,transaction_id,user_id,created_at,anomaly_type,severity,likelihood,exposure_inr,priority_score,priority_band,rationale,recommendation,status
INC_67C2E734AA,ANO_245CF0869D,TX_ANO_WTH_D0662C99,USR_05746,2026-09-13 00:11:38+00:00,RAPID_PASS_THROUGH,5,5,794253.47,339.63,P1,"P1 CRITICAL: High-severity RAPID_PASS_THROUGH with substantial financial exposure (₹794,253.47) exceeding risk threshold.",Place temporary 24h withdrawal hold; verify bank account originator name; request source-of-funds declaration.,OPEN
INC_6079896537,ANO_F6EA13375F,TX_ANO_WTH_3CED331C,USR_00442,2026-08-28 16:14:22+00:00,RAPID_PASS_THROUGH,5,5,787405.08,339.41,P1,"P1 CRITICAL: High-severity RAPID_PASS_THROUGH with substantial financial exposure (₹787,405.08) exceeding risk threshold.",Place temporary 24h withdrawal hold; verify bank account originator name; request source-of-funds declaration.,OPEN
INC_967E9D903D,ANO_E3E4058574,TX_ANO_WTH_1797158F,USR_09153,2026-09-05 19:21:00+00:00,RAPID_PASS_THROUGH,5,5,776157.65,339.05,P1,"P1 CRITICAL: High-severity RAPID_PASS_THROUGH with substantial financial exposure (₹776,157.65) exceeding risk threshold.",Place temporary 24h withdrawal hold; verify bank account originator name; request source-of-funds declaration.,OPEN
INC_07AA1B0EB8,ANO_A2C22A1E6A,TX_ANO_WTH_A147C37C,USR_06433,2026-08-22 20:08:02+00:00,RAPID_PASS_THROUGH,5,5,774767.73,339.01,P1,"P1 CRITICAL: High-severity RAPID_PASS_THROUGH with substantial financial exposure (₹774,767.73) exceeding risk threshold.",Place temporary 24h withdrawal hold; verify bank account originator name; request source-of-funds declaration.,OPEN
INC_A9C2F36FC0,ANO_604EC23AC4,TX_ANO_WTH_EABD8162,USR_07088,2026-09-15 06:07:05+00:00,RAPID_PASS_THROUGH,5,5,772557.31,338.94,P1,"P1 CRITICAL: High-severity RAPID_PASS_THROUGH with substantial financial exposure (₹772,557.31) exceeding risk threshold.",Place temporary 24h withdrawal hold; verify bank account originator name; request source-of-funds declaration.,OPEN
INC_170B05D010,ANO_125AF61C99,TX_ANO_WTH_6D549C17,USR_02596,2026-09-18 10:50:29+00:00,RAPID_PASS_THROUGH,5,5,766910.48,338.75,P1,"P1 CRITICAL: High-severity RAPID_PASS_THROUGH with substantial financial exposure (₹766,910.48) exceeding risk threshold.",Place temporary 24h withdrawal hold; verify bank account originator name; request source-of-funds declaration.,OPEN
INC_EBA9B8C01D,ANO_FFEF8830FC,TX_ANO_WTH_EC8D898E,USR_09331,2026-09-03 06:58:00+00:00,RAPID_PASS_THROUGH,5,5,765488.16,338.71,P1,"P1 CRITICAL: High-severity RAPID_PASS_THROUGH with substantial financial exposure (₹765,488.16) exceeding risk threshold.",Place temporary 24h withdrawal hold; verify bank account originator name; request source-of-funds declaration.,OPEN
INC_662B94331A,ANO_138D02C219,TX_ANO_WTH_38E6F44E,USR_00946,2026-08-18 17:38:45+00:00,RAPID_PASS_THROUGH,5,5,763535.6,338.64,P1,"P1 CRITICAL: High-severity RAPID_PASS_THROUGH with substantial financial exposure (₹763,535.60) exceeding risk threshold.",Place temporary 24h withdrawal hold; verify bank account originator name; request source-of-funds declaration.,OPEN
INC_E117DC9FD1,ANO_631EEC9D88,TX_ANO_WTH_98FFD9EF,USR_07767,2026-09-14 20:17:26+00:00,RAPID_PASS_THROUGH,5,5,750976.5,338.23,P1,"P1 CRITICAL: High-severity RAPID_PASS_THROUGH with substantial financial exposure (₹750,976.50) exceeding risk threshold.",Place temporary 24h withdrawal hold; verify bank account originator name; request source-of-funds declaration.,OPEN
INC_19113E8E72,ANO_2DE17319BA,TX_ANO_WTH_7E3C5B6F,USR_05139,2026-08-31 11:12:19+00:00,RAPID_PASS_THROUGH,5,5,748208.56,338.14,P1,"P1 CRITICAL: High-severity RAPID_PASS_THROUGH with substantial financial exposure (₹748,208.56) exceeding risk threshold.",Place temporary 24h withdrawal hold; verify bank account originator name; request source-of-funds declaration.,OPEN
INC_B513A8285F,ANO_FC113F1738,TX_ANO_WTH_D3369432,USR_07169,2026-08-24 08:46:14+00:00,RAPID_PASS_THROUGH,5,5,722248.0,337.25,P1,"P1 CRITICAL: High-severity RAPID_PASS_THROUGH with substantial financial exposure (₹722,248.00) exceeding risk threshold.",Place temporary 24h withdrawal hold; verify bank account originator name; request source-of-funds declaration.,OPEN
INC_F2BE44E348,ANO_A327083E18,TX_ANO_WTH_94DE8B2C,USR_00236,2026-09-09 16:17:56+00:00,RAPID_PASS_THROUGH,5,5,721874.25,337.24,P1,"P1 CRITICAL: High-severity RAPID_PASS_THROUGH with substantial financial exposure (₹721,874.25) exceeding risk threshold.",Place temporary 24h withdrawal hold; verify bank account originator name; request source-of-funds declaration.,OPEN
INC_98CD40E9F7,ANO_A0834E1DF6,TX_ANO_WTH_CB7B04F2,USR_07601,2026-09-19 03:43:59+00:00,RAPID_PASS_THROUGH,5,5,720045.47,337.18,P1,"P1 CRITICAL: High-severity RAPID_PASS_THROUGH with substantial financial exposure (₹720,045.47) exceeding risk threshold.",Place temporary 24h withdrawal hold; verify bank account originator name; request source-of-funds declaration.,OPEN
INC_384093012E,ANO_A6BC11BC40,TX_ANO_WTH_352DA096,USR_08525,2026-08-23 06:45:50+00:00,RAPID_PASS_THROUGH,5,5,694530.31,336.27,P1,"P1 CRITICAL: High-severity RAPID_PASS_THROUGH with substantial financial exposure (₹694,530.31) exceeding risk threshold.",Place temporary 24h withdrawal hold; verify bank account originator name; request source-of-funds declaration.,OPEN
INC_35C801E447,ANO_594BA9CE52,TX_ANO_WTH_ECD5846E,USR_09417,2026-08-14 16:19:49+00:00,RAPID_PASS_THROUGH,5,5,681523.19,335.8,P1,"P1 CRITICAL: High-severity RAPID_PASS_THROUGH with substantial financial exposure (₹681,523.19) exceeding risk threshold.",Place temporary 24h withdrawal hold; verify bank account originator name; request source-of-funds declaration.,OPEN
INC_CD3DD9C940,ANO_32580375F6,TX_ANO_WTH_A7571C7B,USR_01275,2026-08-12 19:03:47+00:00,RAPID_PASS_THROUGH,5,5,681028.92,335.78,P1,"P1 CRITICAL: High-severity RAPID_PASS_THROUGH with substantial financial exposure (₹681,028.92) exceeding risk threshold.",Place temporary 24h withdrawal hold; verify bank account originator name; request source-of-funds declaration.,OPEN
INC_3D492B80AC,ANO_F8B830EC23,TX_ANO_WTH_2A1C1EE3,USR_02375,2026-09-17 03:17:37+00:00,RAPID_PASS_THROUGH,5,5,669854.78,335.37,P1,"P1 CRITICAL: High-severity RAPID_PASS_THROUGH with substantial financial exposure (₹669,854.78) exceeding risk threshold.",Place temporary 24h withdrawal hold; verify bank account originator name; request source-of-funds declaration.,OPEN
INC_4C6DEEE076,ANO_987E6DED05,TX_ANO_WTH_8664B2D3,USR_08857,2026-09-04 18:18:50+00:00,RAPID_PASS_THROUGH,5,5,662727.07,335.1,P1,"P1 CRITICAL: High-severity RAPID_PASS_THROUGH with substantial financial exposure (₹662,727.07) exceeding risk threshold.",Place temporary 24h withdrawal hold; verify bank account originator name; request source-of-funds declaration.,OPEN
INC_95D5EDE26C,ANO_3F7A736C6E,TX_ANO_WTH_E6BB488C,USR_08495,2026-09-10 10:04:13+00:00,RAPID_PASS_THROUGH,5,5,658329.07,334.94,P1,"P1 CRITICAL: High-severity RAPID_PASS_THROUGH with substantial financial exposure (₹658,329.07) exceeding risk threshold.",Place temporary 24h withdrawal hold; verify bank account originator name; request source-of-funds declaration.,OPEN
INC_7B7E5F068E,ANO_6369B5A6A9,TX_ANO_WTH_7ECC1A9C,USR_06525,2026-08-08 06:03:11+00:00,RAPID_PASS_THROUGH,5,5,658060.32,334.93,P1,"P1 CRITICAL: High-severity RAPID_PASS_THROUGH with substantial financial exposure (₹658,060.32) exceeding risk threshold.",Place temporary 24h withdrawal hold; verify bank account originator name; request source-of-funds declaration.,OPEN
INC_1862D3349F,ANO_A6F76F6741,TX_ANO_WTH_65A2FA4C,USR_07552,2026-09-08 14:54:31+00:00,RAPID_PASS_THROUGH,5,5,652971.6,334.73,P1,"P1 CRITICAL: High-severity RAPID_PASS_THROUGH with substantial financial exposure (₹652,971.60) exceeding risk threshold.",Place temporary 24h withdrawal hold; verify bank account originator name; request source-of-funds declaration.,OPEN
INC_78DE98E6BC,ANO_FCB9CACB71,TX_ANO_WTH_34F19313,USR_06947,2026-09-06 20:58:32+00:00,RAPID_PASS_THROUGH,5,5,642553.01,334.33,P1,"P1 CRITICAL: High-severity RAPID_PASS_THROUGH with substantial financial exposure (₹642,553.01) exceeding risk threshold.",Place temporary 24h withdrawal hold; verify bank account originator name; request source-of-funds declaration.,OPEN
INC_5452423DA5,ANO_A1985D8D81,TX_ANO_WTH_9FD9987B,USR_08854,2026-09-17 11:51:49+00:00,RAPID_PASS_THROUGH,5,5,584792.59,331.98,P1,"P1 CRITICAL: High-severity RAPID_PASS_THROUGH with substantial financial exposure (₹584,792.59) exceeding risk threshold.",Place temporary 24h withdrawal hold; verify bank account originator name; request source-of-funds declaration.,OPEN
INC_6405AD1551,ANO_6BAAF1C176,TX_ANO_WTH_83A0E104,USR_03275,2026-08-31 05:25:55+00:00,RAPID_PASS_THROUGH,5,5,563823.55,331.06,P1,"P1 CRITICAL: High-severity RAPID_PASS_THROUGH with substantial financial exposure (₹563,823.55) exceeding risk threshold.",Place temporary 24h withdrawal hold; verify bank account originator name; request source-of-funds declaration.,OPEN
INC_C31248CF41,ANO_90A987CA72,TX_ANO_WTH_D08CC9B1,USR_06308,2026-08-13 11:31:31+00:00,RAPID_PASS_THROUGH,5,5,560625.61,330.92,P1,"P1 CRITICAL: High-severity RAPID_PASS_THROUGH with substantial financial exposure (₹560,625.61) exceeding risk threshold.",Place temporary 24h withdrawal hold; verify bank account originator name; request source-of-funds declaration.,OPEN
INC_05EA005345,ANO_035678FEF6,TX_ANO_WTH_EAE3FCB7,USR_08559,2026-08-27 01:02:20+00:00,RAPID_PASS_THROUGH,5,5,539925.1,329.98,P1,"P1 CRITICAL: High-severity RAPID_PASS_THROUGH with substantial financial exposure (₹539,925.10) exceeding risk threshold.",Place temporary 24h withdrawal hold; verify bank account originator name; request source-of-funds declaration.,OPEN
INC_A44AB6F387,ANO_91DD145E7D,TX_ANO_WTH_785C0DC4,USR_03863,2026-08-18 08:55:35+00:00,RAPID_PASS_THROUGH,5,5,520706.92,329.07,P1,"P1 CRITICAL: High-severity RAPID_PASS_THROUGH with substantial financial exposure (₹520,706.92) exceeding risk threshold.",Place temporary 24h withdrawal hold; verify bank account originator name; request source-of-funds declaration.,OPEN
INC_1DBCF6FBEA,ANO_73CE969ECD,TX_ANO_WTH_D0F7BE39,USR_04824,2026-08-19 13:22:09+00:00,RAPID_PASS_THROUGH,5,5,488547.29,327.48,P1,"P1 CRITICAL: High-severity RAPID_PASS_THROUGH with substantial financial exposure (₹488,547.29) exceeding risk threshold.",Place temporary 24h withdrawal hold; verify bank account originator name; request source-of-funds declaration.,OPEN
INC_FEAA97C4F2,ANO_1A85D96575,TX_ANO_WTH_A374723B,USR_09537,2026-09-04 18:41:53+00:00,RAPID_PASS_THROUGH,5,5,479346.66,327.0,P1,"P1 CRITICAL: High-severity RAPID_PASS_THROUGH with substantial financial exposure (₹479,346.66) exceeding risk threshold.",Place temporary 24h withdrawal hold; verify bank account originator name; request source-of-funds declaration.,OPEN
INC_D1D8FF3581,ANO_127D8104DE,TX_ANO_WTH_BD6BA447,USR_09800,2026-09-10 14:01:25+00:00,RAPID_PASS_THROUGH,5,5,469488.24,326.49,P1,"P1 CRITICAL: High-severity RAPID_PASS_THROUGH with substantial financial exposure (₹469,488.24) exceeding risk threshold.",Place temporary 24h withdrawal hold; verify bank account originator name; request source-of-funds declaration.,OPEN
INC_50C810A545,ANO_91653AD48A,TX_ANO_WTH_AEAB422F,USR_08163,2026-09-09 07:32:45+00:00,RAPID_PASS_THROUGH,5,5,465480.59,326.27,P1,"P1 CRITICAL: High-severity RAPID_PASS_THROUGH with substantial financial exposure (₹465,480.59) exceeding risk threshold.",Place temporary 24h withdrawal hold; verify bank account originator name; request source-of-funds declaration.,OPEN
INC_7CA1F4292A,ANO_680F712676,TX_ANO_WTH_90C67B19,USR_02782,2026-09-10 15:01:28+00:00,RAPID_PASS_THROUGH,5,5,460412.91,326.0,P1,"P1 CRITICAL: High-severity RAPID_PASS_THROUGH with substantial financial exposure (₹460,412.91) exceeding risk threshold.",Place temporary 24h withdrawal hold; verify bank account originator name; request source-of-funds declaration.,OPEN
INC_0F43AD3EF3,ANO_A0645EEF0E,TX_ANO_WTH_8CFB74BC,USR_04822,2026-08-22 06:15:36+00:00,RAPID_PASS_THROUGH,5,5,459238.53,325.93,P1,"P1 CRITICAL: High-severity RAPID_PASS_THROUGH with substantial financial exposure (₹459,238.53) exceeding risk threshold.",Place temporary 24h withdrawal hold; verify bank account originator name; request source-of-funds declaration.,OPEN
INC_EF4C1D5F26,ANO_E516E88803,TX_ANO_WTH_A31068B7,USR_02047,2026-08-26 10:10:36+00:00,RAPID_PASS_THROUGH,5,5,451148.66,325.49,P1,"P1 CRITICAL: High-severity RAPID_PASS_THROUGH with substantial financial exposure (₹451,148.66) exceeding risk threshold.",Place temporary 24h withdrawal hold; verify bank account originator name; request source-of-funds declaration.,OPEN
INC_B6A2B8A3EE,ANO_C6CCB0ED12,TX_ANO_WTH_CFF3E0E6,USR_09643,2026-09-09 07:07:42+00:00,RAPID_PASS_THROUGH,5,5,436852.41,324.68,P1,"P1 CRITICAL: High-severity RAPID_PASS_THROUGH with substantial financial exposure (₹436,852.41) exceeding risk threshold.",Place temporary 24h withdrawal hold; verify bank account originator name; request source-of-funds declaration.,OPEN
INC_0E1170EB2B,ANO_C716CB86BB,TX_ANO_WTH_B92173E1,USR_06435,2026-09-09 09:48:45+00:00,RAPID_PASS_THROUGH,5,5,428287.89,324.19,P1,"P1 CRITICAL: High-severity RAPID_PASS_THROUGH with substantial financial exposure (₹428,287.89) exceeding risk threshold.",Place temporary 24h withdrawal hold; verify bank account originator name; request source-of-funds declaration.,OPEN
INC_26F68F123C,ANO_DEBFAAFA4C,TX_ANO_WTH_E9DB27EC,USR_06820,2026-08-11 22:22:14+00:00,RAPID_PASS_THROUGH,5,5,402274.68,322.62,P1,"P1 CRITICAL: High-severity RAPID_PASS_THROUGH with substantial financial exposure (₹402,274.68) exceeding risk threshold.",Place temporary 24h withdrawal hold; verify bank account originator name; request source-of-funds declaration.,OPEN
INC_01E108EE1F,ANO_9F6C0916AC,TX_ANO_WTH_2EEED606,USR_01575,2026-09-02 08:52:10+00:00,RAPID_PASS_THROUGH,5,5,401580.02,322.58,P1,"P1 CRITICAL: High-severity RAPID_PASS_THROUGH with substantial financial exposure (₹401,580.02) exceeding risk threshold.",Place temporary 24h withdrawal hold; verify bank account originator name; request source-of-funds declaration.,OPEN
INC_1EB8E36A12,ANO_0F7D01459B,TX_ANO_WTH_23F146E8,USR_01201,2026-09-15 15:47:53+00:00,RAPID_PASS_THROUGH,5,5,400530.57,322.51,P1,"P1 CRITICAL: High-severity RAPID_PASS_THROUGH with substantial financial exposure (₹400,530.57) exceeding risk threshold.",Place temporary 24h withdrawal hold; verify bank account originator name; request source-of-funds declaration.,OPEN
INC_0CB19B258E,ANO_EDFA2AFF5E,TX_ANO_WTH_D1235F21,USR_05786,2026-08-10 16:54:15+00:00,RAPID_PASS_THROUGH,5,5,395656.5,322.21,P1,"P1 CRITICAL: High-severity RAPID_PASS_THROUGH with substantial financial exposure (₹395,656.50) exceeding risk threshold.",Place temporary 24h withdrawal hold; verify bank account originator name; request source-of-funds declaration.,OPEN
INC_E6007CF328,ANO_86184C7A68,TX_ANO_WTH_C8C95CFB,USR_07916,2026-08-12 22:51:05+00:00,RAPID_PASS_THROUGH,5,5,385431.74,321.55,P1,"P1 CRITICAL: High-severity RAPID_PASS_THROUGH with substantial financial exposure (₹385,431.74) exceeding risk threshold.",Place temporary 24h withdrawal hold; verify bank account originator name; request source-of-funds declaration.,OPEN
INC_9331ED320C,ANO_C787FE8E70,TX_ANO_WTH_70D1CAFA,USR_03355,2026-09-18 18:07:20+00:00,RAPID_PASS_THROUGH,5,5,379159.34,321.14,P1,"P1 CRITICAL: High-severity RAPID_PASS_THROUGH with substantial financial exposure (₹379,159.34) exceeding risk threshold.",Place temporary 24h withdrawal hold; verify bank account originator name; request source-of-funds declaration.,OPEN
INC_C7F0356A8F,ANO_96A5B511DA,TX_ANO_WTH_0D89DF9C,USR_02013,2026-08-13 16:58:34+00:00,RAPID_PASS_THROUGH,5,5,377374.94,321.02,P1,"P1 CRITICAL: High-severity RAPID_PASS_THROUGH with substantial financial exposure (₹377,374.94) exceeding risk threshold.",Place temporary 24h withdrawal hold; verify bank account originator name; request source-of-funds declaration.,OPEN
INC_044EB3B3CE,ANO_FDAB369EF8,TX_ANO_WTH_7FBAAE86,USR_07704,2026-08-21 18:56:38+00:00,RAPID_PASS_THROUGH,5,5,348954.74,319.07,P1,"P1 CRITICAL: High-severity RAPID_PASS_THROUGH with substantial financial exposure (₹348,954.74) exceeding risk threshold.",Place temporary 24h withdrawal hold; verify bank account originator name; request source-of-funds declaration.,OPEN
INC_232F9505B0,ANO_91C49C33F5,TX_ANO_WTH_45C074AA,USR_02250,2026-09-14 04:02:56+00:00,RAPID_PASS_THROUGH,5,5,335781.19,318.11,P1,"P1 CRITICAL: High-severity RAPID_PASS_THROUGH with substantial financial exposure (₹335,781.19) exceeding risk threshold.",Place temporary 24h withdrawal hold; verify bank account originator name; request source-of-funds declaration.,OPEN
INC_CCB1B28F85,ANO_8EE0C8EE7D,TX_ANO_WTH_FD280FC4,USR_03955,2026-08-30 14:41:51+00:00,RAPID_PASS_THROUGH,5,5,334480.01,318.01,P1,"P1 CRITICAL: High-severity RAPID_PASS_THROUGH with substantial financial exposure (₹334,480.01) exceeding risk threshold.",Place temporary 24h withdrawal hold; verify bank account originator name; request source-of-funds declaration.,OPEN
INC_94D543F692,ANO_B5D4C346F7,TX_ANO_WTH_D42620E7,USR_06770,2026-08-19 16:26:13+00:00,RAPID_PASS_THROUGH,5,5,323383.51,317.16,P1,"P1 CRITICAL: High-severity RAPID_PASS_THROUGH with substantial financial exposure (₹323,383.51) exceeding risk threshold.",Place temporary 24h withdrawal hold; verify bank account originator name; request source-of-funds declaration.,OPEN
INC_6A69744DAC,ANO_740B144497,TX_ANO_WTH_90E377B4,USR_08102,2026-08-04 10:17:20+00:00,RAPID_PASS_THROUGH,5,5,303037.28,315.54,P1,"P1 CRITICAL: High-severity RAPID_PASS_THROUGH with substantial financial exposure (₹303,037.28) exceeding risk threshold.",Place temporary 24h withdrawal hold; verify bank account originator name; request source-of-funds declaration.,OPEN
INC_F1F7F6B8B2,ANO_4B89DDFC10,TX_ANO_WTH_E6B422E4,USR_03668,2026-09-05 17:27:28+00:00,RAPID_PASS_THROUGH,5,5,301026.07,315.37,P1,"P1 CRITICAL: High-severity RAPID_PASS_THROUGH with substantial financial exposure (₹301,026.07) exceeding risk threshold.",Place temporary 24h withdrawal hold; verify bank account originator name; request source-of-funds declaration.,OPEN
INC_83F32F38D3,ANO_69AEBB630B,TX_ANO_WTH_175AEE82,USR_03792,2026-08-07 07:30:46+00:00,RAPID_PASS_THROUGH,5,5,291716.68,314.59,P1,"P1 CRITICAL: High-severity RAPID_PASS_THROUGH with substantial financial exposure (₹291,716.68) exceeding risk threshold.",Place temporary 24h withdrawal hold; verify bank account originator name; request source-of-funds declaration.,OPEN
INC_19D99685C5,ANO_F93531F47D,TX_ANO_WTH_17CCB5AF,USR_04706,2026-08-16 16:52:17+00:00,RAPID_PASS_THROUGH,5,5,280988.48,313.65,P1,"P1 CRITICAL: High-severity RAPID_PASS_THROUGH with substantial financial exposure (₹280,988.48) exceeding risk threshold.",Place temporary 24h withdrawal hold; verify bank account originator name; request source-of-funds declaration.,OPEN
INC_A1CF87F8EC,ANO_F4D7957D18,TX_ANO_WTH_9D3B9D14,USR_08251,2026-08-04 20:09:12+00:00,RAPID_PASS_THROUGH,5,5,279999.77,313.56,P1,"P1 CRITICAL: High-severity RAPID_PASS_THROUGH with substantial financial exposure (₹279,999.77) exceeding risk threshold.",Place temporary 24h withdrawal hold; verify bank account originator name; request source-of-funds declaration.,OPEN
INC_287F0DD9FC,ANO_DCFAECA32E,TX_ANO_WTH_29F3833C,USR_01389,2026-08-02 23:11:19+00:00,RAPID_PASS_THROUGH,5,5,259638.54,311.68,P1,"P1 CRITICAL: High-severity RAPID_PASS_THROUGH with substantial financial exposure (₹259,638.54) exceeding risk threshold.",Place temporary 24h withdrawal hold; verify bank account originator name; request source-of-funds declaration.,OPEN
INC_19AC58E5F8,ANO_58C0584B17,TX_ANO_WTH_5A4BFBAE,USR_00428,2026-09-07 14:33:24+00:00,RAPID_PASS_THROUGH,5,5,252969.16,311.03,P1,"P1 CRITICAL: High-severity RAPID_PASS_THROUGH with substantial financial exposure (₹252,969.16) exceeding risk threshold.",Place temporary 24h withdrawal hold; verify bank account originator name; request source-of-funds declaration.,OPEN
INC_DAC5FDA5B8,ANO_0CFE093D36,TX_ANO_WTH_BE100CCC,USR_00978,2026-09-05 06:51:47+00:00,RAPID_PASS_THROUGH,5,5,246390.99,310.37,P1,"P1 CRITICAL: High-severity RAPID_PASS_THROUGH with substantial financial exposure (₹246,390.99) exceeding risk threshold.",Place temporary 24h withdrawal hold; verify bank account originator name; request source-of-funds declaration.,OPEN
INC_2C3CAC12AD,ANO_E1CA8E6A56,TX_ANO_WTH_6F239222,USR_07388,2026-08-17 06:46:31+00:00,RAPID_PASS_THROUGH,5,5,243595.31,310.08,P1,"P1 CRITICAL: High-severity RAPID_PASS_THROUGH with substantial financial exposure (₹243,595.31) exceeding risk threshold.",Place temporary 24h withdrawal hold; verify bank account originator name; request source-of-funds declaration.,OPEN
INC_86E60B9A3B,ANO_DDEEDC1920,TX_ANO_WTH_257B770E,USR_07326,2026-08-11 18:06:12+00:00,RAPID_PASS_THROUGH,5,5,208476.48,306.19,P1,"P1 CRITICAL: High-severity RAPID_PASS_THROUGH with substantial financial exposure (₹208,476.48) exceeding risk threshold.",Place temporary 24h withdrawal hold; verify bank account originator name; request source-of-funds declaration.,OPEN
INC_97E21F0587,ANO_9408D7D294,TX_4A4EC422E0DB,USR_06699,2026-09-19 00:24:21+00:00,RAPID_PASS_THROUGH,5,5,72656.12,279.84,P1,"P1 CRITICAL: High-severity RAPID_PASS_THROUGH with substantial financial exposure (₹72,656.12) exceeding risk threshold.",Place temporary 24h withdrawal hold; verify bank account originator name; request source-of-funds declaration.,OPEN
INC_182339527C,ANO_BB6903655A,TX_51777A301812,USR_09590,2026-09-11 08:57:35+00:00,RAPID_PASS_THROUGH,5,5,72294.94,279.71,P1,"P1 CRITICAL: High-severity RAPID_PASS_THROUGH with substantial financial exposure (₹72,294.94) exceeding risk threshold.",Place temporary 24h withdrawal hold; verify bank account originator name; request source-of-funds declaration.,OPEN
INC_43C451D2FD,ANO_892ABDE693,TX_39BF5F8CAC5F,USR_02668,2026-08-11 17:16:02+00:00,RAPID_PASS_THROUGH,5,5,71956.26,279.6,P1,"P1 CRITICAL: High-severity RAPID_PASS_THROUGH with substantial financial exposure (₹71,956.26) exceeding risk threshold.",Place temporary 24h withdrawal hold; verify bank account originator name; request source-of-funds declaration.,OPEN
INC_4D72D799D0,ANO_7D48C5C8D0,TX_06079265A4A2,USR_01837,2026-09-10 17:37:55+00:00,RAPID_PASS_THROUGH,5,5,59924.46,275.02,P1,"P1 CRITICAL: High-severity RAPID_PASS_THROUGH with substantial financial exposure (₹59,924.46) exceeding risk threshold.",Place temporary 24h withdrawal hold; verify bank account originator name; request source-of-funds declaration.,OPEN
INC_A6D4515B6C,ANO_15F824B150,TX_1B30DDDB87EE,USR_07517,2026-08-03 19:07:23+00:00,BASELINE_SPIKE,4,5,934294.95,274.95,P1,"P1 CRITICAL: High-severity BASELINE_SPIKE with substantial financial exposure (₹934,294.95) exceeding risk threshold.",Initiate outbound phone verification; inspect recent device IP and 2FA changes; check order book liquidity depth.,OPEN
INC_21354A132D,ANO_5D21681462,TX_E7E69067AD0D,USR_00938,2026-08-28 10:57:01+00:00,RAPID_PASS_THROUGH,5,5,59559.2,274.87,P1,"P1 CRITICAL: High-severity RAPID_PASS_THROUGH with substantial financial exposure (₹59,559.20) exceeding risk threshold.",Place temporary 24h withdrawal hold; verify bank account originator name; request source-of-funds declaration.,OPEN
INC_F0756751D3,ANO_950A1EF6F7,TX_01A83C92C031,USR_08152,2026-08-23 19:54:50+00:00,RAPID_PASS_THROUGH,5,5,55036.18,272.89,P1,"P1 CRITICAL: High-severity RAPID_PASS_THROUGH with substantial financial exposure (₹55,036.18) exceeding risk threshold.",Place temporary 24h withdrawal hold; verify bank account originator name; request source-of-funds declaration.,OPEN
INC_086FC8FB48,ANO_E6A76EE675,TX_FDAA67996375,USR_06143,2026-08-25 00:42:21+00:00,RAPID_PASS_THROUGH,5,5,53156.84,272.03,P1,"P1 CRITICAL: High-severity RAPID_PASS_THROUGH with substantial financial exposure (₹53,156.84) exceeding risk threshold.",Place temporary 24h withdrawal hold; verify bank account originator name; request source-of-funds declaration.,OPEN
INC_A918C31965,ANO_E0DD003CAA,TX_ANO_DEP_10BD4B2C,USR_05746,2026-09-13 00:07:38+00:00,BASELINE_SPIKE,4,5,794253.47,271.7,P1,"P1 CRITICAL: High-severity BASELINE_SPIKE with substantial financial exposure (₹794,253.47) exceeding risk threshold.",Initiate outbound phone verification; inspect recent device IP and 2FA changes; check order book liquidity depth.,OPEN
INC_C976AF9016,ANO_C6C2269688,TX_ANO_WTH_D0662C99,USR_05746,2026-09-13 00:11:38+00:00,BASELINE_SPIKE,4,5,794253.47,271.7,P1,"P1 CRITICAL: High-severity BASELINE_SPIKE with substantial financial exposure (₹794,253.47) exceeding risk threshold.",Initiate outbound phone verification; inspect recent device IP and 2FA changes; check order book liquidity depth.,OPEN
INC_EAF9DF031F,ANO_3C449A171C,TX_ANO_DEP_3D668D24,USR_00442,2026-08-28 16:07:22+00:00,BASELINE_SPIKE,4,5,787405.08,271.53,P1,"P1 CRITICAL: High-severity BASELINE_SPIKE with substantial financial exposure (₹787,405.08) exceeding risk threshold.",Initiate outbound phone verification; inspect recent device IP and 2FA changes; check order book liquidity depth.,OPEN
INC_6F9EBBBCCF,ANO_8237AD6082,TX_ANO_WTH_3CED331C,USR_00442,2026-08-28 16:14:22+00:00,BASELINE_SPIKE,4,5,787405.08,271.53,P1,"P1 CRITICAL: High-severity BASELINE_SPIKE with substantial financial exposure (₹787,405.08) exceeding risk threshold.",Initiate outbound phone verification; inspect recent device IP and 2FA changes; check order book liquidity depth.,OPEN
INC_08D224C1CD,ANO_61B6E529DF,TX_ANO_DEP_C8CA8106,USR_09153,2026-09-05 19:17:00+00:00,BASELINE_SPIKE,4,5,776157.65,271.24,P1,"P1 CRITICAL: High-severity BASELINE_SPIKE with substantial financial exposure (₹776,157.65) exceeding risk threshold.",Initiate outbound phone verification; inspect recent device IP and 2FA changes; check order book liquidity depth.,OPEN
INC_EDBCE1FBF4,ANO_F32AAEBE9E,TX_ANO_WTH_1797158F,USR_09153,2026-09-05 19:21:00+00:00,BASELINE_SPIKE,4,5,776157.65,271.24,P1,"P1 CRITICAL: High-severity BASELINE_SPIKE with substantial financial exposure (₹776,157.65) exceeding risk threshold.",Initiate outbound phone verification; inspect recent device IP and 2FA changes; check order book liquidity depth.,OPEN
INC_7D67062D30,ANO_FF0DAFFD61,TX_ANO_DEP_8F05B2F7,USR_06433,2026-08-22 20:03:02+00:00,BASELINE_SPIKE,4,5,774767.73,271.21,P1,"P1 CRITICAL: High-severity BASELINE_SPIKE with substantial financial exposure (₹774,767.73) exceeding risk threshold.",Initiate outbound phone verification; inspect recent device IP and 2FA changes; check order book liquidity depth.,OPEN
INC_8540339D65,ANO_2264F550AC,TX_ANO_WTH_A147C37C,USR_06433,2026-08-22 20:08:02+00:00,BASELINE_SPIKE,4,5,774767.73,271.21,P1,"P1 CRITICAL: High-severity BASELINE_SPIKE with substantial financial exposure (₹774,767.73) exceeding risk threshold.",Initiate outbound phone verification; inspect recent device IP and 2FA changes; check order book liquidity depth.,OPEN
INC_222843BF0F,ANO_E0F7355843,TX_ANO_DEP_D8B5C68B,USR_07088,2026-09-15 06:03:05+00:00,BASELINE_SPIKE,4,5,772557.31,271.15,P1,"P1 CRITICAL: High-severity BASELINE_SPIKE with substantial financial exposure (₹772,557.31) exceeding risk threshold.",Initiate outbound phone verification; inspect recent device IP and 2FA changes; check order book liquidity depth.,OPEN
INC_B5E5CAF63D,ANO_CC57070E67,TX_ANO_WTH_EABD8162,USR_07088,2026-09-15 06:07:05+00:00,BASELINE_SPIKE,4,5,772557.31,271.15,P1,"P1 CRITICAL: High-severity BASELINE_SPIKE with substantial financial exposure (₹772,557.31) exceeding risk threshold.",Initiate outbound phone verification; inspect recent device IP and 2FA changes; check order book liquidity depth.,OPEN
INC_89AFDFF7ED,ANO_275FB72E1E,TX_ANO_DEP_5EEAF834,USR_02596,2026-09-18 10:45:29+00:00,BASELINE_SPIKE,4,5,766910.48,271.0,P1,"P1 CRITICAL: High-severity BASELINE_SPIKE with substantial financial exposure (₹766,910.48) exceeding risk threshold.",Initiate outbound phone verification; inspect recent device IP and 2FA changes; check order book liquidity depth.,OPEN
INC_F703EA54C0,ANO_450DAFBE10,TX_ANO_WTH_6D549C17,USR_02596,2026-09-18 10:50:29+00:00,BASELINE_SPIKE,4,5,766910.48,271.0,P1,"P1 CRITICAL: High-severity BASELINE_SPIKE with substantial financial exposure (₹766,910.48) exceeding risk threshold.",Initiate outbound phone verification; inspect recent device IP and 2FA changes; check order book liquidity depth.,OPEN
INC_59019A242D,ANO_D2CBC4654D,TX_ANO_DEP_566876D1,USR_09331,2026-09-03 06:55:00+00:00,BASELINE_SPIKE,4,5,765488.16,270.97,P1,"P1 CRITICAL: High-severity BASELINE_SPIKE with substantial financial exposure (₹765,488.16) exceeding risk threshold.",Initiate outbound phone verification; inspect recent device IP and 2FA changes; check order book liquidity depth.,OPEN
INC_32E89DBA9B,ANO_2B6F07A80A,TX_ANO_WTH_EC8D898E,USR_09331,2026-09-03 06:58:00+00:00,BASELINE_SPIKE,4,5,765488.16,270.97,P1,"P1 CRITICAL: High-severity BASELINE_SPIKE with substantial financial exposure (₹765,488.16) exceeding risk threshold.",Initiate outbound phone verification; inspect recent device IP and 2FA changes; check order book liquidity depth.,OPEN
INC_C6593AC27D,ANO_82FC17520E,TX_ANO_DEP_FE56559C,USR_00946,2026-08-18 17:28:45+00:00,BASELINE_SPIKE,4,5,763535.6,270.91,P1,"P1 CRITICAL: High-severity BASELINE_SPIKE with substantial financial exposure (₹763,535.60) exceeding risk threshold.",Initiate outbound phone verification; inspect recent device IP and 2FA changes; check order book liquidity depth.,OPEN
INC_C51FA85939,ANO_ACC7B092B9,TX_ANO_WTH_38E6F44E,USR_00946,2026-08-18 17:38:45+00:00,BASELINE_SPIKE,4,5,763535.6,270.91,P1,"P1 CRITICAL: High-severity BASELINE_SPIKE with substantial financial exposure (₹763,535.60) exceeding risk threshold.",Initiate outbound phone verification; inspect recent device IP and 2FA changes; check order book liquidity depth.,OPEN
INC_7683E80EA2,ANO_A7A29DF3A9,TX_ANO_DEP_0BCB0058,USR_07767,2026-09-14 20:12:26+00:00,BASELINE_SPIKE,4,5,750976.5,270.58,P1,"P1 CRITICAL: High-severity BASELINE_SPIKE with substantial financial exposure (₹750,976.50) exceeding risk threshold.",Initiate outbound phone verification; inspect recent device IP and 2FA changes; check order book liquidity depth.,OPEN
INC_26516AAF43,ANO_8AECC23747,TX_ANO_WTH_98FFD9EF,USR_07767,2026-09-14 20:17:26+00:00,BASELINE_SPIKE,4,5,750976.5,270.58,P1,"P1 CRITICAL: High-severity BASELINE_SPIKE with substantial financial exposure (₹750,976.50) exceeding risk threshold.",Initiate outbound phone verification; inspect recent device IP and 2FA changes; check order book liquidity depth.,OPEN
INC_ABBFA3DC88,ANO_462904E1FC,TX_ANO_DEP_5EEDE15B,USR_05139,2026-08-31 11:02:19+00:00,BASELINE_SPIKE,4,5,748208.56,270.51,P1,"P1 CRITICAL: High-severity BASELINE_SPIKE with substantial financial exposure (₹748,208.56) exceeding risk threshold.",Initiate outbound phone verification; inspect recent device IP and 2FA changes; check order book liquidity depth.,OPEN
INC_8562D2640A,ANO_B940C5A4B1,TX_ANO_WTH_7E3C5B6F,USR_05139,2026-08-31 11:12:19+00:00,BASELINE_SPIKE,4,5,748208.56,270.51,P1,"P1 CRITICAL: High-severity BASELINE_SPIKE with substantial financial exposure (₹748,208.56) exceeding risk threshold.",Initiate outbound phone verification; inspect recent device IP and 2FA changes; check order book liquidity depth.,OPEN
INC_B6693BD91B,ANO_6C8B2E9D4A,TX_ANO_DEP_8D802CAB,USR_07169,2026-08-24 08:43:14+00:00,BASELINE_SPIKE,4,5,722248.0,269.8,P1,"P1 CRITICAL: High-severity BASELINE_SPIKE with substantial financial exposure (₹722,248.00) exceeding risk threshold.",Initiate outbound phone verification; inspect recent device IP and 2FA changes; check order book liquidity depth.,OPEN
INC_134A086B71,ANO_09A6F402D6,TX_ANO_WTH_D3369432,USR_07169,2026-08-24 08:46:14+00:00,BASELINE_SPIKE,4,5,722248.0,269.8,P1,"P1 CRITICAL: High-severity BASELINE_SPIKE with substantial financial exposure (₹722,248.00) exceeding risk threshold.",Initiate outbound phone verification; inspect recent device IP and 2FA changes; check order book liquidity depth.,OPEN
INC_DB6E838307,ANO_3A6E3A1C06,TX_ANO_DEP_82D7BA1D,USR_00236,2026-09-09 16:08:56+00:00,BASELINE_SPIKE,4,5,721874.25,269.79,P1,"P1 CRITICAL: High-severity BASELINE_SPIKE with substantial financial exposure (₹721,874.25) exceeding risk threshold.",Initiate outbound phone verification; inspect recent device IP and 2FA changes; check order book liquidity depth.,OPEN
INC_5C3349B934,ANO_3105366646,TX_ANO_WTH_94DE8B2C,USR_00236,2026-09-09 16:17:56+00:00,BASELINE_SPIKE,4,5,721874.25,269.79,P1,"P1 CRITICAL: High-severity BASELINE_SPIKE with substantial financial exposure (₹721,874.25) exceeding risk threshold.",Initiate outbound phone verification; inspect recent device IP and 2FA changes; check order book liquidity depth.,OPEN
INC_77B347252E,ANO_CF72BEAF95,TX_ANO_DEP_5674EFA6,USR_07601,2026-09-19 03:39:59+00:00,BASELINE_SPIKE,4,5,720045.47,269.74,P1,"P1 CRITICAL: High-severity BASELINE_SPIKE with substantial financial exposure (₹720,045.47) exceeding risk threshold.",Initiate outbound phone verification; inspect recent device IP and 2FA changes; check order book liquidity depth.,OPEN
INC_7A8C9CDAD0,ANO_B9AE51A58D,TX_ANO_WTH_CB7B04F2,USR_07601,2026-09-19 03:43:59+00:00,BASELINE_SPIKE,4,5,720045.47,269.74,P1,"P1 CRITICAL: High-severity BASELINE_SPIKE with substantial financial exposure (₹720,045.47) exceeding risk threshold.",Initiate outbound phone verification; inspect recent device IP and 2FA changes; check order book liquidity depth.,OPEN
INC_1A4C4585C5,ANO_799D3B568F,TX_ANO_DEP_4868E57F,USR_08525,2026-08-23 06:36:50+00:00,BASELINE_SPIKE,4,5,694530.31,269.02,P1,"P1 CRITICAL: High-severity BASELINE_SPIKE with substantial financial exposure (₹694,530.31) exceeding risk threshold.",Initiate outbound phone verification; inspect recent device IP and 2FA changes; check order book liquidity depth.,OPEN
INC_D2F959293D,ANO_1A4B1057EF,TX_ANO_WTH_352DA096,USR_08525,2026-08-23 06:45:50+00:00,BASELINE_SPIKE,4,5,694530.31,269.02,P1,"P1 CRITICAL: High-severity BASELINE_SPIKE with substantial financial exposure (₹694,530.31) exceeding risk threshold.",Initiate outbound phone verification; inspect recent device IP and 2FA changes; check order book liquidity depth.,OPEN
INC_D067DF5830,ANO_161A629CA7,TX_95B7EBEFB220,USR_01203,2026-09-13 04:42:19+00:00,RAPID_PASS_THROUGH,5,5,46818.86,268.85,P1,"P1 CRITICAL: High-severity RAPID_PASS_THROUGH with substantial financial exposure (₹46,818.86) exceeding risk threshold.",Place temporary 24h withdrawal hold; verify bank account originator name; request source-of-funds declaration.,OPEN
INC_22218256EF,ANO_5CDAD1ACCF,TX_ANO_DEP_F7817D72,USR_09417,2026-08-14 16:15:49+00:00,BASELINE_SPIKE,4,5,681523.19,268.64,P1,"P1 CRITICAL: High-severity BASELINE_SPIKE with substantial financial exposure (₹681,523.19) exceeding risk threshold.",Initiate outbound phone verification; inspect recent device IP and 2FA changes; check order book liquidity depth.,OPEN
INC_FF1F5AF262,ANO_0787CCD063,TX_ANO_WTH_ECD5846E,USR_09417,2026-08-14 16:19:49+00:00,BASELINE_SPIKE,4,5,681523.19,268.64,P1,"P1 CRITICAL: High-severity BASELINE_SPIKE with substantial financial exposure (₹681,523.19) exceeding risk threshold.",Initiate outbound phone verification; inspect recent device IP and 2FA changes; check order book liquidity depth.,OPEN
INC_7A3B635D71,ANO_68AD572EBD,TX_ANO_DEP_C4D5CD3B,USR_01275,2026-08-12 18:56:47+00:00,BASELINE_SPIKE,4,5,681028.92,268.63,P1,"P1 CRITICAL: High-severity BASELINE_SPIKE with substantial financial exposure (₹681,028.92) exceeding risk threshold.",Initiate outbound phone verification; inspect recent device IP and 2FA changes; check order book liquidity depth.,OPEN
INC_302B40E39C,ANO_A8A3F90184,TX_ANO_DEP_8892ED33,USR_02375,2026-09-17 03:14:37+00:00,BASELINE_SPIKE,4,5,669854.78,268.3,P1,"P1 CRITICAL: High-severity BASELINE_SPIKE with substantial financial exposure (₹669,854.78) exceeding risk threshold.",Initiate outbound phone verification; inspect recent device IP and 2FA changes; check order book liquidity depth.,OPEN
INC_D9DA3B2ABA,ANO_193355FD9A,TX_ANO_WTH_2A1C1EE3,USR_02375,2026-09-17 03:17:37+00:00,BASELINE_SPIKE,4,5,669854.78,268.3,P1,"P1 CRITICAL: High-severity BASELINE_SPIKE with substantial financial exposure (₹669,854.78) exceeding risk threshold.",Initiate outbound phone verification; inspect recent device IP and 2FA changes; check order book liquidity depth.,OPEN
INC_C4FE37C103,ANO_E36CCEDCBB,TX_ANO_DEP_AB9A6773,USR_08857,2026-09-04 18:11:50+00:00,BASELINE_SPIKE,4,5,662727.07,268.08,P1,"P1 CRITICAL: High-severity BASELINE_SPIKE with substantial financial exposure (₹662,727.07) exceeding risk threshold.",Initiate outbound phone verification; inspect recent device IP and 2FA changes; check order book liquidity depth.,OPEN
INC_37DBAB1B7B,ANO_4B3A878312,TX_ANO_WTH_8664B2D3,USR_08857,2026-09-04 18:18:50+00:00,BASELINE_SPIKE,4,5,662727.07,268.08,P1,"P1 CRITICAL: High-severity BASELINE_SPIKE with substantial financial exposure (₹662,727.07) exceeding risk threshold.",Initiate outbound phone verification; inspect recent device IP and 2FA changes; check order book liquidity depth.,OPEN
INC_F7EB4F614E,ANO_368778013C,TX_ANO_DEP_E94FFB59,USR_08495,2026-09-10 09:54:13+00:00,BASELINE_SPIKE,4,5,658329.07,267.95,P1,"P1 CRITICAL: High-severity BASELINE_SPIKE with substantial financial exposure (₹658,329.07) exceeding risk threshold.",Initiate outbound phone verification; inspect recent device IP and 2FA changes; check order book liquidity depth.,OPEN
INC_D62B84C1AC,ANO_609C5B7FA3,TX_ANO_WTH_E6BB488C,USR_08495,2026-09-10 10:04:13+00:00,BASELINE_SPIKE,4,5,658329.07,267.95,P1,"P1 CRITICAL: High-severity BASELINE_SPIKE with substantial financial exposure (₹658,329.07) exceeding risk threshold.",Initiate outbound phone verification; inspect recent device IP and 2FA changes; check order book liquidity depth.,OPEN
INC_310E7A3DC0,ANO_C704D97C47,TX_ANO_DEP_C44FCD14,USR_06525,2026-08-08 05:54:11+00:00,BASELINE_SPIKE,4,5,658060.32,267.94,P1,"P1 CRITICAL: High-severity BASELINE_SPIKE with substantial financial exposure (₹658,060.32) exceeding risk threshold.",Initiate outbound phone verification; inspect recent device IP and 2FA changes; check order book liquidity depth.,OPEN
INC_3F1839B995,ANO_E5CAEA2A60,TX_ANO_WTH_7ECC1A9C,USR_06525,2026-08-08 06:03:11+00:00,BASELINE_SPIKE,4,5,658060.32,267.94,P1,"P1 CRITICAL: High-severity BASELINE_SPIKE with substantial financial exposure (₹658,060.32) exceeding risk threshold.",Initiate outbound phone verification; inspect recent device IP and 2FA changes; check order book liquidity depth.,OPEN
INC_60D32E4681,ANO_092D332B16,TX_ANO_DEP_49837488,USR_07552,2026-09-08 14:45:31+00:00,BASELINE_SPIKE,4,5,652971.6,267.79,P1,"P1 CRITICAL: High-severity BASELINE_SPIKE with substantial financial exposure (₹652,971.60) exceeding risk threshold.",Initiate outbound phone verification; inspect recent device IP and 2FA changes; check order book liquidity depth.,OPEN
INC_67B10C6A17,ANO_32AE545982,TX_ANO_WTH_65A2FA4C,USR_07552,2026-09-08 14:54:31+00:00,BASELINE_SPIKE,4,5,652971.6,267.79,P1,"P1 CRITICAL: High-severity BASELINE_SPIKE with substantial financial exposure (₹652,971.60) exceeding risk threshold.",Initiate outbound phone verification; inspect recent device IP and 2FA changes; check order book liquidity depth.,OPEN
INC_19BB0D0B2E,ANO_379CB6DD2D,TX_ANO_DEP_19812D3C,USR_06947,2026-09-06 20:52:32+00:00,BASELINE_SPIKE,4,5,642553.01,267.46,P1,"P1 CRITICAL: High-severity BASELINE_SPIKE with substantial financial exposure (₹642,553.01) exceeding risk threshold.",Initiate outbound phone verification; inspect recent device IP and 2FA changes; check order book liquidity depth.,OPEN
INC_0F4051873F,ANO_EA4A41C1EA,TX_ANO_WTH_34F19313,USR_06947,2026-09-06 20:58:32+00:00,BASELINE_SPIKE,4,5,642553.01,267.46,P1,"P1 CRITICAL: High-severity BASELINE_SPIKE with substantial financial exposure (₹642,553.01) exceeding risk threshold.",Initiate outbound phone verification; inspect recent device IP and 2FA changes; check order book liquidity depth.,OPEN
INC_740A6945A7,ANO_75E864F818,TX_B3A7222E64C5,USR_01067,2026-09-03 11:29:21+00:00,RAPID_PASS_THROUGH,5,5,43560.86,267.05,P1,"P1 CRITICAL: High-severity RAPID_PASS_THROUGH with substantial financial exposure (₹43,560.86) exceeding risk threshold.",Place temporary 24h withdrawal hold; verify bank account originator name; request source-of-funds declaration.,OPEN
INC_BB385B8485,ANO_6AEEB0DE1B,TX_28051BDE2856,USR_00778,2026-08-05 07:27:31+00:00,RAPID_PASS_THROUGH,5,5,42598.88,266.49,P1,"P1 CRITICAL: High-severity RAPID_PASS_THROUGH with substantial financial exposure (₹42,598.88) exceeding risk threshold.",Place temporary 24h withdrawal hold; verify bank account originator name; request source-of-funds declaration.,OPEN
INC_E62D1BF76B,ANO_F4EDEFF71D,TX_AA2CE49341A6,USR_06383,2026-08-22 04:04:03+00:00,RAPID_PASS_THROUGH,5,5,41512.4,265.84,P1,"P1 CRITICAL: High-severity RAPID_PASS_THROUGH with substantial financial exposure (₹41,512.40) exceeding risk threshold.",Place temporary 24h withdrawal hold; verify bank account originator name; request source-of-funds declaration.,OPEN
INC_B23A98FF85,ANO_C5905514A7,TX_ANO_DEP_9A8B5839,USR_08854,2026-09-17 11:44:49+00:00,BASELINE_SPIKE,4,5,584792.59,265.58,P1,"P1 CRITICAL: High-severity BASELINE_SPIKE with substantial financial exposure (₹584,792.59) exceeding risk threshold.",Initiate outbound phone verification; inspect recent device IP and 2FA changes; check order book liquidity depth.,OPEN
INC_AED54AFB53,ANO_882AA14B4C,TX_ANO_WTH_9FD9987B,USR_08854,2026-09-17 11:51:49+00:00,BASELINE_SPIKE,4,5,584792.59,265.58,P1,"P1 CRITICAL: High-severity BASELINE_SPIKE with substantial financial exposure (₹584,792.59) exceeding risk threshold.",Initiate outbound phone verification; inspect recent device IP and 2FA changes; check order book liquidity depth.,OPEN
INC_57CBF1C7D6,ANO_BE734436A0,TX_63BB8810CAA3,USR_02333,2026-09-10 04:42:19+00:00,RAPID_PASS_THROUGH,5,5,40742.95,265.38,P1,"P1 CRITICAL: High-severity RAPID_PASS_THROUGH with substantial financial exposure (₹40,742.95) exceeding risk threshold.",Place temporary 24h withdrawal hold; verify bank account originator name; request source-of-funds declaration.,OPEN
INC_54A117B09C,ANO_25B2E002BB,TX_ANO_DEP_1A0DDC07,USR_03275,2026-08-31 05:22:55+00:00,BASELINE_SPIKE,4,5,563823.55,264.85,P1,"P1 CRITICAL: High-severity BASELINE_SPIKE with substantial financial exposure (₹563,823.55) exceeding risk threshold.",Initiate outbound phone verification; inspect recent device IP and 2FA changes; check order book liquidity depth.,OPEN
INC_369B5CEA52,ANO_7D572C0187,TX_ANO_WTH_83A0E104,USR_03275,2026-08-31 05:25:55+00:00,BASELINE_SPIKE,4,5,563823.55,264.85,P1,"P1 CRITICAL: High-severity BASELINE_SPIKE with substantial financial exposure (₹563,823.55) exceeding risk threshold.",Initiate outbound phone verification; inspect recent device IP and 2FA changes; check order book liquidity depth.,OPEN
INC_E1F201B52F,ANO_32D2E076DB,TX_ANO_DEP_437D364F,USR_06308,2026-08-13 11:25:31+00:00,BASELINE_SPIKE,4,5,560625.61,264.74,P1,"P1 CRITICAL: High-severity BASELINE_SPIKE with substantial financial exposure (₹560,625.61) exceeding risk threshold.",Initiate outbound phone verification; inspect recent device IP and 2FA changes; check order book liquidity depth.,OPEN
INC_455B1FE786,ANO_F2CE12B785,TX_ANO_WTH_D08CC9B1,USR_06308,2026-08-13 11:31:31+00:00,BASELINE_SPIKE,4,5,560625.61,264.74,P1,"P1 CRITICAL: High-severity BASELINE_SPIKE with substantial financial exposure (₹560,625.61) exceeding risk threshold.",Initiate outbound phone verification; inspect recent device IP and 2FA changes; check order book liquidity depth.,OPEN
INC_9CE904FA66,ANO_1DD38A716C,TX_ANO_DEP_220A3554,USR_08559,2026-08-27 00:54:20+00:00,BASELINE_SPIKE,4,5,539925.1,263.98,P1,"P1 CRITICAL: High-severity BASELINE_SPIKE with substantial financial exposure (₹539,925.10) exceeding risk threshold.",Initiate outbound phone verification; inspect recent device IP and 2FA changes; check order book liquidity depth.,OPEN
INC_CB5320E257,ANO_CB9CF2494D,TX_ANO_DEP_05D6C47B,USR_03863,2026-08-18 08:51:35+00:00,BASELINE_SPIKE,4,5,520706.92,263.26,P1,"P1 CRITICAL: High-severity BASELINE_SPIKE with substantial financial exposure (₹520,706.92) exceeding risk threshold.",Initiate outbound phone verification; inspect recent device IP and 2FA changes; check order book liquidity depth.,OPEN
INC_6F279EEF38,ANO_09300CD377,TX_ANO_WTH_785C0DC4,USR_03863,2026-08-18 08:55:35+00:00,BASELINE_SPIKE,4,5,520706.92,263.26,P1,"P1 CRITICAL: High-severity BASELINE_SPIKE with substantial financial exposure (₹520,706.92) exceeding risk threshold.",Initiate outbound phone verification; inspect recent device IP and 2FA changes; check order book liquidity depth.,OPEN
INC_A64962E850,ANO_3DECEC808C,TX_22C2FC925BF2,USR_01534,2026-08-24 11:42:01+00:00,RAPID_PASS_THROUGH,5,5,36493.8,262.62,P1,"P1 CRITICAL: High-severity RAPID_PASS_THROUGH with substantial financial exposure (₹36,493.80) exceeding risk threshold.",Place temporary 24h withdrawal hold; verify bank account originator name; request source-of-funds declaration.,OPEN
INC_915C8E7FC8,ANO_C97C787B5E,TX_ANO_DEP_19327FC5,USR_04824,2026-08-19 13:14:09+00:00,BASELINE_SPIKE,4,5,488547.29,261.98,P1,"P1 CRITICAL: High-severity BASELINE_SPIKE with substantial financial exposure (₹488,547.29) exceeding risk threshold.",Verify user trading history; request KYC Tier-2 verification if unverified.,OPEN
INC_26A42280DC,ANO_FFF8839851,TX_ANO_DEP_A218998D,USR_09537,2026-09-04 18:33:53+00:00,BASELINE_SPIKE,4,5,479346.66,261.6,P1,"P1 CRITICAL: High-severity BASELINE_SPIKE with substantial financial exposure (₹479,346.66) exceeding risk threshold.",Verify user trading history; request KYC Tier-2 verification if unverified.,OPEN
INC_6651D74F63,ANO_568B51AFDB,TX_ANO_DEP_2BAF3DE4,USR_09800,2026-09-10 13:54:25+00:00,BASELINE_SPIKE,4,5,469488.24,261.19,P1,"P1 CRITICAL: High-severity BASELINE_SPIKE with substantial financial exposure (₹469,488.24) exceeding risk threshold.",Verify user trading history; request KYC Tier-2 verification if unverified.,OPEN
INC_E717C04D50,ANO_2112D8BE72,TX_ANO_WTH_BD6BA447,USR_09800,2026-09-10 14:01:25+00:00,BASELINE_SPIKE,4,5,469488.24,261.19,P1,"P1 CRITICAL: High-severity BASELINE_SPIKE with substantial financial exposure (₹469,488.24) exceeding risk threshold.",Verify user trading history; request KYC Tier-2 verification if unverified.,OPEN
INC_9B2B15947B,ANO_FB4770F0CF,TX_ANO_DEP_628B7E77,USR_08163,2026-09-09 07:24:45+00:00,BASELINE_SPIKE,4,5,465480.59,261.02,P1,"P1 CRITICAL: High-severity BASELINE_SPIKE with substantial financial exposure (₹465,480.59) exceeding risk threshold.",Verify user trading history; request KYC Tier-2 verification if unverified.,OPEN
INC_396A7EAFC5,ANO_46D7BF3547,TX_ANO_DEP_01BE55FF,USR_02782,2026-09-10 14:51:28+00:00,BASELINE_SPIKE,4,5,460412.91,260.8,P1,"P1 CRITICAL: High-severity BASELINE_SPIKE with substantial financial exposure (₹460,412.91) exceeding risk threshold.",Verify user trading history; request KYC Tier-2 verification if unverified.,OPEN
INC_10CB6CCB2B,ANO_D4B3A03B50,TX_ANO_WTH_90C67B19,USR_02782,2026-09-10 15:01:28+00:00,BASELINE_SPIKE,4,5,460412.91,260.8,P1,"P1 CRITICAL: High-severity BASELINE_SPIKE with substantial financial exposure (₹460,412.91) exceeding risk threshold.",Verify user trading history; request KYC Tier-2 verification if unverified.,OPEN
INC_72D95FE509,ANO_2709465CF8,TX_ANO_DEP_10728740,USR_04822,2026-08-22 06:10:36+00:00,BASELINE_SPIKE,4,5,459238.53,260.75,P1,"P1 CRITICAL: High-severity BASELINE_SPIKE with substantial financial exposure (₹459,238.53) exceeding risk threshold.",Verify user trading history; request KYC Tier-2 verification if unverified.,OPEN
INC_ACC1E4C0D2,ANO_D39597E351,TX_ANO_WTH_8CFB74BC,USR_04822,2026-08-22 06:15:36+00:00,BASELINE_SPIKE,4,5,459238.53,260.75,P1,"P1 CRITICAL: High-severity BASELINE_SPIKE with substantial financial exposure (₹459,238.53) exceeding risk threshold.",Verify user trading history; request KYC Tier-2 verification if unverified.,OPEN
INC_E169BECA15,ANO_14C868B9A4,TX_D81AA97F4CDC,USR_03900,2026-09-11 12:23:05+00:00,RAPID_PASS_THROUGH,5,5,33385.95,260.4,P1,"P1 CRITICAL: High-severity RAPID_PASS_THROUGH with substantial financial exposure (₹33,385.95) exceeding risk threshold.",Place temporary 24h withdrawal hold; verify bank account originator name; request source-of-funds declaration.,OPEN
INC_BA7A1F22A3,ANO_5222D15BA1,TX_ANO_DEP_A7C3E361,USR_02047,2026-08-26 10:04:36+00:00,BASELINE_SPIKE,4,5,451148.66,260.39,P1,"P1 CRITICAL: High-severity BASELINE_SPIKE with substantial financial exposure (₹451,148.66) exceeding risk threshold.",Verify user trading history; request KYC Tier-2 verification if unverified.,OPEN
INC_F1A016B43D,ANO_AEC8AF6228,TX_ANO_WTH_A31068B7,USR_02047,2026-08-26 10:10:36+00:00,BASELINE_SPIKE,4,5,451148.66,260.39,P1,"P1 CRITICAL: High-severity BASELINE_SPIKE with substantial financial exposure (₹451,148.66) exceeding risk threshold.",Verify user trading history; request KYC Tier-2 verification if unverified.,OPEN
INC_B2BAE87C58,ANO_A2935FE32C,TX_ANO_DEP_39A98DCD,USR_09643,2026-09-09 07:00:42+00:00,BASELINE_SPIKE,4,5,436852.41,259.75,P1,"P1 CRITICAL: High-severity BASELINE_SPIKE with substantial financial exposure (₹436,852.41) exceeding risk threshold.",Verify user trading history; request KYC Tier-2 verification if unverified.,OPEN
INC_468342FD3C,ANO_799A6D2BC1,TX_ANO_WTH_CFF3E0E6,USR_09643,2026-09-09 07:07:42+00:00,BASELINE_SPIKE,4,5,436852.41,259.75,P1,"P1 CRITICAL: High-severity BASELINE_SPIKE with substantial financial exposure (₹436,852.41) exceeding risk threshold.",Verify user trading history; request KYC Tier-2 verification if unverified.,OPEN
INC_6DB4A7E883,ANO_8CFE3EE727,TX_31D5DCCA4CA7,USR_02264,2026-08-17 10:31:00+00:00,RAPID_PASS_THROUGH,5,5,32321.55,259.59,P1,"P1 CRITICAL: High-severity RAPID_PASS_THROUGH with substantial financial exposure (₹32,321.55) exceeding risk threshold.",Place temporary 24h withdrawal hold; verify bank account originator name; request source-of-funds declaration.,OPEN
INC_8B2A0C98F9,ANO_BA236F1C7C,TX_ANO_DEP_1E414ED6,USR_06435,2026-09-09 09:43:45+00:00,BASELINE_SPIKE,4,5,428287.89,259.35,P1,"P1 CRITICAL: High-severity BASELINE_SPIKE with substantial financial exposure (₹428,287.89) exceeding risk threshold.",Verify user trading history; request KYC Tier-2 verification if unverified.,OPEN
INC_3BD7C1CB8F,ANO_911F0479C4,TX_ANO_DEP_94173768,USR_06820,2026-08-11 22:13:14+00:00,BASELINE_SPIKE,4,5,402274.68,258.1,P1,"P1 CRITICAL: High-severity BASELINE_SPIKE with substantial financial exposure (₹402,274.68) exceeding risk threshold.",Verify user trading history; request KYC Tier-2 verification if unverified.,OPEN
INC_BDC0B02B44,ANO_D0264BBE92,TX_ANO_DEP_FA190383,USR_01575,2026-09-02 08:46:10+00:00,BASELINE_SPIKE,4,5,401580.02,258.06,P1,"P1 CRITICAL: High-severity BASELINE_SPIKE with substantial financial exposure (₹401,580.02) exceeding risk threshold.",Verify user trading history; request KYC Tier-2 verification if unverified.,OPEN
INC_A9BBC98017,ANO_98EBF3E781,TX_ANO_WTH_2EEED606,USR_01575,2026-09-02 08:52:10+00:00,BASELINE_SPIKE,4,5,401580.02,258.06,P1,"P1 CRITICAL: High-severity BASELINE_SPIKE with substantial financial exposure (₹401,580.02) exceeding risk threshold.",Verify user trading history; request KYC Tier-2 verification if unverified.,OPEN
INC_065DDB76A0,ANO_7B4861CF87,TX_ANO_DEP_7E90FD7B,USR_01201,2026-09-15 15:44:53+00:00,BASELINE_SPIKE,4,5,400530.57,258.01,P1,"P1 CRITICAL: High-severity BASELINE_SPIKE with substantial financial exposure (₹400,530.57) exceeding risk threshold.",Verify user trading history; request KYC Tier-2 verification if unverified.,OPEN
INC_C37E537C65,ANO_59470CE69A,TX_ANO_WTH_23F146E8,USR_01201,2026-09-15 15:47:53+00:00,BASELINE_SPIKE,4,5,400530.57,258.01,P1,"P1 CRITICAL: High-severity BASELINE_SPIKE with substantial financial exposure (₹400,530.57) exceeding risk threshold.",Verify user trading history; request KYC Tier-2 verification if unverified.,OPEN
INC_7624FDE4E4,ANO_961237F1B3,TX_ANO_DEP_B60041F6,USR_05786,2026-08-10 16:47:15+00:00,BASELINE_SPIKE,4,5,395656.5,257.77,P1,"P1 CRITICAL: High-severity BASELINE_SPIKE with substantial financial exposure (₹395,656.50) exceeding risk threshold.",Verify user trading history; request KYC Tier-2 verification if unverified.,OPEN
INC_CD949615C6,ANO_DBCB770B5A,TX_ANO_DEP_C09A98A0,USR_07916,2026-08-12 22:44:05+00:00,BASELINE_SPIKE,4,5,385431.74,257.24,P1,"P1 CRITICAL: High-severity BASELINE_SPIKE with substantial financial exposure (₹385,431.74) exceeding risk threshold.",Verify user trading history; request KYC Tier-2 verification if unverified.,OPEN
INC_CABA80B13F,ANO_6A07E76CF8,TX_ANO_DEP_C938E11E,USR_03355,2026-09-18 18:03:20+00:00,BASELINE_SPIKE,4,5,379159.34,256.91,P1,"P1 CRITICAL: High-severity BASELINE_SPIKE with substantial financial exposure (₹379,159.34) exceeding risk threshold.",Verify user trading history; request KYC Tier-2 verification if unverified.,OPEN
INC_334694F55D,ANO_42929F30EE,TX_ANO_WTH_70D1CAFA,USR_03355,2026-09-18 18:07:20+00:00,BASELINE_SPIKE,4,5,379159.34,256.91,P1,"P1 CRITICAL: High-severity BASELINE_SPIKE with substantial financial exposure (₹379,159.34) exceeding risk threshold.",Verify user trading history; request KYC Tier-2 verification if unverified.,OPEN
INC_BF775562D1,ANO_428317C8AC,TX_ANO_DEP_932C40F8,USR_02013,2026-08-13 16:53:34+00:00,BASELINE_SPIKE,4,5,377374.94,256.82,P1,"P1 CRITICAL: High-severity BASELINE_SPIKE with substantial financial exposure (₹377,374.94) exceeding risk threshold.",Verify user trading history; request KYC Tier-2 verification if unverified.,OPEN
INC_3A757A22A7,ANO_D261120121,TX_ANO_WTH_0D89DF9C,USR_02013,2026-08-13 16:58:34+00:00,BASELINE_SPIKE,4,5,377374.94,256.82,P1,"P1 CRITICAL: High-severity BASELINE_SPIKE with substantial financial exposure (₹377,374.94) exceeding risk threshold.",Verify user trading history; request KYC Tier-2 verification if unverified.,OPEN
INC_28300501D2,ANO_C7DB347971,TX_ANO_DEP_B9938DC8,USR_07704,2026-08-21 18:47:38+00:00,BASELINE_SPIKE,4,5,348954.74,255.25,P1,"P1 CRITICAL: High-severity BASELINE_SPIKE with substantial financial exposure (₹348,954.74) exceeding risk threshold.",Verify user trading history; request KYC Tier-2 verification if unverified.,OPEN
INC_54FF736CDA,ANO_34B99E33D3,TX_ANO_DEP_F8195082,USR_02250,2026-09-14 03:53:56+00:00,BASELINE_SPIKE,4,5,335781.19,254.48,P1,"P1 CRITICAL: High-severity BASELINE_SPIKE with substantial financial exposure (₹335,781.19) exceeding risk threshold.",Verify user trading history; request KYC Tier-2 verification if unverified.,OPEN
INC_D0EA844556,ANO_B2D32B90E3,TX_ANO_WTH_45C074AA,USR_02250,2026-09-14 04:02:56+00:00,BASELINE_SPIKE,4,5,335781.19,254.48,P1,"P1 CRITICAL: High-severity BASELINE_SPIKE with substantial financial exposure (₹335,781.19) exceeding risk threshold.",Verify user trading history; request KYC Tier-2 verification if unverified.,OPEN
INC_7A81693E21,ANO_6DB062BCBF,TX_ANO_DEP_CEB27FBD,USR_03955,2026-08-30 14:38:51+00:00,BASELINE_SPIKE,4,5,334480.01,254.41,P1,"P1 CRITICAL: High-severity BASELINE_SPIKE with substantial financial exposure (₹334,480.01) exceeding risk threshold.",Verify user trading history; request KYC Tier-2 verification if unverified.,OPEN
INC_724F53BE96,ANO_3769832ABA,TX_ANO_WTH_FD280FC4,USR_03955,2026-08-30 14:41:51+00:00,BASELINE_SPIKE,4,5,334480.01,254.41,P1,"P1 CRITICAL: High-severity BASELINE_SPIKE with substantial financial exposure (₹334,480.01) exceeding risk threshold.",Verify user trading history; request KYC Tier-2 verification if unverified.,OPEN
INC_8A0ED27C35,ANO_40CFC373C8,TX_ANO_DEP_2EB2CA89,USR_06770,2026-08-19 16:21:13+00:00,BASELINE_SPIKE,4,5,323383.51,253.73,P1,"P1 CRITICAL: High-severity BASELINE_SPIKE with substantial financial exposure (₹323,383.51) exceeding risk threshold.",Verify user trading history; request KYC Tier-2 verification if unverified.,OPEN
INC_D31183918B,ANO_C4906F36E7,TX_ANO_WTH_D42620E7,USR_06770,2026-08-19 16:26:13+00:00,BASELINE_SPIKE,4,5,323383.51,253.73,P1,"P1 CRITICAL: High-severity BASELINE_SPIKE with substantial financial exposure (₹323,383.51) exceeding risk threshold.",Verify user trading history; request KYC Tier-2 verification if unverified.,OPEN
INC_90EA554F34,ANO_321364EA31,TX_ANO_DEP_EEBA1EA7,USR_08102,2026-08-04 10:11:20+00:00,BASELINE_SPIKE,4,5,303037.28,252.43,P1,"P1 CRITICAL: High-severity BASELINE_SPIKE with substantial financial exposure (₹303,037.28) exceeding risk threshold.",Verify user trading history; request KYC Tier-2 verification if unverified.,OPEN
INC_B213F45F28,ANO_18D35EFE3D,TX_ANO_DEP_855D6EBB,USR_03668,2026-09-05 17:19:28+00:00,BASELINE_SPIKE,4,5,301026.07,252.3,P1,"P1 CRITICAL: High-severity BASELINE_SPIKE with substantial financial exposure (₹301,026.07) exceeding risk threshold.",Verify user trading history; request KYC Tier-2 verification if unverified.,OPEN
INC_5EAFBBE28C,ANO_DD745DAD78,TX_ANO_DEP_47ACC0E7,USR_03792,2026-08-07 07:20:46+00:00,BASELINE_SPIKE,4,5,291716.68,251.67,P1,"P1 CRITICAL: High-severity BASELINE_SPIKE with substantial financial exposure (₹291,716.68) exceeding risk threshold.",Verify user trading history; request KYC Tier-2 verification if unverified.,OPEN
INC_707DBE6FB8,ANO_8A6BF162A5,TX_ANO_WTH_175AEE82,USR_03792,2026-08-07 07:30:46+00:00,BASELINE_SPIKE,4,5,291716.68,251.67,P1,"P1 CRITICAL: High-severity BASELINE_SPIKE with substantial financial exposure (₹291,716.68) exceeding risk threshold.",Verify user trading history; request KYC Tier-2 verification if unverified.,OPEN
INC_DF53001818,ANO_A9F2234B0B,TX_ANO_DEP_F040378D,USR_04706,2026-08-16 16:44:17+00:00,BASELINE_SPIKE,4,5,280988.48,250.92,P1,"P1 CRITICAL: High-severity BASELINE_SPIKE with substantial financial exposure (₹280,988.48) exceeding risk threshold.",Verify user trading history; request KYC Tier-2 verification if unverified.,OPEN
INC_737C7005BC,ANO_B862C03875,TX_ANO_DEP_075170DB,USR_08251,2026-08-04 20:03:12+00:00,BASELINE_SPIKE,4,5,279999.77,250.85,P1,"P1 CRITICAL: High-severity BASELINE_SPIKE with substantial financial exposure (₹279,999.77) exceeding risk threshold.",Verify user trading history; request KYC Tier-2 verification if unverified.,OPEN
INC_BDB68F19D8,ANO_BF31C98F5F,TX_ANO_WTH_9D3B9D14,USR_08251,2026-08-04 20:09:12+00:00,BASELINE_SPIKE,4,5,279999.77,250.85,P1,"P1 CRITICAL: High-severity BASELINE_SPIKE with substantial financial exposure (₹279,999.77) exceeding risk threshold.",Verify user trading history; request KYC Tier-2 verification if unverified.,OPEN
INC_CA6694E979,ANO_432FEC97E8,TX_9CEFEC634725,USR_02638,2026-08-07 01:49:52+00:00,RAPID_PASS_THROUGH,5,5,21611.0,249.53,P1,"P1 CRITICAL: High-severity RAPID_PASS_THROUGH with substantial financial exposure (₹21,611.00) exceeding risk threshold.",Place temporary 24h withdrawal hold; verify bank account originator name; request source-of-funds declaration.,OPEN
INC_2EA66B748C,ANO_781B225260,TX_ANO_DEP_380424DB,USR_01389,2026-08-02 23:07:19+00:00,BASELINE_SPIKE,4,5,259638.54,249.34,P1,"P1 CRITICAL: High-severity BASELINE_SPIKE with substantial financial exposure (₹259,638.54) exceeding risk threshold.",Verify user trading history; request KYC Tier-2 verification if unverified.,OPEN
INC_33327E1781,ANO_65F53E98EA,TX_ANO_DEP_4A18248C,USR_00428,2026-09-07 14:29:24+00:00,BASELINE_SPIKE,4,5,252969.16,248.82,P1,"P1 CRITICAL: High-severity BASELINE_SPIKE with substantial financial exposure (₹252,969.16) exceeding risk threshold.",Verify user trading history; request KYC Tier-2 verification if unverified.,OPEN
INC_B8034625BC,ANO_358D875356,TX_ANO_WTH_5A4BFBAE,USR_00428,2026-09-07 14:33:24+00:00,BASELINE_SPIKE,4,5,252969.16,248.82,P1,"P1 CRITICAL: High-severity BASELINE_SPIKE with substantial financial exposure (₹252,969.16) exceeding risk threshold.",Verify user trading history; request KYC Tier-2 verification if unverified.,OPEN
INC_E0800911C2,ANO_ED6E3A164B,TX_ANO_DEP_8852DFA5,USR_00978,2026-09-05 06:42:47+00:00,BASELINE_SPIKE,4,5,246390.99,248.29,P1,"P1 CRITICAL: High-severity BASELINE_SPIKE with substantial financial exposure (₹246,390.99) exceeding risk threshold.",Verify user trading history; request KYC Tier-2 verification if unverified.,OPEN
INC_52B45B9B72,ANO_F8B1FBFA11,TX_ANO_WTH_BE100CCC,USR_00978,2026-09-05 06:51:47+00:00,BASELINE_SPIKE,4,5,246390.99,248.29,P1,"P1 CRITICAL: High-severity BASELINE_SPIKE with substantial financial exposure (₹246,390.99) exceeding risk threshold.",Verify user trading history; request KYC Tier-2 verification if unverified.,OPEN
INC_94C33A049D,ANO_9AC92E34B9,TX_ANO_DEP_F9013A57,USR_07388,2026-08-17 06:42:31+00:00,BASELINE_SPIKE,4,5,243595.31,248.07,P1,"P1 CRITICAL: High-severity BASELINE_SPIKE with substantial financial exposure (₹243,595.31) exceeding risk threshold.",Verify user trading history; request KYC Tier-2 verification if unverified.,OPEN
INC_3753C29077,ANO_F01C58AE62,TX_ANO_WTH_6F239222,USR_07388,2026-08-17 06:46:31+00:00,BASELINE_SPIKE,4,5,243595.31,248.07,P1,"P1 CRITICAL: High-severity BASELINE_SPIKE with substantial financial exposure (₹243,595.31) exceeding risk threshold.",Verify user trading history; request KYC Tier-2 verification if unverified.,OPEN
INC_EE7B03B658,ANO_EDEC7253CC,TX_ANO_DEP_AA666688,USR_07326,2026-08-11 17:59:12+00:00,BASELINE_SPIKE,4,5,208476.48,244.95,P1,"P1 CRITICAL: High-severity BASELINE_SPIKE with substantial financial exposure (₹208,476.48) exceeding risk threshold.",Verify user trading history; request KYC Tier-2 verification if unverified.,OPEN
INC_F44763276C,ANO_0415E90E9B,TX_ANO_WTH_257B770E,USR_07326,2026-08-11 18:06:12+00:00,BASELINE_SPIKE,4,5,208476.48,244.95,P1,"P1 CRITICAL: High-severity BASELINE_SPIKE with substantial financial exposure (₹208,476.48) exceeding risk threshold.",Verify user trading history; request KYC Tier-2 verification if unverified.,OPEN
INC_48077DA453,ANO_E73A11BE10,TX_ANO_FEE_3AAEBC95,USR_07536,2026-08-06 22:41:50+00:00,BASELINE_SPIKE,4,5,142628.9,237.36,P1,"P1 CRITICAL: High-severity BASELINE_SPIKE with substantial financial exposure (₹142,628.90) exceeding risk threshold.",Verify user trading history; request KYC Tier-2 verification if unverified.,OPEN
INC_7D5305E077,ANO_8242CC92B0,TX_ANO_FEE_D52E02BD,USR_04206,2026-08-24 16:19:36+00:00,BASELINE_SPIKE,4,5,138716.98,236.8,P1,"P1 CRITICAL: High-severity BASELINE_SPIKE with substantial financial exposure (₹138,716.98) exceeding risk threshold.",Verify user trading history; request KYC Tier-2 verification if unverified.,OPEN
INC_2885B7E041,ANO_B9246D76DE,TX_ANO_FEE_9762DD1E,USR_02764,2026-09-09 13:20:33+00:00,BASELINE_SPIKE,4,5,138430.93,236.76,P1,"P1 CRITICAL: High-severity BASELINE_SPIKE with substantial financial exposure (₹138,430.93) exceeding risk threshold.",Verify user trading history; request KYC Tier-2 verification if unverified.,OPEN
INC_434145E63B,ANO_A67CB6A919,TX_ANO_FEE_1F6630E6,USR_05451,2026-08-26 06:18:42+00:00,BASELINE_SPIKE,4,5,135017.64,236.26,P1,"P1 CRITICAL: High-severity BASELINE_SPIKE with substantial financial exposure (₹135,017.64) exceeding risk threshold.",Verify user trading history; request KYC Tier-2 verification if unverified.,OPEN
INC_2C48962C08,ANO_80483C074A,TX_ANO_FEE_40298B8B,USR_02022,2026-09-15 18:38:07+00:00,BASELINE_SPIKE,4,5,129877.0,235.49,P1,"P1 CRITICAL: High-severity BASELINE_SPIKE with substantial financial exposure (₹129,877.00) exceeding risk threshold.",Verify user trading history; request KYC Tier-2 verification if unverified.,OPEN
INC_2CEBA82D74,ANO_AD5D8A45C9,TX_ANO_FEE_FD4C73CA,USR_07187,2026-08-27 20:04:17+00:00,BASELINE_SPIKE,4,5,129695.56,235.46,P1,"P1 CRITICAL: High-severity BASELINE_SPIKE with substantial financial exposure (₹129,695.56) exceeding risk threshold.",Verify user trading history; request KYC Tier-2 verification if unverified.,OPEN
INC_8E73D52AA9,ANO_589F5EE95D,TX_ANO_FEE_B025977B,USR_03680,2026-08-05 03:41:11+00:00,BASELINE_SPIKE,4,5,129470.96,235.42,P1,"P1 CRITICAL: High-severity BASELINE_SPIKE with substantial financial exposure (₹129,470.96) exceeding risk threshold.",Verify user trading history; request KYC Tier-2 verification if unverified.,OPEN
INC_F21A8D6616,ANO_3BD6926AAD,TX_ANO_FEE_7828E5F3,USR_09918,2026-08-21 06:26:28+00:00,BASELINE_SPIKE,4,5,122775.11,234.36,P1,"P1 CRITICAL: High-severity BASELINE_SPIKE with substantial financial exposure (₹122,775.11) exceeding risk threshold.",Verify user trading history; request KYC Tier-2 verification if unverified.,OPEN
INC_5004062E3B,ANO_1D93864CE5,TX_ANO_FEE_3970E4E0,USR_09735,2026-08-19 09:57:49+00:00,BASELINE_SPIKE,4,5,117465.65,233.48,P1,"P1 CRITICAL: High-severity BASELINE_SPIKE with substantial financial exposure (₹117,465.65) exceeding risk threshold.",Verify user trading history; request KYC Tier-2 verification if unverified.,OPEN
INC_7FA90B7659,ANO_4FDD432053,TX_ANO_FEE_07749401,USR_03857,2026-09-02 08:30:22+00:00,BASELINE_SPIKE,4,5,117034.42,233.4,P1,"P1 CRITICAL: High-severity BASELINE_SPIKE with substantial financial exposure (₹117,034.42) exceeding risk threshold.",Verify user trading history; request KYC Tier-2 verification if unverified.,OPEN
INC_9DE7D8C893,ANO_A8DFB25322,TX_ANO_FEE_98BB05DD,USR_00013,2026-09-15 00:57:45+00:00,BASELINE_SPIKE,4,5,114784.69,233.02,P1,"P1 CRITICAL: High-severity BASELINE_SPIKE with substantial financial exposure (₹114,784.69) exceeding risk threshold.",Verify user trading history; request KYC Tier-2 verification if unverified.,OPEN
INC_C14589FADE,ANO_8B12AA2F6E,TX_ANO_FEE_C993FD5B,USR_03778,2026-09-09 10:38:53+00:00,BASELINE_SPIKE,4,5,114760.83,233.01,P1,"P1 CRITICAL: High-severity BASELINE_SPIKE with substantial financial exposure (₹114,760.83) exceeding risk threshold.",Verify user trading history; request KYC Tier-2 verification if unverified.,OPEN
INC_109B80B0E5,ANO_604D6C912F,TX_ANO_FEE_2DA9827A,USR_01427,2026-09-01 23:24:08+00:00,BASELINE_SPIKE,4,5,100926.77,230.44,P1,"P1 CRITICAL: High-severity BASELINE_SPIKE with substantial financial exposure (₹100,926.77) exceeding risk threshold.",Verify user trading history; request KYC Tier-2 verification if unverified.,OPEN
INC_0196FADF42,ANO_C9811CC149,TX_ANO_FEE_285CE83F,USR_06450,2026-08-13 03:54:02+00:00,BASELINE_SPIKE,4,5,95768.37,229.39,P1,"P1 CRITICAL: High-severity BASELINE_SPIKE with substantial financial exposure (₹95,768.37) exceeding risk threshold.",Verify user trading history; request KYC Tier-2 verification if unverified.,OPEN
INC_59DC0DED4E,ANO_C1F13141D9,TX_ANO_FEE_EAE6033F,USR_07893,2026-08-19 12:50:04+00:00,BASELINE_SPIKE,4,5,91186.94,228.41,P1,"P1 CRITICAL: High-severity BASELINE_SPIKE with substantial financial exposure (₹91,186.94) exceeding risk threshold.",Verify user trading history; request KYC Tier-2 verification if unverified.,OPEN
INC_A3DBB72C65,ANO_72EE01C7C9,TX_ANO_FEE_F7BA790A,USR_01041,2026-08-11 04:28:18+00:00,BASELINE_SPIKE,4,5,90887.72,228.35,P1,"P1 CRITICAL: High-severity BASELINE_SPIKE with substantial financial exposure (₹90,887.72) exceeding risk threshold.",Verify user trading history; request KYC Tier-2 verification if unverified.,OPEN
INC_800A4DD2F9,ANO_68F29A2E58,TX_ANO_FEE_650F8364,USR_04649,2026-08-04 07:10:01+00:00,BASELINE_SPIKE,4,5,84154.8,226.81,P1,"P1 CRITICAL: High-severity BASELINE_SPIKE with substantial financial exposure (₹84,154.80) exceeding risk threshold.",Verify user trading history; request KYC Tier-2 verification if unverified.,OPEN
INC_3C7099BB8C,ANO_58119D75EE,TX_ANO_FEE_6EABAAF8,USR_04709,2026-09-14 15:30:12+00:00,BASELINE_SPIKE,4,5,83912.81,226.75,P1,"P1 CRITICAL: High-severity BASELINE_SPIKE with substantial financial exposure (₹83,912.81) exceeding risk threshold.",Verify user trading history; request KYC Tier-2 verification if unverified.,OPEN
INC_B69457CD9E,ANO_E30153F3BC,TX_ANO_FEE_D559B09D,USR_06583,2026-08-02 11:42:33+00:00,BASELINE_SPIKE,4,5,83051.59,226.54,P1,"P1 CRITICAL: High-severity BASELINE_SPIKE with substantial financial exposure (₹83,051.59) exceeding risk threshold.",Verify user trading history; request KYC Tier-2 verification if unverified.,OPEN
INC_6195E134BD,ANO_1B5E00AD46,TX_ANO_FEE_436EB94A,USR_07335,2026-09-05 07:13:52+00:00,BASELINE_SPIKE,4,5,82512.55,226.41,P1,"P1 CRITICAL: High-severity BASELINE_SPIKE with substantial financial exposure (₹82,512.55) exceeding risk threshold.",Verify user trading history; request KYC Tier-2 verification if unverified.,OPEN
INC_342ED2512E,ANO_C1823B6224,TX_ANO_FEE_1F7322DE,USR_07011,2026-08-04 20:46:42+00:00,BASELINE_SPIKE,4,5,80235.63,225.85,P1,"P1 CRITICAL: High-severity BASELINE_SPIKE with substantial financial exposure (₹80,235.63) exceeding risk threshold.",Verify user trading history; request KYC Tier-2 verification if unverified.,OPEN
INC_9E749FE5CC,ANO_B5BE8BD945,TX_ANO_FEE_E0455D6B,USR_02055,2026-08-06 20:40:24+00:00,BASELINE_SPIKE,4,5,78573.37,225.44,P1,"P1 CRITICAL: High-severity BASELINE_SPIKE with substantial financial exposure (₹78,573.37) exceeding risk threshold.",Verify user trading history; request KYC Tier-2 verification if unverified.,OPEN
INC_20DC923C75,ANO_8E09150E47,TX_ANO_FEE_EC37A20C,USR_00903,2026-08-02 03:02:31+00:00,BASELINE_SPIKE,4,5,73886.42,224.21,P1,"P1 CRITICAL: High-severity BASELINE_SPIKE with substantial financial exposure (₹73,886.42) exceeding risk threshold.",Verify user trading history; request KYC Tier-2 verification if unverified.,OPEN
INC_4E8961D209,ANO_FBD40DF9CF,TX_ANO_FEE_1CFD0D11,USR_03780,2026-09-02 15:19:17+00:00,BASELINE_SPIKE,4,5,72598.66,223.85,P1,"P1 CRITICAL: High-severity BASELINE_SPIKE with substantial financial exposure (₹72,598.66) exceeding risk threshold.",Verify user trading history; request KYC Tier-2 verification if unverified.,OPEN
INC_B03A8C5CEC,ANO_AD7EED30AF,TX_ANO_FEE_D1AB282C,USR_04204,2026-08-22 20:33:07+00:00,BASELINE_SPIKE,4,5,71702.97,223.61,P1,"P1 CRITICAL: High-severity BASELINE_SPIKE with substantial financial exposure (₹71,702.97) exceeding risk threshold.",Verify user trading history; request KYC Tier-2 verification if unverified.,OPEN
INC_C6E70AE214,ANO_D349456505,TX_3EFCA523E441,USR_05513,2026-09-14 09:28:30+00:00,BASELINE_SPIKE,4,4,1017778.77,221.33,P1,"P1 CRITICAL: High-severity BASELINE_SPIKE with substantial financial exposure (₹1,017,778.77) exceeding risk threshold.",Initiate outbound phone verification; inspect recent device IP and 2FA changes; check order book liquidity depth.,OPEN
INC_8781212E34,ANO_A824014765,TX_DD860783516B,USR_01757,2026-09-04 13:29:17+00:00,BASELINE_SPIKE,4,4,1007560.61,221.17,P1,"P1 CRITICAL: High-severity BASELINE_SPIKE with substantial financial exposure (₹1,007,560.61) exceeding risk threshold.",Initiate outbound phone verification; inspect recent device IP and 2FA changes; check order book liquidity depth.,OPEN
INC_BB995C1E55,ANO_32A5CD5E27,TX_ANO_FEE_6FB0C7A0,USR_08318,2026-08-29 10:32:11+00:00,BASELINE_SPIKE,4,5,63454.95,221.16,P1,"P1 CRITICAL: High-severity BASELINE_SPIKE with substantial financial exposure (₹63,454.95) exceeding risk threshold.",Verify user trading history; request KYC Tier-2 verification if unverified.,OPEN
INC_F40455161C,ANO_3A4CB57E1E,TX_C7AD67A1AE42,USR_05881,2026-08-21 07:01:07+00:00,BASELINE_SPIKE,4,4,1003186.01,221.1,P1,"P1 CRITICAL: High-severity BASELINE_SPIKE with substantial financial exposure (₹1,003,186.01) exceeding risk threshold.",Initiate outbound phone verification; inspect recent device IP and 2FA changes; check order book liquidity depth.,OPEN
INC_AFD8046B0E,ANO_1C6626F2D2,TX_185E4CD4C005,USR_05385,2026-08-05 11:18:06+00:00,BASELINE_SPIKE,4,4,992044.94,220.92,P1,"P1 CRITICAL: High-severity BASELINE_SPIKE with substantial financial exposure (₹992,044.94) exceeding risk threshold.",Initiate outbound phone verification; inspect recent device IP and 2FA changes; check order book liquidity depth.,OPEN
INC_3C2ABB89C2,ANO_AE23B9BCE1,TX_1E17EF1EFFB1,USR_04829,2026-09-19 10:13:28+00:00,BASELINE_SPIKE,4,4,989643.43,220.88,P1,"P1 CRITICAL: High-severity BASELINE_SPIKE with substantial financial exposure (₹989,643.43) exceeding risk threshold.",Initiate outbound phone verification; inspect recent device IP and 2FA changes; check order book liquidity depth.,OPEN
INC_A1B4169A5D,ANO_A07041FEFF,TX_ANO_FEE_7090A343,USR_01661,2026-09-03 21:06:57+00:00,BASELINE_SPIKE,4,5,62504.21,220.86,P1,"P1 CRITICAL: High-severity BASELINE_SPIKE with substantial financial exposure (₹62,504.21) exceeding risk threshold.",Verify user trading history; request KYC Tier-2 verification if unverified.,OPEN
INC_F58FC73A48,ANO_5DDDE71F28,TX_5ABB4169B75D,USR_01162,2026-08-11 07:46:05+00:00,BASELINE_SPIKE,4,4,984660.09,220.8,P1,"P1 CRITICAL: High-severity BASELINE_SPIKE with substantial financial exposure (₹984,660.09) exceeding risk threshold.",Initiate outbound phone verification; inspect recent device IP and 2FA changes; check order book liquidity depth.,OPEN
INC_9F5C3195D5,ANO_5A150499CD,TX_ANO_FEE_6ED38941,USR_04493,2026-08-17 21:57:34+00:00,BASELINE_SPIKE,4,5,61994.18,220.7,P1,"P1 CRITICAL: High-severity BASELINE_SPIKE with substantial financial exposure (₹61,994.18) exceeding risk threshold.",Verify user trading history; request KYC Tier-2 verification if unverified.,OPEN
INC_4A5AD65B1A,ANO_64DD413BC1,TX_ACA1B13B658A,USR_07585,2026-09-09 17:24:48+00:00,BASELINE_SPIKE,4,4,969865.2,220.56,P1,"P1 CRITICAL: High-severity BASELINE_SPIKE with substantial financial exposure (₹969,865.20) exceeding risk threshold.",Initiate outbound phone verification; inspect recent device IP and 2FA changes; check order book liquidity depth.,OPEN
INC_3ACAB58A9C,ANO_478CC5FFDF,TX_A4CFE034BE25,USR_05405,2026-09-05 09:02:51+00:00,BASELINE_SPIKE,4,4,967969.14,220.53,P1,"P1 CRITICAL: High-severity BASELINE_SPIKE with substantial financial exposure (₹967,969.14) exceeding risk threshold.",Initiate outbound phone verification; inspect recent device IP and 2FA changes; check order book liquidity depth.,OPEN
INC_ED6E4D7B33,ANO_DC387FCA21,TX_80C889951333,USR_07739,2026-09-19 07:33:36+00:00,BASELINE_SPIKE,4,4,963152.74,220.45,P1,"P1 CRITICAL: High-severity BASELINE_SPIKE with substantial financial exposure (₹963,152.74) exceeding risk threshold.",Initiate outbound phone verification; inspect recent device IP and 2FA changes; check order book liquidity depth.,OPEN
INC_3D2D2F5051,ANO_33398DFC12,TX_C6C4D7661065,USR_03182,2026-08-27 16:05:08+00:00,BASELINE_SPIKE,4,4,947603.68,220.19,P1,"P1 CRITICAL: High-severity BASELINE_SPIKE with substantial financial exposure (₹947,603.68) exceeding risk threshold.",Initiate outbound phone verification; inspect recent device IP and 2FA changes; check order book liquidity depth.,OPEN
INC_DEF7BB3AE3,ANO_B0BC032642,TX_5F1322B53253,USR_03714,2026-09-16 12:48:21+00:00,BASELINE_SPIKE,4,4,941457.25,220.08,P1,"P1 CRITICAL: High-severity BASELINE_SPIKE with substantial financial exposure (₹941,457.25) exceeding risk threshold.",Initiate outbound phone verification; inspect recent device IP and 2FA changes; check order book liquidity depth.,OPEN
INC_3916CD952A,ANO_8E18FAA3F8,TX_ANO_FEE_192EDC02,USR_09479,2026-08-03 20:58:52+00:00,BASELINE_SPIKE,4,5,59115.99,219.75,P1,"P1 CRITICAL: High-severity BASELINE_SPIKE with substantial financial exposure (₹59,115.99) exceeding risk threshold.",Verify user trading history; request KYC Tier-2 verification if unverified.,OPEN
INC_0F54998B77,ANO_E390D78368,TX_CD6D83D8A13D,USR_03319,2026-09-19 19:35:50+00:00,BASELINE_SPIKE,4,4,904481.41,219.44,P1,"P1 CRITICAL: High-severity BASELINE_SPIKE with substantial financial exposure (₹904,481.41) exceeding risk threshold.",Initiate outbound phone verification; inspect recent device IP and 2FA changes; check order book liquidity depth.,OPEN
INC_32F580375D,ANO_A836A70740,TX_40F0A9138B90,USR_07115,2026-09-14 07:37:03+00:00,BASELINE_SPIKE,4,4,889025.36,219.17,P1,"P1 CRITICAL: High-severity BASELINE_SPIKE with substantial financial exposure (₹889,025.36) exceeding risk threshold.",Initiate outbound phone verification; inspect recent device IP and 2FA changes; check order book liquidity depth.,OPEN
INC_67A77671BD,ANO_01946B697D,TX_919BC11DCB95,USR_01238,2026-08-02 05:10:33+00:00,BASELINE_SPIKE,4,4,888408.46,219.16,P1,"P1 CRITICAL: High-severity BASELINE_SPIKE with substantial financial exposure (₹888,408.46) exceeding risk threshold.",Initiate outbound phone verification; inspect recent device IP and 2FA changes; check order book liquidity depth.,OPEN
INC_37A3919813,ANO_8E867D9A20,TX_02DBAE4B005A,USR_07481,2026-08-05 21:09:01+00:00,BASELINE_SPIKE,4,4,881273.78,219.03,P1,"P1 CRITICAL: High-severity BASELINE_SPIKE with substantial financial exposure (₹881,273.78) exceeding risk threshold.",Initiate outbound phone verification; inspect recent device IP and 2FA changes; check order book liquidity depth.,OPEN
INC_C17D8D4F80,ANO_2AAC7AE4DF,TX_AFD9B3E17FB8,USR_06934,2026-08-09 20:56:29+00:00,BASELINE_SPIKE,4,4,867273.41,218.77,P1,"P1 CRITICAL: High-severity BASELINE_SPIKE with substantial financial exposure (₹867,273.41) exceeding risk threshold.",Initiate outbound phone verification; inspect recent device IP and 2FA changes; check order book liquidity depth.,OPEN
INC_D49629EE16,ANO_B1939B650D,TX_ANO_FEE_9DC3AA28,USR_09944,2026-08-11 07:02:33+00:00,BASELINE_SPIKE,4,5,55580.84,218.51,P1,"P1 CRITICAL: High-severity BASELINE_SPIKE with substantial financial exposure (₹55,580.84) exceeding risk threshold.",Verify user trading history; request KYC Tier-2 verification if unverified.,OPEN
INC_55DD6E3698,ANO_921EA3A118,TX_7A512820BD25,USR_04991,2026-08-10 17:29:25+00:00,BASELINE_SPIKE,4,4,847446.33,218.4,P1,"P1 CRITICAL: High-severity BASELINE_SPIKE with substantial financial exposure (₹847,446.33) exceeding risk threshold.",Initiate outbound phone verification; inspect recent device IP and 2FA changes; check order book liquidity depth.,OPEN
INC_8EF8B37D2E,ANO_71411EEC99,TX_57DAFC2F3889,USR_03714,2026-08-18 13:22:52+00:00,BASELINE_SPIKE,4,4,842633.62,218.31,P1,"P1 CRITICAL: High-severity BASELINE_SPIKE with substantial financial exposure (₹842,633.62) exceeding risk threshold.",Initiate outbound phone verification; inspect recent device IP and 2FA changes; check order book liquidity depth.,OPEN
INC_838ABE2A95,ANO_EAA0265499,TX_BAC7695AFFDC,USR_09377,2026-08-16 01:58:27+00:00,BASELINE_SPIKE,4,4,836928.2,218.2,P1,"P1 CRITICAL: High-severity BASELINE_SPIKE with substantial financial exposure (₹836,928.20) exceeding risk threshold.",Initiate outbound phone verification; inspect recent device IP and 2FA changes; check order book liquidity depth.,OPEN
INC_62D537B7AB,ANO_69CEE5D178,TX_08526E708444,USR_03405,2026-08-10 20:07:34+00:00,BASELINE_SPIKE,4,4,825573.56,217.98,P1,"P1 CRITICAL: High-severity BASELINE_SPIKE with substantial financial exposure (₹825,573.56) exceeding risk threshold.",Initiate outbound phone verification; inspect recent device IP and 2FA changes; check order book liquidity depth.,OPEN
INC_51C5D334C3,ANO_7488AF5D03,TX_ANO_SPK_C4A58988,USR_05263,2026-09-04 22:30:04+00:00,BASELINE_SPIKE,4,5,53681.57,217.82,P1,"P1 CRITICAL: High-severity BASELINE_SPIKE with substantial financial exposure (₹53,681.57) exceeding risk threshold.",Verify user trading history; request KYC Tier-2 verification if unverified.,OPEN
INC_4A693F8A2F,ANO_555764C92F,TX_ANO_SPK_2F58C1FB,USR_02335,2026-08-15 12:46:31+00:00,BASELINE_SPIKE,4,5,53668.73,217.81,P1,"P1 CRITICAL: High-severity BASELINE_SPIKE with substantial financial exposure (₹53,668.73) exceeding risk threshold.",Verify user trading history; request KYC Tier-2 verification if unverified.,OPEN
INC_0C40625610,ANO_7DB0030B0C,TX_ANO_SPK_37D85EDA,USR_06408,2026-08-14 18:04:25+00:00,BASELINE_SPIKE,4,5,53047.56,217.58,P1,"P1 CRITICAL: High-severity BASELINE_SPIKE with substantial financial exposure (₹53,047.56) exceeding risk threshold.",Verify user trading history; request KYC Tier-2 verification if unverified.,OPEN
INC_FACA4E79AA,ANO_B87B519C10,TX_ANO_SPK_964C5D23,USR_08975,2026-09-11 04:05:16+00:00,BASELINE_SPIKE,4,5,53000.71,217.56,P1,"P1 CRITICAL: High-severity BASELINE_SPIKE with substantial financial exposure (₹53,000.71) exceeding risk threshold.",Verify user trading history; request KYC Tier-2 verification if unverified.,OPEN
INC_C0E6187F5D,ANO_942201A08C,TX_7F630EC3A0A2,USR_07107,2026-08-03 12:39:50+00:00,BASELINE_SPIKE,4,4,802544.86,217.53,P1,"P1 CRITICAL: High-severity BASELINE_SPIKE with substantial financial exposure (₹802,544.86) exceeding risk threshold.",Initiate outbound phone verification; inspect recent device IP and 2FA changes; check order book liquidity depth.,OPEN
INC_3B529C99DC,ANO_93CA8BD777,TX_ANO_SPK_324A4820,USR_09317,2026-09-05 11:39:20+00:00,BASELINE_SPIKE,4,5,52911.44,217.53,P1,"P1 CRITICAL: High-severity BASELINE_SPIKE with substantial financial exposure (₹52,911.44) exceeding risk threshold.",Verify user trading history; request KYC Tier-2 verification if unverified.,OPEN
INC_915F2F506B,ANO_7E0E7CE159,TX_ANO_SPK_2D461D32,USR_06375,2026-09-16 19:34:43+00:00,BASELINE_SPIKE,4,5,52858.94,217.51,P1,"P1 CRITICAL: High-severity BASELINE_SPIKE with substantial financial exposure (₹52,858.94) exceeding risk threshold.",Verify user trading history; request KYC Tier-2 verification if unverified.,OPEN
INC_A88788E8D6,ANO_D23BD3B007,TX_ANO_SPK_5821E0B8,USR_01974,2026-08-27 17:01:35+00:00,BASELINE_SPIKE,4,5,52741.12,217.46,P1,"P1 CRITICAL: High-severity BASELINE_SPIKE with substantial financial exposure (₹52,741.12) exceeding risk threshold.",Verify user trading history; request KYC Tier-2 verification if unverified.,OPEN
INC_D5A3221570,ANO_F286B65851,TX_ANO_SPK_B5F41A16,USR_09725,2026-09-15 02:28:53+00:00,BASELINE_SPIKE,4,5,52715.78,217.45,P1,"P1 CRITICAL: High-severity BASELINE_SPIKE with substantial financial exposure (₹52,715.78) exceeding risk threshold.",Verify user trading history; request KYC Tier-2 verification if unverified.,OPEN
INC_33EE58C248,ANO_D9C07AFD3C,TX_D7B958935858,USR_09516,2026-08-04 07:04:49+00:00,BASELINE_SPIKE,4,4,794727.85,217.37,P1,"P1 CRITICAL: High-severity BASELINE_SPIKE with substantial financial exposure (₹794,727.85) exceeding risk threshold.",Initiate outbound phone verification; inspect recent device IP and 2FA changes; check order book liquidity depth.,OPEN
INC_F425BFA4B4,ANO_7765410CE6,TX_ANO_SPK_1D27480B,USR_05174,2026-09-06 02:36:03+00:00,BASELINE_SPIKE,4,5,52133.82,217.23,P1,"P1 CRITICAL: High-severity BASELINE_SPIKE with substantial financial exposure (₹52,133.82) exceeding risk threshold.",Verify user trading history; request KYC Tier-2 verification if unverified.,OPEN
INC_C3131CDE12,ANO_99462B6D68,TX_ANO_SPK_60C9351C,USR_09374,2026-08-07 06:17:39+00:00,BASELINE_SPIKE,4,5,51927.66,217.15,P1,"P1 CRITICAL: High-severity BASELINE_SPIKE with substantial financial exposure (₹51,927.66) exceeding risk threshold.",Verify user trading history; request KYC Tier-2 verification if unverified.,OPEN
INC_A644444642,ANO_B43B2A7124,TX_ANO_SPK_5042A843,USR_00723,2026-08-01 13:06:40+00:00,BASELINE_SPIKE,4,5,51507.54,216.99,P1,"P1 CRITICAL: High-severity BASELINE_SPIKE with substantial financial exposure (₹51,507.54) exceeding risk threshold.",Verify user trading history; request KYC Tier-2 verification if unverified.,OPEN
INC_02A25F8246,ANO_04FB861D0E,TX_ANO_SPK_BA14B742,USR_05259,2026-08-27 00:44:23+00:00,BASELINE_SPIKE,4,5,51226.92,216.88,P1,"P1 CRITICAL: High-severity BASELINE_SPIKE with substantial financial exposure (₹51,226.92) exceeding risk threshold.",Verify user trading history; request KYC Tier-2 verification if unverified.,OPEN
INC_7F1918CD8D,ANO_6C3B7EBC74,TX_1DE24D9FE018,USR_01860,2026-08-02 20:33:28+00:00,BASELINE_SPIKE,4,4,766711.68,216.8,P1,"P1 CRITICAL: High-severity BASELINE_SPIKE with substantial financial exposure (₹766,711.68) exceeding risk threshold.",Initiate outbound phone verification; inspect recent device IP and 2FA changes; check order book liquidity depth.,OPEN
INC_2DCA939902,ANO_5DA04C153E,TX_ANO_SPK_B4B6F066,USR_06007,2026-08-05 06:59:52+00:00,BASELINE_SPIKE,4,5,50550.55,216.61,P1,"P1 CRITICAL: High-severity BASELINE_SPIKE with substantial financial exposure (₹50,550.55) exceeding risk threshold.",Verify user trading history; request KYC Tier-2 verification if unverified.,OPEN
INC_BAF6DD0B8C,ANO_FC27285ED9,TX_ANO_SPK_345E0F34,USR_00076,2026-08-18 13:36:12+00:00,BASELINE_SPIKE,4,5,50257.06,216.5,P1,"P1 CRITICAL: High-severity BASELINE_SPIKE with substantial financial exposure (₹50,257.06) exceeding risk threshold.",Verify user trading history; request KYC Tier-2 verification if unverified.,OPEN
INC_127CCAE21C,ANO_217598291F,TX_ANO_SPK_07DB06EB,USR_04104,2026-09-07 17:18:41+00:00,BASELINE_SPIKE,4,5,50212.4,216.48,P1,"P1 CRITICAL: High-severity BASELINE_SPIKE with substantial financial exposure (₹50,212.40) exceeding risk threshold.",Verify user trading history; request KYC Tier-2 verification if unverified.,OPEN
INC_6F0D3AA1E9,ANO_99047AF7B4,TX_ANO_FEE_5BF484BD,USR_02309,2026-08-01 01:29:41+00:00,BASELINE_SPIKE,4,5,50196.32,216.47,P1,"P1 CRITICAL: High-severity BASELINE_SPIKE with substantial financial exposure (₹50,196.32) exceeding risk threshold.",Verify user trading history; request KYC Tier-2 verification if unverified.,OPEN
INC_9323A6EEC5,ANO_903EDBABE9,TX_ANO_SPK_79577602,USR_02896,2026-08-13 19:01:01+00:00,BASELINE_SPIKE,4,5,50158.21,216.46,P1,"P1 CRITICAL: High-severity BASELINE_SPIKE with substantial financial exposure (₹50,158.21) exceeding risk threshold.",Verify user trading history; request KYC Tier-2 verification if unverified.,OPEN
INC_068A6E7901,ANO_0F83AFE5AB,TX_ANO_SPK_160DECE1,USR_02069,2026-08-11 21:54:33+00:00,BASELINE_SPIKE,4,5,49294.5,216.11,P1,"P1 CRITICAL: High-severity BASELINE_SPIKE with substantial financial exposure (₹49,294.50) exceeding risk threshold.",Verify user trading history; request KYC Tier-2 verification if unverified.,OPEN
INC_71D816AB30,ANO_0BF6EBD5F8,TX_ANO_SPK_26806259,USR_02116,2026-08-01 20:34:22+00:00,BASELINE_SPIKE,4,5,49123.91,216.04,P1,"P1 CRITICAL: High-severity BASELINE_SPIKE with substantial financial exposure (₹49,123.91) exceeding risk threshold.",Verify user trading history; request KYC Tier-2 verification if unverified.,OPEN
INC_CCA15BE67B,ANO_C2D84B36FE,TX_ANO_SPK_EDD0B75C,USR_00978,2026-09-03 01:26:38+00:00,BASELINE_SPIKE,4,5,48862.35,215.94,P1,"P1 CRITICAL: High-severity BASELINE_SPIKE with substantial financial exposure (₹48,862.35) exceeding risk threshold.",Verify user trading history; request KYC Tier-2 verification if unverified.,OPEN
INC_17692FC338,ANO_A7438C3416,TX_ANO_SPK_FD092F7D,USR_03738,2026-09-17 00:02:23+00:00,BASELINE_SPIKE,4,5,48733.17,215.88,P1,"P1 CRITICAL: High-severity BASELINE_SPIKE with substantial financial exposure (₹48,733.17) exceeding risk threshold.",Verify user trading history; request KYC Tier-2 verification if unverified.,OPEN
INC_2076AF3E07,ANO_5B97516A64,TX_83B47087E350,USR_08099,2026-08-02 19:39:52+00:00,BASELINE_SPIKE,4,4,718679.08,215.76,P1,"P1 CRITICAL: High-severity BASELINE_SPIKE with substantial financial exposure (₹718,679.08) exceeding risk threshold.",Initiate outbound phone verification; inspect recent device IP and 2FA changes; check order book liquidity depth.,OPEN
INC_2797EAE7DA,ANO_472DD137C3,TX_ANO_SPK_1FAA68D8,USR_01868,2026-08-18 14:41:58+00:00,BASELINE_SPIKE,4,5,48429.44,215.76,P1,"P1 CRITICAL: High-severity BASELINE_SPIKE with substantial financial exposure (₹48,429.44) exceeding risk threshold.",Verify user trading history; request KYC Tier-2 verification if unverified.,OPEN
INC_A3326C5B56,ANO_CBB1339A56,TX_ANO_SPK_B4CEFDF1,USR_09014,2026-08-18 09:24:10+00:00,BASELINE_SPIKE,4,5,48411.79,215.75,P1,"P1 CRITICAL: High-severity BASELINE_SPIKE with substantial financial exposure (₹48,411.79) exceeding risk threshold.",Verify user trading history; request KYC Tier-2 verification if unverified.,OPEN
INC_81326CA4AB,ANO_D888A5B15D,TX_ANO_SPK_1F8FFE72,USR_09710,2026-08-31 12:34:20+00:00,BASELINE_SPIKE,4,5,48355.72,215.73,P1,"P1 CRITICAL: High-severity BASELINE_SPIKE with substantial financial exposure (₹48,355.72) exceeding risk threshold.",Verify user trading history; request KYC Tier-2 verification if unverified.,OPEN
INC_FAF4A52810,ANO_BEB917C4B5,TX_ANO_SPK_8DFA7D69,USR_00551,2026-08-13 20:37:12+00:00,BASELINE_SPIKE,4,5,48324.87,215.71,P1,"P1 CRITICAL: High-severity BASELINE_SPIKE with substantial financial exposure (₹48,324.87) exceeding risk threshold.",Verify user trading history; request KYC Tier-2 verification if unverified.,OPEN
INC_572CB94296,ANO_C889634DCF,TX_ANO_SPK_67662E41,USR_08880,2026-08-01 10:15:50+00:00,BASELINE_SPIKE,4,5,48281.21,215.7,P1,"P1 CRITICAL: High-severity BASELINE_SPIKE with substantial financial exposure (₹48,281.21) exceeding risk threshold.",Verify user trading history; request KYC Tier-2 verification if unverified.,OPEN
INC_DBC9A50AC0,ANO_B875F57E1B,TX_ANO_SPK_9C6B0F24,USR_00097,2026-09-10 09:24:52+00:00,BASELINE_SPIKE,4,5,48165.08,215.65,P1,"P1 CRITICAL: High-severity BASELINE_SPIKE with substantial financial exposure (₹48,165.08) exceeding risk threshold.",Verify user trading history; request KYC Tier-2 verification if unverified.,OPEN
INC_D113BF5693,ANO_CF5332D7A4,TX_ANO_SPK_21F98317,USR_08856,2026-09-19 09:39:49+00:00,BASELINE_SPIKE,4,5,48081.43,215.61,P1,"P1 CRITICAL: High-severity BASELINE_SPIKE with substantial financial exposure (₹48,081.43) exceeding risk threshold.",Verify user trading history; request KYC Tier-2 verification if unverified.,OPEN
INC_18D4C33398,ANO_3234CEC9E5,TX_ANO_SPK_18A97CA3,USR_03403,2026-08-10 15:53:53+00:00,BASELINE_SPIKE,4,5,48026.71,215.59,P1,"P1 CRITICAL: High-severity BASELINE_SPIKE with substantial financial exposure (₹48,026.71) exceeding risk threshold.",Verify user trading history; request KYC Tier-2 verification if unverified.,OPEN
INC_BBD82C724A,ANO_E624BD51B8,TX_ANO_SPK_70F04BB6,USR_07306,2026-09-13 19:35:43+00:00,BASELINE_SPIKE,4,5,47648.6,215.43,P1,"P1 CRITICAL: High-severity BASELINE_SPIKE with substantial financial exposure (₹47,648.60) exceeding risk threshold.",Verify user trading history; request KYC Tier-2 verification if unverified.,OPEN
INC_1CC4357194,ANO_C58FA37090,TX_81FFBCB78709,USR_09452,2026-08-03 14:19:44+00:00,BASELINE_SPIKE,4,4,703553.96,215.42,P1,"P1 CRITICAL: High-severity BASELINE_SPIKE with substantial financial exposure (₹703,553.96) exceeding risk threshold.",Initiate outbound phone verification; inspect recent device IP and 2FA changes; check order book liquidity depth.,OPEN
INC_78D5DD844C,ANO_588951FDD4,TX_ANO_SPK_FCE29426,USR_07247,2026-09-18 14:40:34+00:00,BASELINE_SPIKE,4,5,47497.23,215.37,P1,"P1 CRITICAL: High-severity BASELINE_SPIKE with substantial financial exposure (₹47,497.23) exceeding risk threshold.",Verify user trading history; request KYC Tier-2 verification if unverified.,OPEN
INC_359000D8F0,ANO_7D8101F12F,TX_ANO_SPK_BCD08FEF,USR_00685,2026-09-13 05:33:58+00:00,BASELINE_SPIKE,4,5,47276.57,215.28,P1,"P1 CRITICAL: High-severity BASELINE_SPIKE with substantial financial exposure (₹47,276.57) exceeding risk threshold.",Verify user trading history; request KYC Tier-2 verification if unverified.,OPEN
INC_707032C84B,ANO_B6B8F8600F,TX_ANO_SPK_66A875D2,USR_01021,2026-08-14 14:27:35+00:00,BASELINE_SPIKE,4,5,47153.42,215.22,P1,"P1 CRITICAL: High-severity BASELINE_SPIKE with substantial financial exposure (₹47,153.42) exceeding risk threshold.",Verify user trading history; request KYC Tier-2 verification if unverified.,OPEN
INC_568BC8C282,ANO_E67E4A866C,TX_ANO_SPK_D62B5CA4,USR_01084,2026-09-09 22:20:54+00:00,BASELINE_SPIKE,4,5,47153.96,215.22,P1,"P1 CRITICAL: High-severity BASELINE_SPIKE with substantial financial exposure (₹47,153.96) exceeding risk threshold.",Verify user trading history; request KYC Tier-2 verification if unverified.,OPEN
INC_A8B4E2A2AE,ANO_900A804BB2,TX_ANO_SPK_A84C4D5C,USR_04733,2026-08-10 08:03:45+00:00,BASELINE_SPIKE,4,5,46820.95,215.08,P1,"P1 CRITICAL: High-severity BASELINE_SPIKE with substantial financial exposure (₹46,820.95) exceeding risk threshold.",Verify user trading history; request KYC Tier-2 verification if unverified.,OPEN
INC_8D34F86529,ANO_F810E08552,TX_ANO_SPK_BF0D7C3B,USR_02089,2026-08-18 16:46:29+00:00,BASELINE_SPIKE,4,5,46416.21,214.91,P1,"P1 CRITICAL: High-severity BASELINE_SPIKE with substantial financial exposure (₹46,416.21) exceeding risk threshold.",Verify user trading history; request KYC Tier-2 verification if unverified.,OPEN
INC_2CDC179A63,ANO_4284C7C76B,TX_ANO_SPK_BD3103D3,USR_01657,2026-08-09 07:15:15+00:00,BASELINE_SPIKE,4,5,46349.52,214.88,P1,"P1 CRITICAL: High-severity BASELINE_SPIKE with substantial financial exposure (₹46,349.52) exceeding risk threshold.",Verify user trading history; request KYC Tier-2 verification if unverified.,OPEN
INC_F7F47122A9,ANO_247128FE20,TX_ANO_SPK_2AA7C4FA,USR_05983,2026-09-03 14:13:37+00:00,BASELINE_SPIKE,4,5,46049.68,214.75,P1,"P1 CRITICAL: High-severity BASELINE_SPIKE with substantial financial exposure (₹46,049.68) exceeding risk threshold.",Verify user trading history; request KYC Tier-2 verification if unverified.,OPEN
INC_05125B7030,ANO_4C4435A483,TX_B537CBD39351,USR_07305,2026-08-15 11:36:54+00:00,BASELINE_SPIKE,4,4,651410.45,214.19,P1,"P1 CRITICAL: High-severity BASELINE_SPIKE with substantial financial exposure (₹651,410.45) exceeding risk threshold.",Initiate outbound phone verification; inspect recent device IP and 2FA changes; check order book liquidity depth.,OPEN
INC_37143C1BF1,ANO_C19163EBDD,TX_C3B2D99E32E4,USR_01162,2026-08-10 22:29:45+00:00,BASELINE_SPIKE,4,4,643668.74,214.0,P1,"P1 CRITICAL: High-severity BASELINE_SPIKE with substantial financial exposure (₹643,668.74) exceeding risk threshold.",Initiate outbound phone verification; inspect recent device IP and 2FA changes; check order book liquidity depth.,OPEN
INC_1EEC650AB2,ANO_DBF16854A4,TX_ANO_SPK_C1961330,USR_01638,2026-09-12 21:17:18+00:00,BASELINE_SPIKE,4,5,44180.11,213.92,P1,"P1 CRITICAL: High-severity BASELINE_SPIKE with substantial financial exposure (₹44,180.11) exceeding risk threshold.",Verify user trading history; request KYC Tier-2 verification if unverified.,OPEN
INC_F0A9B1989A,ANO_1B2C111983,TX_ANO_SPK_EDF7C34C,USR_00036,2026-09-05 20:16:50+00:00,BASELINE_SPIKE,4,5,44155.71,213.91,P1,"P1 CRITICAL: High-severity BASELINE_SPIKE with substantial financial exposure (₹44,155.71) exceeding risk threshold.",Verify user trading history; request KYC Tier-2 verification if unverified.,OPEN
INC_6084804D67,ANO_8816F2F8CE,TX_ANO_SPK_91479D70,USR_02829,2026-08-04 11:42:20+00:00,BASELINE_SPIKE,4,5,44000.63,213.84,P1,"P1 CRITICAL: High-severity BASELINE_SPIKE with substantial financial exposure (₹44,000.63) exceeding risk threshold.",Verify user trading history; request KYC Tier-2 verification if unverified.,OPEN
INC_5A2E578076,ANO_FE1ABDC8EE,TX_ANO_SPK_CEDAEAE7,USR_01120,2026-08-14 09:57:32+00:00,BASELINE_SPIKE,4,5,43827.53,213.76,P1,"P1 CRITICAL: High-severity BASELINE_SPIKE with substantial financial exposure (₹43,827.53) exceeding risk threshold.",Verify user trading history; request KYC Tier-2 verification if unverified.,OPEN
INC_FD2B9DB4E0,ANO_41E6AF9D59,TX_201124D2C7CF,USR_06350,2026-08-13 19:07:38+00:00,BASELINE_SPIKE,4,4,629863.4,213.65,P1,"P1 CRITICAL: High-severity BASELINE_SPIKE with substantial financial exposure (₹629,863.40) exceeding risk threshold.",Initiate outbound phone verification; inspect recent device IP and 2FA changes; check order book liquidity depth.,OPEN
INC_AD27240DCA,ANO_74B3D17D03,TX_ANO_SPK_AEB5B00D,USR_08457,2026-09-04 05:00:33+00:00,BASELINE_SPIKE,4,5,43395.96,213.56,P1,"P1 CRITICAL: High-severity BASELINE_SPIKE with substantial financial exposure (₹43,395.96) exceeding risk threshold.",Verify user trading history; request KYC Tier-2 verification if unverified.,OPEN
INC_AF3429059F,ANO_45C1ADA6BA,TX_ANO_SPK_FD26ADFD,USR_02939,2026-08-16 10:34:49+00:00,BASELINE_SPIKE,4,5,42839.06,213.3,P1,"P1 CRITICAL: High-severity BASELINE_SPIKE with substantial financial exposure (₹42,839.06) exceeding risk threshold.",Verify user trading history; request KYC Tier-2 verification if unverified.,OPEN
INC_2F33D127E9,ANO_4F082B4D05,TX_ANO_SPK_FA33C277,USR_06426,2026-09-14 01:56:38+00:00,BASELINE_SPIKE,4,5,41935.28,212.88,P1,"P1 CRITICAL: High-severity BASELINE_SPIKE with substantial financial exposure (₹41,935.28) exceeding risk threshold.",Verify user trading history; request KYC Tier-2 verification if unverified.,OPEN
INC_D03FE331FD,ANO_966197EDB0,TX_ANO_SPK_5E870DE1,USR_03289,2026-09-14 03:56:14+00:00,BASELINE_SPIKE,4,5,41693.13,212.76,P1,"P1 CRITICAL: High-severity BASELINE_SPIKE with substantial financial exposure (₹41,693.13) exceeding risk threshold.",Verify user trading history; request KYC Tier-2 verification if unverified.,OPEN
INC_18661B2B66,ANO_96584D59ED,TX_ANO_SPK_6FA31320,USR_01145,2026-08-10 11:36:50+00:00,BASELINE_SPIKE,4,5,40814.9,212.34,P1,"P1 CRITICAL: High-severity BASELINE_SPIKE with substantial financial exposure (₹40,814.90) exceeding risk threshold.",Verify user trading history; request KYC Tier-2 verification if unverified.,OPEN
INC_2A66F736E6,ANO_E33B009801,TX_ANO_SPK_97836C0F,USR_08207,2026-08-17 11:18:38+00:00,BASELINE_SPIKE,4,5,40324.41,212.09,P1,"P1 CRITICAL: High-severity BASELINE_SPIKE with substantial financial exposure (₹40,324.41) exceeding risk threshold.",Verify user trading history; request KYC Tier-2 verification if unverified.,OPEN
INC_C81598DA55,ANO_1A44CCD429,TX_ANO_SPK_DAA06648,USR_09594,2026-08-11 13:52:05+00:00,BASELINE_SPIKE,4,5,39403.13,211.63,P1,"P1 CRITICAL: High-severity BASELINE_SPIKE with substantial financial exposure (₹39,403.13) exceeding risk threshold.",Verify user trading history; request KYC Tier-2 verification if unverified.,OPEN
INC_9A59C3C6DF,ANO_712EA901F8,TX_ANO_SPK_6E08EA99,USR_07596,2026-09-14 02:03:09+00:00,BASELINE_SPIKE,4,5,39295.93,211.58,P1,"P1 CRITICAL: High-severity BASELINE_SPIKE with substantial financial exposure (₹39,295.93) exceeding risk threshold.",Verify user trading history; request KYC Tier-2 verification if unverified.,OPEN
INC_CE39937BBA,ANO_3470EF93C5,TX_ANO_SPK_F3903355,USR_01567,2026-09-12 07:06:49+00:00,BASELINE_SPIKE,4,5,39070.94,211.46,P1,"P1 CRITICAL: High-severity BASELINE_SPIKE with substantial financial exposure (₹39,070.94) exceeding risk threshold.",Verify user trading history; request KYC Tier-2 verification if unverified.,OPEN
INC_71444916E9,ANO_418F1B740D,TX_ANO_SPK_EB145CE5,USR_04716,2026-09-12 04:21:26+00:00,BASELINE_SPIKE,4,5,38196.96,211.01,P1,"P1 CRITICAL: High-severity BASELINE_SPIKE with substantial financial exposure (₹38,196.96) exceeding risk threshold.",Verify user trading history; request KYC Tier-2 verification if unverified.,OPEN
INC_14AA9AD03A,ANO_2872CCFB06,TX_ANO_SPK_2AB28C8C,USR_05414,2026-09-02 21:17:42+00:00,BASELINE_SPIKE,4,5,37785.03,210.79,P1,"P1 CRITICAL: High-severity BASELINE_SPIKE with substantial financial exposure (₹37,785.03) exceeding risk threshold.",Verify user trading history; request KYC Tier-2 verification if unverified.,OPEN
INC_5348B38D51,ANO_43B6926210,TX_ANO_SPK_61243D67,USR_00436,2026-08-10 16:31:13+00:00,BASELINE_SPIKE,4,5,37449.61,210.62,P1,"P1 CRITICAL: High-severity BASELINE_SPIKE with substantial financial exposure (₹37,449.61) exceeding risk threshold.",Verify user trading history; request KYC Tier-2 verification if unverified.,OPEN
INC_7E45B697B5,ANO_A471C02356,TX_ANO_SPK_B5FE9DD8,USR_08805,2026-08-04 06:24:32+00:00,BASELINE_SPIKE,4,5,37391.46,210.58,P1,"P1 CRITICAL: High-severity BASELINE_SPIKE with substantial financial exposure (₹37,391.46) exceeding risk threshold.",Verify user trading history; request KYC Tier-2 verification if unverified.,OPEN
INC_458F1553EA,ANO_3DE7808B12,TX_ANO_SPK_9CEC695E,USR_08067,2026-09-02 06:29:46+00:00,BASELINE_SPIKE,4,5,37343.73,210.56,P1,"P1 CRITICAL: High-severity BASELINE_SPIKE with substantial financial exposure (₹37,343.73) exceeding risk threshold.",Verify user trading history; request KYC Tier-2 verification if unverified.,OPEN
INC_31E577EA64,ANO_30086990F0,TX_ANO_SPK_121F6E89,USR_04623,2026-08-18 04:38:37+00:00,BASELINE_SPIKE,4,5,37191.49,210.48,P1,"P1 CRITICAL: High-severity BASELINE_SPIKE with substantial financial exposure (₹37,191.49) exceeding risk threshold.",Verify user trading history; request KYC Tier-2 verification if unverified.,OPEN
INC_A668D5DF74,ANO_42AC4F723E,TX_ANO_SPK_12ED2DC8,USR_07785,2026-08-10 16:16:12+00:00,BASELINE_SPIKE,4,5,37010.47,210.38,P1,"P1 CRITICAL: High-severity BASELINE_SPIKE with substantial financial exposure (₹37,010.47) exceeding risk threshold.",Verify user trading history; request KYC Tier-2 verification if unverified.,OPEN
INC_7BDC3CFA84,ANO_5FAE2ED0BD,TX_ANO_SPK_3A517F1C,USR_01756,2026-09-16 16:53:50+00:00,BASELINE_SPIKE,4,5,37014.3,210.38,P1,"P1 CRITICAL: High-severity BASELINE_SPIKE with substantial financial exposure (₹37,014.30) exceeding risk threshold.",Verify user trading history; request KYC Tier-2 verification if unverified.,OPEN
INC_355846C063,ANO_CD7A507373,TX_ANO_SPK_5767AD50,USR_04461,2026-08-04 23:40:28+00:00,BASELINE_SPIKE,4,5,36284.85,209.98,P1,"P1 CRITICAL: High-severity BASELINE_SPIKE with substantial financial exposure (₹36,284.85) exceeding risk threshold.",Verify user trading history; request KYC Tier-2 verification if unverified.,OPEN
INC_13D6FB7F91,ANO_FED60389FC,TX_ANO_SPK_69585831,USR_08136,2026-08-07 10:45:05+00:00,BASELINE_SPIKE,4,5,36127.04,209.9,P1,"P1 CRITICAL: High-severity BASELINE_SPIKE with substantial financial exposure (₹36,127.04) exceeding risk threshold.",Verify user trading history; request KYC Tier-2 verification if unverified.,OPEN
INC_289ABC3F1A,ANO_C5AA460687,TX_ANO_SPK_46BFF288,USR_06485,2026-08-19 15:59:20+00:00,BASELINE_SPIKE,4,5,35853.36,209.74,P1,"P1 CRITICAL: High-severity BASELINE_SPIKE with substantial financial exposure (₹35,853.36) exceeding risk threshold.",Verify user trading history; request KYC Tier-2 verification if unverified.,OPEN
INC_2D97018FB0,ANO_2B4508D5E8,TX_ANO_SPK_7DDECE67,USR_01194,2026-08-29 04:34:47+00:00,BASELINE_SPIKE,4,5,35637.01,209.62,P1,"P1 CRITICAL: High-severity BASELINE_SPIKE with substantial financial exposure (₹35,637.01) exceeding risk threshold.",Verify user trading history; request KYC Tier-2 verification if unverified.,OPEN
INC_DB54F9D9E3,ANO_82622C6AF3,TX_ANO_SPK_EF5EE329,USR_09048,2026-09-13 22:58:36+00:00,BASELINE_SPIKE,4,5,34676.72,209.08,P1,"P1 CRITICAL: High-severity BASELINE_SPIKE with substantial financial exposure (₹34,676.72) exceeding risk threshold.",Verify user trading history; request KYC Tier-2 verification if unverified.,OPEN
INC_A3D8587A78,ANO_46DD9AF6E5,TX_ANO_SPK_B62BED90,USR_00848,2026-08-14 07:31:47+00:00,BASELINE_SPIKE,4,5,34529.21,208.99,P1,"P1 CRITICAL: High-severity BASELINE_SPIKE with substantial financial exposure (₹34,529.21) exceeding risk threshold.",Verify user trading history; request KYC Tier-2 verification if unverified.,OPEN
INC_6CC49EF9A4,ANO_B1A1771139,TX_ANO_SPK_78C52D9C,USR_06904,2026-08-16 11:29:30+00:00,BASELINE_SPIKE,4,5,34440.33,208.94,P1,"P1 CRITICAL: High-severity BASELINE_SPIKE with substantial financial exposure (₹34,440.33) exceeding risk threshold.",Verify user trading history; request KYC Tier-2 verification if unverified.,OPEN
INC_A987741BA7,ANO_D9DE68391E,TX_ANO_SPK_8CC14AAD,USR_03936,2026-08-16 16:19:55+00:00,BASELINE_SPIKE,4,5,34413.95,208.92,P1,"P1 CRITICAL: High-severity BASELINE_SPIKE with substantial financial exposure (₹34,413.95) exceeding risk threshold.",Verify user trading history; request KYC Tier-2 verification if unverified.,OPEN
INC_7819807C78,ANO_A302E0D96A,TX_ANO_SPK_E2BCC771,USR_09336,2026-08-21 04:46:10+00:00,BASELINE_SPIKE,4,5,34301.94,208.86,P1,"P1 CRITICAL: High-severity BASELINE_SPIKE with substantial financial exposure (₹34,301.94) exceeding risk threshold.",Verify user trading history; request KYC Tier-2 verification if unverified.,OPEN
INC_172FB8A577,ANO_063FFAD781,TX_ANO_SPK_AA259AA9,USR_02861,2026-09-01 22:32:17+00:00,BASELINE_SPIKE,4,5,34206.34,208.8,P1,"P1 CRITICAL: High-severity BASELINE_SPIKE with substantial financial exposure (₹34,206.34) exceeding risk threshold.",Verify user trading history; request KYC Tier-2 verification if unverified.,OPEN
INC_1610EED4B5,ANO_6E10B2B7B4,TX_ANO_SPK_4F871527,USR_09606,2026-09-13 01:32:10+00:00,BASELINE_SPIKE,4,5,34115.8,208.75,P1,"P1 CRITICAL: High-severity BASELINE_SPIKE with substantial financial exposure (₹34,115.80) exceeding risk threshold.",Verify user trading history; request KYC Tier-2 verification if unverified.,OPEN
INC_6EEB50D244,ANO_A7BD07929C,TX_ANO_SPK_283E11B2,USR_00982,2026-08-29 11:44:37+00:00,BASELINE_SPIKE,4,5,33993.36,208.68,P1,"P1 CRITICAL: High-severity BASELINE_SPIKE with substantial financial exposure (₹33,993.36) exceeding risk threshold.",Verify user trading history; request KYC Tier-2 verification if unverified.,OPEN
INC_8C5D4C1FDC,ANO_A1777F1ACF,TX_ANO_SPK_B68EA88F,USR_00068,2026-08-22 12:09:13+00:00,BASELINE_SPIKE,4,5,33408.15,208.33,P1,"P1 CRITICAL: High-severity BASELINE_SPIKE with substantial financial exposure (₹33,408.15) exceeding risk threshold.",Verify user trading history; request KYC Tier-2 verification if unverified.,OPEN
INC_785834992B,ANO_F4AA61B8EB,TX_ANO_SPK_DA6091F0,USR_04419,2026-08-22 08:19:05+00:00,BASELINE_SPIKE,4,5,33078.06,208.13,P1,"P1 CRITICAL: High-severity BASELINE_SPIKE with substantial financial exposure (₹33,078.06) exceeding risk threshold.",Verify user trading history; request KYC Tier-2 verification if unverified.,OPEN
INC_A2F9F2FF8E,ANO_BD7F8208C5,TX_ANO_SPK_30CC8125,USR_09751,2026-09-12 13:00:14+00:00,BASELINE_SPIKE,4,5,32775.67,207.95,P1,"P1 CRITICAL: High-severity BASELINE_SPIKE with substantial financial exposure (₹32,775.67) exceeding risk threshold.",Verify user trading history; request KYC Tier-2 verification if unverified.,OPEN
INC_8ACF6A1A03,ANO_1333C091C9,TX_ANO_SPK_F1C20A4B,USR_03257,2026-09-03 20:28:54+00:00,BASELINE_SPIKE,4,5,31955.11,207.44,P1,"P1 CRITICAL: High-severity BASELINE_SPIKE with substantial financial exposure (₹31,955.11) exceeding risk threshold.",Verify user trading history; request KYC Tier-2 verification if unverified.,OPEN
INC_88B46BE71A,ANO_2B4E97984E,TX_ANO_SPK_59B3FBE2,USR_09544,2026-08-17 02:02:46+00:00,BASELINE_SPIKE,4,5,31334.58,207.05,P1,"P1 CRITICAL: High-severity BASELINE_SPIKE with substantial financial exposure (₹31,334.58) exceeding risk threshold.",Verify user trading history; request KYC Tier-2 verification if unverified.,OPEN
INC_C2D3643720,ANO_E1CAABC8EA,TX_ANO_SPK_4DF8480B,USR_00714,2026-08-18 15:53:04+00:00,BASELINE_SPIKE,4,5,31320.93,207.04,P1,"P1 CRITICAL: High-severity BASELINE_SPIKE with substantial financial exposure (₹31,320.93) exceeding risk threshold.",Verify user trading history; request KYC Tier-2 verification if unverified.,OPEN
INC_C56D44517A,ANO_A37EA773F8,TX_ANO_SPK_2E174AAB,USR_02245,2026-09-07 19:00:50+00:00,BASELINE_SPIKE,4,5,31290.71,207.02,P1,"P1 CRITICAL: High-severity BASELINE_SPIKE with substantial financial exposure (₹31,290.71) exceeding risk threshold.",Verify user trading history; request KYC Tier-2 verification if unverified.,OPEN
INC_B86B11F291,ANO_B4DFEB72BA,TX_ANO_SPK_836C8549,USR_03873,2026-09-15 02:40:28+00:00,BASELINE_SPIKE,4,5,31031.0,206.86,P1,"P1 CRITICAL: High-severity BASELINE_SPIKE with substantial financial exposure (₹31,031.00) exceeding risk threshold.",Verify user trading history; request KYC Tier-2 verification if unverified.,OPEN
INC_8A78F03B4B,ANO_C3291362DD,TX_ANO_SPK_24F9BC64,USR_04461,2026-08-22 13:30:20+00:00,BASELINE_SPIKE,4,5,30905.19,206.77,P1,"P1 CRITICAL: High-severity BASELINE_SPIKE with substantial financial exposure (₹30,905.19) exceeding risk threshold.",Verify user trading history; request KYC Tier-2 verification if unverified.,OPEN
INC_62626164D8,ANO_0581C7F8D3,TX_ANO_SPK_095318BB,USR_05116,2026-08-10 16:46:58+00:00,BASELINE_SPIKE,4,5,30857.04,206.74,P1,"P1 CRITICAL: High-severity BASELINE_SPIKE with substantial financial exposure (₹30,857.04) exceeding risk threshold.",Verify user trading history; request KYC Tier-2 verification if unverified.,OPEN
INC_4B429CEBF4,ANO_108C1FF016,TX_ANO_SPK_965A450F,USR_05941,2026-08-13 13:08:51+00:00,BASELINE_SPIKE,4,5,30813.22,206.71,P1,"P1 CRITICAL: High-severity BASELINE_SPIKE with substantial financial exposure (₹30,813.22) exceeding risk threshold.",Verify user trading history; request KYC Tier-2 verification if unverified.,OPEN
INC_2AC78B68BC,ANO_718DA17C5A,TX_ANO_SPK_6B5D9C8D,USR_08058,2026-08-01 20:02:42+00:00,BASELINE_SPIKE,4,5,30797.15,206.7,P1,"P1 CRITICAL: High-severity BASELINE_SPIKE with substantial financial exposure (₹30,797.15) exceeding risk threshold.",Verify user trading history; request KYC Tier-2 verification if unverified.,OPEN
INC_5F4A41C157,ANO_FFB83015FA,TX_ANO_SPK_ED1C9B93,USR_00355,2026-08-07 00:14:38+00:00,BASELINE_SPIKE,4,5,30618.25,206.59,P1,"P1 CRITICAL: High-severity BASELINE_SPIKE with substantial financial exposure (₹30,618.25) exceeding risk threshold.",Verify user trading history; request KYC Tier-2 verification if unverified.,OPEN
INC_467E91F811,ANO_5CA7A16DC7,TX_ANO_SPK_629922C1,USR_07819,2026-08-30 05:46:53+00:00,BASELINE_SPIKE,4,5,29880.35,206.1,P1,"P1 CRITICAL: High-severity BASELINE_SPIKE with substantial financial exposure (₹29,880.35) exceeding risk threshold.",Verify user trading history; request KYC Tier-2 verification if unverified.,OPEN
INC_377B6C16D0,ANO_00E5F2E284,TX_ANO_SPK_963BE805,USR_00132,2026-08-24 11:32:25+00:00,BASELINE_SPIKE,4,5,29672.98,205.96,P1,"P1 CRITICAL: High-severity BASELINE_SPIKE with substantial financial exposure (₹29,672.98) exceeding risk threshold.",Verify user trading history; request KYC Tier-2 verification if unverified.,OPEN
INC_3230AB9EB6,ANO_436ED280F5,TX_ANO_SPK_997C59A2,USR_08871,2026-09-06 02:53:08+00:00,BASELINE_SPIKE,4,5,28986.51,205.49,P1,"P1 CRITICAL: High-severity BASELINE_SPIKE with substantial financial exposure (₹28,986.51) exceeding risk threshold.",Verify user trading history; request KYC Tier-2 verification if unverified.,OPEN
INC_DABEC40819,ANO_2B0AF32067,TX_ANO_SPK_4F850E69,USR_08095,2026-09-11 08:05:41+00:00,BASELINE_SPIKE,4,5,28770.05,205.34,P1,"P1 CRITICAL: High-severity BASELINE_SPIKE with substantial financial exposure (₹28,770.05) exceeding risk threshold.",Verify user trading history; request KYC Tier-2 verification if unverified.,OPEN
INC_73A6E009FD,ANO_9E2E3DEFEA,TX_ANO_SPK_CB0F351F,USR_00825,2026-08-12 06:53:06+00:00,BASELINE_SPIKE,4,5,28446.98,205.12,P1,"P1 CRITICAL: High-severity BASELINE_SPIKE with substantial financial exposure (₹28,446.98) exceeding risk threshold.",Verify user trading history; request KYC Tier-2 verification if unverified.,OPEN
INC_B02E84E31E,ANO_D3589FE0E2,TX_ANO_SPK_4CC88730,USR_02781,2026-08-25 23:25:42+00:00,BASELINE_SPIKE,4,5,28374.7,205.07,P1,"P1 CRITICAL: High-severity BASELINE_SPIKE with substantial financial exposure (₹28,374.70) exceeding risk threshold.",Verify user trading history; request KYC Tier-2 verification if unverified.,OPEN
INC_2D5E82E685,ANO_80FCD225A7,TX_ANO_SPK_4B1F2023,USR_04679,2026-09-03 02:14:07+00:00,BASELINE_SPIKE,4,5,28327.73,205.03,P1,"P1 CRITICAL: High-severity BASELINE_SPIKE with substantial financial exposure (₹28,327.73) exceeding risk threshold.",Verify user trading history; request KYC Tier-2 verification if unverified.,OPEN
INC_C4BA2BBA8D,ANO_2F36307105,TX_ANO_SPK_C2757956,USR_09994,2026-09-12 07:13:04+00:00,BASELINE_SPIKE,4,5,28294.55,205.01,P1,"P1 CRITICAL: High-severity BASELINE_SPIKE with substantial financial exposure (₹28,294.55) exceeding risk threshold.",Verify user trading history; request KYC Tier-2 verification if unverified.,OPEN
INC_432FC6C324,ANO_D5449DF25C,TX_ANO_SPK_F39D7E66,USR_05088,2026-09-09 10:50:40+00:00,BASELINE_SPIKE,4,5,27627.74,204.53,P1,"P1 CRITICAL: High-severity BASELINE_SPIKE with substantial financial exposure (₹27,627.74) exceeding risk threshold.",Verify user trading history; request KYC Tier-2 verification if unverified.,OPEN
INC_F83708B010,ANO_C089C4129B,TX_ANO_SPK_33AEFDA3,USR_01049,2026-08-20 20:31:00+00:00,BASELINE_SPIKE,4,5,27281.74,204.28,P1,"P1 CRITICAL: High-severity BASELINE_SPIKE with substantial financial exposure (₹27,281.74) exceeding risk threshold.",Verify user trading history; request KYC Tier-2 verification if unverified.,OPEN
INC_9BAA861AF7,ANO_3A70A9F07B,TX_ANO_SPK_AEE74969,USR_08618,2026-08-29 00:38:26+00:00,BASELINE_SPIKE,4,5,27139.66,204.18,P1,"P1 CRITICAL: High-severity BASELINE_SPIKE with substantial financial exposure (₹27,139.66) exceeding risk threshold.",Verify user trading history; request KYC Tier-2 verification if unverified.,OPEN
INC_282A39506F,ANO_9C56CE2F0F,TX_ABAFDD568B3E,USR_03525,2026-08-20 04:29:58+00:00,BASELINE_SPIKE,4,5,13308.12,189.92,P1,"P1 CRITICAL: High-severity BASELINE_SPIKE with substantial financial exposure (₹13,308.12) exceeding risk threshold.",Verify user trading history; request KYC Tier-2 verification if unverified.,OPEN
INC_35AC5FAEA8,ANO_31AF2369BD,TX_D0B02305A5A4,USR_09037,2026-08-19 06:57:01+00:00,BASELINE_SPIKE,4,4,104653.02,184.93,P1,"P1 CRITICAL: High-severity BASELINE_SPIKE with substantial financial exposure (₹104,653.02) exceeding risk threshold.",Verify user trading history; request KYC Tier-2 verification if unverified.,OPEN
INC_26165CA2F6,ANO_FB85629030,TX_57A41824117B,USR_00378,2026-08-31 08:37:30+00:00,BASELINE_SPIKE,4,4,102446.73,184.59,P1,"P1 CRITICAL: High-severity BASELINE_SPIKE with substantial financial exposure (₹102,446.73) exceeding risk threshold.",Verify user trading history; request KYC Tier-2 verification if unverified.,OPEN
INC_1ECD3949DC,ANO_CFDFFB38E2,TX_69D8866B26D3,USR_00730,2026-08-22 04:33:26+00:00,BASELINE_SPIKE,4,4,101493.5,184.44,P1,"P1 CRITICAL: High-severity BASELINE_SPIKE with substantial financial exposure (₹101,493.50) exceeding risk threshold.",Verify user trading history; request KYC Tier-2 verification if unverified.,OPEN
INC_0CD335596F,ANO_5FF4B863CC,TX_21BA3F90785F,USR_05014,2026-08-10 09:47:35+00:00,BASELINE_SPIKE,4,4,100981.6,184.36,P1,"P1 CRITICAL: High-severity BASELINE_SPIKE with substantial financial exposure (₹100,981.60) exceeding risk threshold.",Verify user trading history; request KYC Tier-2 verification if unverified.,OPEN
INC_E1B9BE9AEC,ANO_13EAB9CBDD,TX_8E58A06683D3,USR_01688,2026-08-18 19:46:08+00:00,BASELINE_SPIKE,4,4,100618.58,184.31,P1,"P1 CRITICAL: High-severity BASELINE_SPIKE with substantial financial exposure (₹100,618.58) exceeding risk threshold.",Verify user trading history; request KYC Tier-2 verification if unverified.,OPEN
INC_6DA4F2118E,ANO_2E07DD1C44,TX_A06047385BE3,USR_09165,2026-08-27 19:43:03+00:00,BASELINE_SPIKE,4,4,100374.37,184.27,P1,"P1 CRITICAL: High-severity BASELINE_SPIKE with substantial financial exposure (₹100,374.37) exceeding risk threshold.",Verify user trading history; request KYC Tier-2 verification if unverified.,OPEN
INC_2812965F15,ANO_26E1852D57,TX_F352ADE30EFB,USR_04809,2026-09-04 08:34:37+00:00,BASELINE_SPIKE,4,4,99854.5,184.18,P1,"P1 CRITICAL: High-severity BASELINE_SPIKE with substantial financial exposure (₹99,854.50) exceeding risk threshold.",Verify user trading history; request KYC Tier-2 verification if unverified.,OPEN
INC_6E39C59801,ANO_C2D42C199A,TX_3223FC059D16,USR_02659,2026-08-05 15:50:28+00:00,BASELINE_SPIKE,4,4,99261.93,184.09,P1,"P1 CRITICAL: High-severity BASELINE_SPIKE with substantial financial exposure (₹99,261.93) exceeding risk threshold.",Verify user trading history; request KYC Tier-2 verification if unverified.,OPEN
INC_3985A3975A,ANO_6ECBB03DB2,TX_C7E330EE3FAB,USR_06642,2026-09-10 05:36:51+00:00,BASELINE_SPIKE,4,4,99170.25,184.07,P1,"P1 CRITICAL: High-severity BASELINE_SPIKE with substantial financial exposure (₹99,170.25) exceeding risk threshold.",Verify user trading history; request KYC Tier-2 verification if unverified.,OPEN
INC_9FEFEFBD97,ANO_6C687B3A09,TX_4964C95F0BDE,USR_07556,2026-08-05 18:19:25+00:00,BASELINE_SPIKE,4,4,99083.86,184.06,P1,"P1 CRITICAL: High-severity BASELINE_SPIKE with substantial financial exposure (₹99,083.86) exceeding risk threshold.",Verify user trading history; request KYC Tier-2 verification if unverified.,OPEN
INC_D6DE7C2A20,ANO_8A3ABA1346,TX_2F4A49F82FA9,USR_07802,2026-08-21 09:04:02+00:00,BASELINE_SPIKE,4,4,99042.48,184.05,P1,"P1 CRITICAL: High-severity BASELINE_SPIKE with substantial financial exposure (₹99,042.48) exceeding risk threshold.",Verify user trading history; request KYC Tier-2 verification if unverified.,OPEN
INC_47B45332BE,ANO_D878C8DA9E,TX_D1CAF94B0EB7,USR_03577,2026-09-01 12:00:44+00:00,BASELINE_SPIKE,4,4,98997.18,184.05,P1,"P1 CRITICAL: High-severity BASELINE_SPIKE with substantial financial exposure (₹98,997.18) exceeding risk threshold.",Verify user trading history; request KYC Tier-2 verification if unverified.,OPEN
INC_DF1D3C1931,ANO_603B88C80C,TX_10A035E2FCAB,USR_09114,2026-09-09 17:23:18+00:00,BASELINE_SPIKE,4,4,99036.23,184.05,P1,"P1 CRITICAL: High-severity BASELINE_SPIKE with substantial financial exposure (₹99,036.23) exceeding risk threshold.",Verify user trading history; request KYC Tier-2 verification if unverified.,OPEN
INC_9F25B8713D,ANO_7FDC38B47D,TX_3AB8DD4C9539,USR_02455,2026-09-05 09:19:39+00:00,BASELINE_SPIKE,4,4,98915.61,184.03,P1,"P1 CRITICAL: High-severity BASELINE_SPIKE with substantial financial exposure (₹98,915.61) exceeding risk threshold.",Verify user trading history; request KYC Tier-2 verification if unverified.,OPEN
INC_979B3DB690,ANO_35C5569EF2,TX_E9AE25A7D4FC,USR_08160,2026-08-01 12:57:52+00:00,BASELINE_SPIKE,4,4,98611.93,183.98,P1,"P1 CRITICAL: High-severity BASELINE_SPIKE with substantial financial exposure (₹98,611.93) exceeding risk threshold.",Verify user trading history; request KYC Tier-2 verification if unverified.,OPEN
INC_DD63D45BE2,ANO_8A1789CC5E,TX_80E9532F8A4E,USR_05723,2026-08-20 06:26:56+00:00,BASELINE_SPIKE,4,4,98164.22,183.91,P1,"P1 CRITICAL: High-severity BASELINE_SPIKE with substantial financial exposure (₹98,164.22) exceeding risk threshold.",Verify user trading history; request KYC Tier-2 verification if unverified.,OPEN
INC_FCE929217E,ANO_B7265663AD,TX_8BF1AF1CFC86,USR_07778,2026-08-26 21:24:56+00:00,BASELINE_SPIKE,4,4,97073.24,183.73,P1,"P1 CRITICAL: High-severity BASELINE_SPIKE with substantial financial exposure (₹97,073.24) exceeding risk threshold.",Verify user trading history; request KYC Tier-2 verification if unverified.,OPEN
INC_95A03D4D90,ANO_74C1673037,TX_070433D3BF3C,USR_03456,2026-08-28 02:59:43+00:00,BASELINE_SPIKE,4,4,96964.78,183.71,P1,"P1 CRITICAL: High-severity BASELINE_SPIKE with substantial financial exposure (₹96,964.78) exceeding risk threshold.",Verify user trading history; request KYC Tier-2 verification if unverified.,OPEN
INC_2FC3221147,ANO_DB6E1CFE73,TX_AEE96CC489AD,USR_04120,2026-08-27 16:59:39+00:00,BASELINE_SPIKE,4,4,96693.19,183.67,P1,"P1 CRITICAL: High-severity BASELINE_SPIKE with substantial financial exposure (₹96,693.19) exceeding risk threshold.",Verify user trading history; request KYC Tier-2 verification if unverified.,OPEN
INC_51A7258D3D,ANO_74A85ABC7B,TX_F81F7643E892,USR_00058,2026-08-12 21:01:35+00:00,BASELINE_SPIKE,4,4,96028.13,183.56,P1,"P1 CRITICAL: High-severity BASELINE_SPIKE with substantial financial exposure (₹96,028.13) exceeding risk threshold.",Verify user trading history; request KYC Tier-2 verification if unverified.,OPEN
INC_2F9631193E,ANO_CF4E319672,TX_942A62A0061F,USR_03091,2026-08-17 08:08:34+00:00,BASELINE_SPIKE,4,4,95990.73,183.55,P1,"P1 CRITICAL: High-severity BASELINE_SPIKE with substantial financial exposure (₹95,990.73) exceeding risk threshold.",Verify user trading history; request KYC Tier-2 verification if unverified.,OPEN
INC_033CF08058,ANO_8AEDB93AA2,TX_BA3AF779FC26,USR_02779,2026-08-27 17:41:29+00:00,BASELINE_SPIKE,4,4,95709.22,183.51,P1,"P1 CRITICAL: High-severity BASELINE_SPIKE with substantial financial exposure (₹95,709.22) exceeding risk threshold.",Verify user trading history; request KYC Tier-2 verification if unverified.,OPEN
INC_F282858B4D,ANO_1C188C3C4D,TX_890FCE803645,USR_07459,2026-08-05 17:37:06+00:00,BASELINE_SPIKE,4,4,95666.52,183.5,P1,"P1 CRITICAL: High-severity BASELINE_SPIKE with substantial financial exposure (₹95,666.52) exceeding risk threshold.",Verify user trading history; request KYC Tier-2 verification if unverified.,OPEN
INC_19A9833F80,ANO_C684CEEC5E,TX_D7AF08EE2C80,USR_02659,2026-09-04 20:23:38+00:00,BASELINE_SPIKE,4,4,95660.74,183.5,P1,"P1 CRITICAL: High-severity BASELINE_SPIKE with substantial financial exposure (₹95,660.74) exceeding risk threshold.",Verify user trading history; request KYC Tier-2 verification if unverified.,OPEN
INC_366792FBA9,ANO_6551168D80,TX_7D5EAA5C7CDA,USR_01013,2026-08-22 13:12:10+00:00,BASELINE_SPIKE,4,4,94591.84,183.32,P1,"P1 CRITICAL: High-severity BASELINE_SPIKE with substantial financial exposure (₹94,591.84) exceeding risk threshold.",Verify user trading history; request KYC Tier-2 verification if unverified.,OPEN
INC_EE6FEECE87,ANO_31D56DE2A9,TX_4568822469D3,USR_07216,2026-08-04 04:42:21+00:00,BASELINE_SPIKE,4,4,94464.15,183.3,P1,"P1 CRITICAL: High-severity BASELINE_SPIKE with substantial financial exposure (₹94,464.15) exceeding risk threshold.",Verify user trading history; request KYC Tier-2 verification if unverified.,OPEN
INC_4D5F877837,ANO_30AE38CBE1,TX_281CC02FD441,USR_02437,2026-09-12 14:48:56+00:00,BASELINE_SPIKE,4,4,94438.57,183.29,P1,"P1 CRITICAL: High-severity BASELINE_SPIKE with substantial financial exposure (₹94,438.57) exceeding risk threshold.",Verify user trading history; request KYC Tier-2 verification if unverified.,OPEN
INC_6FF6611479,ANO_039512AD36,TX_76D6AC561814,USR_01009,2026-08-24 20:06:23+00:00,BASELINE_SPIKE,4,4,94285.86,183.27,P1,"P1 CRITICAL: High-severity BASELINE_SPIKE with substantial financial exposure (₹94,285.86) exceeding risk threshold.",Verify user trading history; request KYC Tier-2 verification if unverified.,OPEN
INC_F04ADE4D2A,ANO_4A70E18793,TX_BDD3F053E082,USR_07340,2026-09-11 03:39:16+00:00,BASELINE_SPIKE,4,4,94292.67,183.27,P1,"P1 CRITICAL: High-severity BASELINE_SPIKE with substantial financial exposure (₹94,292.67) exceeding risk threshold.",Verify user trading history; request KYC Tier-2 verification if unverified.,OPEN
INC_607868C160,ANO_C7780F2003,TX_C7A8E450CB86,USR_02169,2026-08-31 18:26:16+00:00,BASELINE_SPIKE,4,4,94279.16,183.26,P1,"P1 CRITICAL: High-severity BASELINE_SPIKE with substantial financial exposure (₹94,279.16) exceeding risk threshold.",Verify user trading history; request KYC Tier-2 verification if unverified.,OPEN
INC_334085B0AB,ANO_9B762E9776,TX_162A0C92029F,USR_07977,2026-09-06 11:01:35+00:00,BASELINE_SPIKE,4,4,94261.77,183.26,P1,"P1 CRITICAL: High-severity BASELINE_SPIKE with substantial financial exposure (₹94,261.77) exceeding risk threshold.",Verify user trading history; request KYC Tier-2 verification if unverified.,OPEN
INC_32FED1AE6B,ANO_C1B6B60E48,TX_F4C8D145BD94,USR_04191,2026-09-13 12:00:57+00:00,BASELINE_SPIKE,4,4,94226.59,183.26,P1,"P1 CRITICAL: High-severity BASELINE_SPIKE with substantial financial exposure (₹94,226.59) exceeding risk threshold.",Verify user trading history; request KYC Tier-2 verification if unverified.,OPEN
INC_E5708B8209,ANO_85721420AD,TX_AE87C3045124,USR_02189,2026-08-22 00:25:09+00:00,BASELINE_SPIKE,4,4,93880.57,183.2,P1,"P1 CRITICAL: High-severity BASELINE_SPIKE with substantial financial exposure (₹93,880.57) exceeding risk threshold.",Verify user trading history; request KYC Tier-2 verification if unverified.,OPEN
INC_3F2DD9D80F,ANO_6ACD37BA33,TX_49533CB7CD42,USR_08165,2026-08-08 11:54:25+00:00,BASELINE_SPIKE,4,4,93676.83,183.16,P1,"P1 CRITICAL: High-severity BASELINE_SPIKE with substantial financial exposure (₹93,676.83) exceeding risk threshold.",Verify user trading history; request KYC Tier-2 verification if unverified.,OPEN
INC_7155142192,ANO_09145BCB4F,TX_28AF113CC4A8,USR_04127,2026-08-13 10:32:20+00:00,BASELINE_SPIKE,4,4,93553.33,183.14,P1,"P1 CRITICAL: High-severity BASELINE_SPIKE with substantial financial exposure (₹93,553.33) exceeding risk threshold.",Verify user trading history; request KYC Tier-2 verification if unverified.,OPEN
INC_EF30BE87D2,ANO_1F4800A1E7,TX_4AA79744190D,USR_02462,2026-08-24 19:16:06+00:00,BASELINE_SPIKE,4,4,93501.11,183.13,P1,"P1 CRITICAL: High-severity BASELINE_SPIKE with substantial financial exposure (₹93,501.11) exceeding risk threshold.",Verify user trading history; request KYC Tier-2 verification if unverified.,OPEN
INC_DAA8AED859,ANO_41D1791794,TX_C21CCA7B0DE2,USR_00877,2026-08-24 08:26:12+00:00,BASELINE_SPIKE,4,4,93429.23,183.12,P1,"P1 CRITICAL: High-severity BASELINE_SPIKE with substantial financial exposure (₹93,429.23) exceeding risk threshold.",Verify user trading history; request KYC Tier-2 verification if unverified.,OPEN
INC_919429F02D,ANO_34E5EA609E,TX_25354A654CD6,USR_02948,2026-08-31 15:55:42+00:00,BASELINE_SPIKE,4,4,93092.66,183.06,P1,"P1 CRITICAL: High-severity BASELINE_SPIKE with substantial financial exposure (₹93,092.66) exceeding risk threshold.",Verify user trading history; request KYC Tier-2 verification if unverified.,OPEN
INC_59009F442A,ANO_694C8CE7BB,TX_BEE204384082,USR_06120,2026-08-09 11:30:12+00:00,BASELINE_SPIKE,4,4,92966.9,183.04,P1,"P1 CRITICAL: High-severity BASELINE_SPIKE with substantial financial exposure (₹92,966.90) exceeding risk threshold.",Verify user trading history; request KYC Tier-2 verification if unverified.,OPEN
INC_E8CD0741EB,ANO_ECB5E1DECE,TX_0A97529EAE4B,USR_04278,2026-08-20 01:11:19+00:00,BASELINE_SPIKE,4,4,92746.02,183.0,P1,"P1 CRITICAL: High-severity BASELINE_SPIKE with substantial financial exposure (₹92,746.02) exceeding risk threshold.",Verify user trading history; request KYC Tier-2 verification if unverified.,OPEN
INC_A408B6D8F5,ANO_6CE2B87EFC,TX_D392B9F551FE,USR_05099,2026-09-18 22:57:17+00:00,BASELINE_SPIKE,4,4,92583.7,182.97,P1,"P1 CRITICAL: High-severity BASELINE_SPIKE with substantial financial exposure (₹92,583.70) exceeding risk threshold.",Verify user trading history; request KYC Tier-2 verification if unverified.,OPEN
INC_B367C63B89,ANO_31D4DC094E,TX_7AB3479F397E,USR_06489,2026-09-15 10:31:13+00:00,BASELINE_SPIKE,4,4,92507.65,182.96,P1,"P1 CRITICAL: High-severity BASELINE_SPIKE with substantial financial exposure (₹92,507.65) exceeding risk threshold.",Verify user trading history; request KYC Tier-2 verification if unverified.,OPEN
INC_0D759081D0,ANO_6ED582376B,TX_97496C90126B,USR_01744,2026-08-06 10:36:40+00:00,BASELINE_SPIKE,4,4,92366.57,182.94,P1,"P1 CRITICAL: High-severity BASELINE_SPIKE with substantial financial exposure (₹92,366.57) exceeding risk threshold.",Verify user trading history; request KYC Tier-2 verification if unverified.,OPEN
INC_091B233EF0,ANO_B551407DC8,TX_70D19FA7E61C,USR_08909,2026-08-09 03:44:25+00:00,BASELINE_SPIKE,4,4,92276.38,182.92,P1,"P1 CRITICAL: High-severity BASELINE_SPIKE with substantial financial exposure (₹92,276.38) exceeding risk threshold.",Verify user trading history; request KYC Tier-2 verification if unverified.,OPEN
INC_E8F5D2720E,ANO_0A0ABDE661,TX_85838D9D4558,USR_05947,2026-09-03 17:26:58+00:00,BASELINE_SPIKE,4,4,92280.85,182.92,P1,"P1 CRITICAL: High-severity BASELINE_SPIKE with substantial financial exposure (₹92,280.85) exceeding risk threshold.",Verify user trading history; request KYC Tier-2 verification if unverified.,OPEN
INC_B64928122B,ANO_AF0B190974,TX_B5A99E0DB560,USR_04485,2026-09-07 01:41:48+00:00,BASELINE_SPIKE,4,4,91973.53,182.87,P1,"P1 CRITICAL: High-severity BASELINE_SPIKE with substantial financial exposure (₹91,973.53) exceeding risk threshold.",Verify user trading history; request KYC Tier-2 verification if unverified.,OPEN
INC_65653FCF5C,ANO_222D08516C,TX_291E99B3E6E7,USR_07855,2026-09-09 21:54:33+00:00,BASELINE_SPIKE,4,4,91984.89,182.87,P1,"P1 CRITICAL: High-severity BASELINE_SPIKE with substantial financial exposure (₹91,984.89) exceeding risk threshold.",Verify user trading history; request KYC Tier-2 verification if unverified.,OPEN
INC_86BDDFC9E3,ANO_2EC68B9128,TX_F8F69107EF57,USR_01452,2026-09-05 09:02:15+00:00,BASELINE_SPIKE,4,4,91928.66,182.86,P1,"P1 CRITICAL: High-severity BASELINE_SPIKE with substantial financial exposure (₹91,928.66) exceeding risk threshold.",Verify user trading history; request KYC Tier-2 verification if unverified.,OPEN
INC_010B75AFB8,ANO_EA159F8C06,TX_64E600105505,USR_00994,2026-08-16 15:38:18+00:00,BASELINE_SPIKE,4,4,91742.78,182.83,P1,"P1 CRITICAL: High-severity BASELINE_SPIKE with substantial financial exposure (₹91,742.78) exceeding risk threshold.",Verify user trading history; request KYC Tier-2 verification if unverified.,OPEN
INC_C2DF085DA8,ANO_1F3193A616,TX_2E5202FBE25F,USR_09568,2026-08-30 18:29:35+00:00,BASELINE_SPIKE,4,4,91548.02,182.79,P1,"P1 CRITICAL: High-severity BASELINE_SPIKE with substantial financial exposure (₹91,548.02) exceeding risk threshold.",Verify user trading history; request KYC Tier-2 verification if unverified.,OPEN
INC_4874AFD546,ANO_ADFFC96FD4,TX_5EDD34E78406,USR_05416,2026-08-05 04:26:57+00:00,BASELINE_SPIKE,4,4,91448.83,182.78,P1,"P1 CRITICAL: High-severity BASELINE_SPIKE with substantial financial exposure (₹91,448.83) exceeding risk threshold.",Verify user trading history; request KYC Tier-2 verification if unverified.,OPEN
INC_92BEC54C53,ANO_EEA5EF1D96,TX_DDB860E794AF,USR_04487,2026-09-11 06:52:49+00:00,BASELINE_SPIKE,4,4,91450.43,182.78,P1,"P1 CRITICAL: High-severity BASELINE_SPIKE with substantial financial exposure (₹91,450.43) exceeding risk threshold.",Verify user trading history; request KYC Tier-2 verification if unverified.,OPEN
INC_CBC1262A92,ANO_056BB4A9CE,TX_81DB165A45D8,USR_03922,2026-08-05 12:37:17+00:00,BASELINE_SPIKE,4,4,91417.88,182.77,P1,"P1 CRITICAL: High-severity BASELINE_SPIKE with substantial financial exposure (₹91,417.88) exceeding risk threshold.",Verify user trading history; request KYC Tier-2 verification if unverified.,OPEN
INC_89BE973799,ANO_692E457969,TX_0A780C8D7B92,USR_01235,2026-08-11 19:42:17+00:00,BASELINE_SPIKE,4,4,91379.89,182.76,P1,"P1 CRITICAL: High-severity BASELINE_SPIKE with substantial financial exposure (₹91,379.89) exceeding risk threshold.",Verify user trading history; request KYC Tier-2 verification if unverified.,OPEN
INC_BEF3DB390E,ANO_5A1987C105,TX_97FBFB650D99,USR_08905,2026-08-02 07:40:11+00:00,BASELINE_SPIKE,4,4,91239.47,182.74,P1,"P1 CRITICAL: High-severity BASELINE_SPIKE with substantial financial exposure (₹91,239.47) exceeding risk threshold.",Verify user trading history; request KYC Tier-2 verification if unverified.,OPEN
INC_7A242E7414,ANO_9146AE5DF9,TX_8D9927477576,USR_06871,2026-08-12 00:41:01+00:00,BASELINE_SPIKE,4,4,91201.73,182.73,P1,"P1 CRITICAL: High-severity BASELINE_SPIKE with substantial financial exposure (₹91,201.73) exceeding risk threshold.",Verify user trading history; request KYC Tier-2 verification if unverified.,OPEN
INC_977A191457,ANO_BC8AB725C2,TX_C74C0DC005AF,USR_09343,2026-09-01 06:56:21+00:00,BASELINE_SPIKE,4,4,91070.05,182.71,P1,"P1 CRITICAL: High-severity BASELINE_SPIKE with substantial financial exposure (₹91,070.05) exceeding risk threshold.",Verify user trading history; request KYC Tier-2 verification if unverified.,OPEN
INC_6D833BE6CD,ANO_10659B1B30,TX_4BDCD916A1CA,USR_09037,2026-08-22 00:05:07+00:00,BASELINE_SPIKE,4,4,91034.03,182.7,P1,"P1 CRITICAL: High-severity BASELINE_SPIKE with substantial financial exposure (₹91,034.03) exceeding risk threshold.",Verify user trading history; request KYC Tier-2 verification if unverified.,OPEN
INC_D59401504D,ANO_6E81430216,TX_987DE43C7731,USR_04631,2026-08-15 10:02:18+00:00,BASELINE_SPIKE,4,4,90928.16,182.69,P1,"P1 CRITICAL: High-severity BASELINE_SPIKE with substantial financial exposure (₹90,928.16) exceeding risk threshold.",Verify user trading history; request KYC Tier-2 verification if unverified.,OPEN
INC_D335B8A13F,ANO_9F22A8C1F2,TX_8ED3E008D272,USR_09042,2026-08-11 15:18:02+00:00,BASELINE_SPIKE,4,4,90596.09,182.63,P1,"P1 CRITICAL: High-severity BASELINE_SPIKE with substantial financial exposure (₹90,596.09) exceeding risk threshold.",Verify user trading history; request KYC Tier-2 verification if unverified.,OPEN
INC_DF86DEE34C,ANO_1604CDC5B2,TX_68BD0E3A7D69,USR_07604,2026-09-17 05:38:37+00:00,BASELINE_SPIKE,4,4,90596.03,182.63,P1,"P1 CRITICAL: High-severity BASELINE_SPIKE with substantial financial exposure (₹90,596.03) exceeding risk threshold.",Verify user trading history; request KYC Tier-2 verification if unverified.,OPEN
INC_39C39C252A,ANO_8ECC1C6138,TX_926271D18F32,USR_01717,2026-09-15 18:31:54+00:00,BASELINE_SPIKE,4,4,90465.65,182.6,P1,"P1 CRITICAL: High-severity BASELINE_SPIKE with substantial financial exposure (₹90,465.65) exceeding risk threshold.",Verify user trading history; request KYC Tier-2 verification if unverified.,OPEN
INC_D5B7639ABD,ANO_EE5A9B4B14,TX_703CAA5C24C2,USR_05955,2026-08-16 21:15:33+00:00,BASELINE_SPIKE,4,4,90147.93,182.55,P1,"P1 CRITICAL: High-severity BASELINE_SPIKE with substantial financial exposure (₹90,147.93) exceeding risk threshold.",Verify user trading history; request KYC Tier-2 verification if unverified.,OPEN
INC_5DBED8F2AB,ANO_34DE2DD3E8,TX_CD9967911EB5,USR_02399,2026-08-30 15:39:25+00:00,BASELINE_SPIKE,4,4,90023.1,182.53,P1,"P1 CRITICAL: High-severity BASELINE_SPIKE with substantial financial exposure (₹90,023.10) exceeding risk threshold.",Verify user trading history; request KYC Tier-2 verification if unverified.,OPEN
INC_8A578AFA1C,ANO_500C5C5A51,TX_24F7EA8FBB9B,USR_02804,2026-09-10 01:42:02+00:00,BASELINE_SPIKE,4,4,90038.02,182.53,P1,"P1 CRITICAL: High-severity BASELINE_SPIKE with substantial financial exposure (₹90,038.02) exceeding risk threshold.",Verify user trading history; request KYC Tier-2 verification if unverified.,OPEN
INC_DEB4020C76,ANO_62EC76D0C6,TX_9188E13DC3C8,USR_02336,2026-09-07 11:15:57+00:00,BASELINE_SPIKE,4,4,89968.14,182.52,P1,"P1 CRITICAL: High-severity BASELINE_SPIKE with substantial financial exposure (₹89,968.14) exceeding risk threshold.",Verify user trading history; request KYC Tier-2 verification if unverified.,OPEN
INC_BECBBBAAAD,ANO_8EABE1B6BA,TX_9733F691318B,USR_05830,2026-08-01 22:27:15+00:00,BASELINE_SPIKE,4,4,89308.9,182.4,P1,"P1 CRITICAL: High-severity BASELINE_SPIKE with substantial financial exposure (₹89,308.90) exceeding risk threshold.",Verify user trading history; request KYC Tier-2 verification if unverified.,OPEN
INC_4360D1ED59,ANO_85618367C3,TX_0147A8B35D8B,USR_04097,2026-09-02 03:38:49+00:00,BASELINE_SPIKE,4,4,89343.19,182.4,P1,"P1 CRITICAL: High-severity BASELINE_SPIKE with substantial financial exposure (₹89,343.19) exceeding risk threshold.",Verify user trading history; request KYC Tier-2 verification if unverified.,OPEN
INC_F0CBEC7D4F,ANO_4581F1D782,TX_8DA34CD7F79C,USR_01310,2026-09-07 15:50:17+00:00,BASELINE_SPIKE,4,4,89236.42,182.38,P1,"P1 CRITICAL: High-severity BASELINE_SPIKE with substantial financial exposure (₹89,236.42) exceeding risk threshold.",Verify user trading history; request KYC Tier-2 verification if unverified.,OPEN
INC_293E4A43B9,ANO_5A8827D089,TX_502F1AADB385,USR_07116,2026-08-30 03:58:50+00:00,BASELINE_SPIKE,4,4,89031.09,182.35,P1,"P1 CRITICAL: High-severity BASELINE_SPIKE with substantial financial exposure (₹89,031.09) exceeding risk threshold.",Verify user trading history; request KYC Tier-2 verification if unverified.,OPEN
INC_E38CA50FD5,ANO_CD04E48633,TX_EEA264F6FF68,USR_05826,2026-09-17 05:58:37+00:00,BASELINE_SPIKE,4,4,88545.51,182.26,P1,"P1 CRITICAL: High-severity BASELINE_SPIKE with substantial financial exposure (₹88,545.51) exceeding risk threshold.",Verify user trading history; request KYC Tier-2 verification if unverified.,OPEN
INC_4B675D6759,ANO_69B5D7258C,TX_240078536BF0,USR_02430,2026-08-07 14:53:33+00:00,BASELINE_SPIKE,4,4,88514.62,182.25,P1,"P1 CRITICAL: High-severity BASELINE_SPIKE with substantial financial exposure (₹88,514.62) exceeding risk threshold.",Verify user trading history; request KYC Tier-2 verification if unverified.,OPEN
INC_9190199510,ANO_AD322A4B30,TX_CA38B3B8C3C8,USR_02501,2026-08-29 20:06:27+00:00,BASELINE_SPIKE,4,4,88298.22,182.22,P1,"P1 CRITICAL: High-severity BASELINE_SPIKE with substantial financial exposure (₹88,298.22) exceeding risk threshold.",Verify user trading history; request KYC Tier-2 verification if unverified.,OPEN
INC_40519B8A4E,ANO_F096DFE49A,TX_1CD5D11AF969,USR_08182,2026-09-05 08:09:45+00:00,BASELINE_SPIKE,4,4,87965.87,182.16,P1,"P1 CRITICAL: High-severity BASELINE_SPIKE with substantial financial exposure (₹87,965.87) exceeding risk threshold.",Verify user trading history; request KYC Tier-2 verification if unverified.,OPEN
INC_AC5C666D49,ANO_44E013858E,TX_01B3971B114D,USR_06164,2026-09-12 05:56:09+00:00,BASELINE_SPIKE,4,4,88006.6,182.16,P1,"P1 CRITICAL: High-severity BASELINE_SPIKE with substantial financial exposure (₹88,006.60) exceeding risk threshold.",Verify user trading history; request KYC Tier-2 verification if unverified.,OPEN
INC_8EAEF86F4C,ANO_71EFBE9444,TX_784C04F2B85D,USR_00589,2026-08-06 05:19:34+00:00,BASELINE_SPIKE,4,4,87917.42,182.15,P1,"P1 CRITICAL: High-severity BASELINE_SPIKE with substantial financial exposure (₹87,917.42) exceeding risk threshold.",Verify user trading history; request KYC Tier-2 verification if unverified.,OPEN
INC_37ABBD7F15,ANO_45923E134F,TX_F32AFC49AEC5,USR_02557,2026-08-03 23:45:41+00:00,BASELINE_SPIKE,4,4,87422.35,182.06,P1,"P1 CRITICAL: High-severity BASELINE_SPIKE with substantial financial exposure (₹87,422.35) exceeding risk threshold.",Verify user trading history; request KYC Tier-2 verification if unverified.,OPEN
INC_19C8F75DCE,ANO_DD77BC5908,TX_9411DCC8D8C3,USR_00136,2026-08-17 11:33:32+00:00,BASELINE_SPIKE,4,4,87136.02,182.0,P1,"P1 CRITICAL: High-severity BASELINE_SPIKE with substantial financial exposure (₹87,136.02) exceeding risk threshold.",Verify user trading history; request KYC Tier-2 verification if unverified.,OPEN
INC_178BC9CB72,ANO_A760BF77FB,TX_ANO_VEL_D1DA5F51,USR_05315,2026-08-01 07:35:04+00:00,VELOCITY_BURST,4,5,8950.0,181.99,P1,"P1 CRITICAL: High-severity VELOCITY_BURST with substantial financial exposure (₹8,950.00) exceeding risk threshold.",Enforce temporary rate-limiting on user API key/session; inspect user agent and IP subnet.,OPEN
INC_6F98B76830,ANO_FEF345E9CB,TX_ANO_VEL_EEBB8741,USR_05315,2026-08-01 07:37:04+00:00,VELOCITY_BURST,4,5,8950.0,181.99,P1,"P1 CRITICAL: High-severity VELOCITY_BURST with substantial financial exposure (₹8,950.00) exceeding risk threshold.",Enforce temporary rate-limiting on user API key/session; inspect user agent and IP subnet.,OPEN
INC_21CCF492FF,ANO_F32E6F5D94,TX_ANO_VEL_4E275E2B,USR_05462,2026-08-01 07:51:12+00:00,VELOCITY_BURST,4,5,8950.0,181.99,P1,"P1 CRITICAL: High-severity VELOCITY_BURST with substantial financial exposure (₹8,950.00) exceeding risk threshold.",Enforce temporary rate-limiting on user API key/session; inspect user agent and IP subnet.,OPEN
INC_2A685045E4,ANO_DF59837288,TX_ANO_VEL_A6E1F6BF,USR_02886,2026-08-01 23:26:50+00:00,VELOCITY_BURST,4,5,8950.0,181.99,P1,"P1 CRITICAL: High-severity VELOCITY_BURST with substantial financial exposure (₹8,950.00) exceeding risk threshold.",Enforce temporary rate-limiting on user API key/session; inspect user agent and IP subnet.,OPEN
INC_C3C99C96F3,ANO_B73A27579D,TX_ANO_VEL_7391C748,USR_02886,2026-08-01 23:28:50+00:00,VELOCITY_BURST,4,5,8950.0,181.99,P1,"P1 CRITICAL: High-severity VELOCITY_BURST with substantial financial exposure (₹8,950.00) exceeding risk threshold.",Enforce temporary rate-limiting on user API key/session; inspect user agent and IP subnet.,OPEN
INC_E71DAF8E5F,ANO_1F24BF66FD,TX_ANO_VEL_E38197E1,USR_02886,2026-08-01 23:30:50+00:00,VELOCITY_BURST,4,5,8950.0,181.99,P1,"P1 CRITICAL: High-severity VELOCITY_BURST with substantial financial exposure (₹8,950.00) exceeding risk threshold.",Enforce temporary rate-limiting on user API key/session; inspect user agent and IP subnet.,OPEN
INC_82320988FE,ANO_FBE21E59B2,TX_ANO_VEL_60A7C5E3,USR_03193,2026-08-02 16:49:35+00:00,VELOCITY_BURST,4,5,8950.0,181.99,P1,"P1 CRITICAL: High-severity VELOCITY_BURST with substantial financial exposure (₹8,950.00) exceeding risk threshold.",Enforce temporary rate-limiting on user API key/session; inspect user agent and IP subnet.,OPEN
INC_AB1AEDE2E0,ANO_335620D232,TX_ANO_VEL_069BE255,USR_03193,2026-08-02 16:51:35+00:00,VELOCITY_BURST,4,5,8950.0,181.99,P1,"P1 CRITICAL: High-severity VELOCITY_BURST with substantial financial exposure (₹8,950.00) exceeding risk threshold.",Enforce temporary rate-limiting on user API key/session; inspect user agent and IP subnet.,OPEN
INC_9AC31D0EF6,ANO_C9E65230F5,TX_ANO_VEL_91C24895,USR_03193,2026-08-02 16:53:35+00:00,VELOCITY_BURST,4,5,8950.0,181.99,P1,"P1 CRITICAL: High-severity VELOCITY_BURST with substantial financial exposure (₹8,950.00) exceeding risk threshold.",Enforce temporary rate-limiting on user API key/session; inspect user agent and IP subnet.,OPEN
INC_285F3B612A,ANO_8AB398477A,TX_ANO_VEL_9336DAA3,USR_02243,2026-08-02 18:26:12+00:00,VELOCITY_BURST,4,5,8950.0,181.99,P1,"P1 CRITICAL: High-severity VELOCITY_BURST with substantial financial exposure (₹8,950.00) exceeding risk threshold.",Enforce temporary rate-limiting on user API key/session; inspect user agent and IP subnet.,OPEN
INC_C4D470558F,ANO_0A2EC85799,TX_ANO_VEL_69228B38,USR_02243,2026-08-02 18:28:12+00:00,VELOCITY_BURST,4,5,8950.0,181.99,P1,"P1 CRITICAL: High-severity VELOCITY_BURST with substantial financial exposure (₹8,950.00) exceeding risk threshold.",Enforce temporary rate-limiting on user API key/session; inspect user agent and IP subnet.,OPEN
INC_059690D181,ANO_0C3FEFBF15,TX_ANO_VEL_C8B5C8DD,USR_01259,2026-08-03 09:57:17+00:00,VELOCITY_BURST,4,5,8950.0,181.99,P1,"P1 CRITICAL: High-severity VELOCITY_BURST with substantial financial exposure (₹8,950.00) exceeding risk threshold.",Enforce temporary rate-limiting on user API key/session; inspect user agent and IP subnet.,OPEN
INC_E278ADF0B7,ANO_67727B9711,TX_ANO_VEL_36E9839B,USR_01259,2026-08-03 09:59:17+00:00,VELOCITY_BURST,4,5,8950.0,181.99,P1,"P1 CRITICAL: High-severity VELOCITY_BURST with substantial financial exposure (₹8,950.00) exceeding risk threshold.",Enforce temporary rate-limiting on user API key/session; inspect user agent and IP subnet.,OPEN
INC_B2EB2C3217,ANO_B4A0EE0E06,TX_ANO_VEL_3481D3AC,USR_01259,2026-08-03 10:01:17+00:00,VELOCITY_BURST,4,5,8950.0,181.99,P1,"P1 CRITICAL: High-severity VELOCITY_BURST with substantial financial exposure (₹8,950.00) exceeding risk threshold.",Enforce temporary rate-limiting on user API key/session; inspect user agent and IP subnet.,OPEN
INC_50B2418D80,ANO_FCDD57C240,TX_ANO_VEL_8D58ECC2,USR_02599,2026-08-03 20:36:46+00:00,VELOCITY_BURST,4,5,8950.0,181.99,P1,"P1 CRITICAL: High-severity VELOCITY_BURST with substantial financial exposure (₹8,950.00) exceeding risk threshold.",Enforce temporary rate-limiting on user API key/session; inspect user agent and IP subnet.,OPEN
INC_9B82ADC575,ANO_684C8EAD36,TX_ANO_VEL_A0462E67,USR_02599,2026-08-03 20:38:46+00:00,VELOCITY_BURST,4,5,8950.0,181.99,P1,"P1 CRITICAL: High-severity VELOCITY_BURST with substantial financial exposure (₹8,950.00) exceeding risk threshold.",Enforce temporary rate-limiting on user API key/session; inspect user agent and IP subnet.,OPEN
INC_9A98BDE11E,ANO_C05EF22649,TX_ANO_VEL_19138917,USR_02599,2026-08-03 20:40:46+00:00,VELOCITY_BURST,4,5,8950.0,181.99,P1,"P1 CRITICAL: High-severity VELOCITY_BURST with substantial financial exposure (₹8,950.00) exceeding risk threshold.",Enforce temporary rate-limiting on user API key/session; inspect user agent and IP subnet.,OPEN
INC_A4FF499A12,ANO_1BF713CBED,TX_ANO_VEL_2A857835,USR_02573,2026-08-06 16:45:25+00:00,VELOCITY_BURST,4,5,8950.0,181.99,P1,"P1 CRITICAL: High-severity VELOCITY_BURST with substantial financial exposure (₹8,950.00) exceeding risk threshold.",Enforce temporary rate-limiting on user API key/session; inspect user agent and IP subnet.,OPEN
INC_25BCB2901A,ANO_A374697EB4,TX_ANO_VEL_0B3053C5,USR_02573,2026-08-06 16:47:25+00:00,VELOCITY_BURST,4,5,8950.0,181.99,P1,"P1 CRITICAL: High-severity VELOCITY_BURST with substantial financial exposure (₹8,950.00) exceeding risk threshold.",Enforce temporary rate-limiting on user API key/session; inspect user agent and IP subnet.,OPEN
INC_F11FB5D925,ANO_A8FCED6942,TX_ANO_VEL_0AD9BFF8,USR_02573,2026-08-06 16:49:25+00:00,VELOCITY_BURST,4,5,8950.0,181.99,P1,"P1 CRITICAL: High-severity VELOCITY_BURST with substantial financial exposure (₹8,950.00) exceeding risk threshold.",Enforce temporary rate-limiting on user API key/session; inspect user agent and IP subnet.,OPEN
INC_CAA9C9C79F,ANO_984417729B,TX_ANO_VEL_72898703,USR_06576,2026-08-07 04:54:54+00:00,VELOCITY_BURST,4,5,8950.0,181.99,P1,"P1 CRITICAL: High-severity VELOCITY_BURST with substantial financial exposure (₹8,950.00) exceeding risk threshold.",Enforce temporary rate-limiting on user API key/session; inspect user agent and IP subnet.,OPEN
INC_BBFFDB9EC7,ANO_0825DC03D7,TX_ANO_VEL_A9DD0A25,USR_04593,2026-08-08 21:11:16+00:00,VELOCITY_BURST,4,5,8950.0,181.99,P1,"P1 CRITICAL: High-severity VELOCITY_BURST with substantial financial exposure (₹8,950.00) exceeding risk threshold.",Enforce temporary rate-limiting on user API key/session; inspect user agent and IP subnet.,OPEN
INC_4A8C3D2ACA,ANO_BF2863ED4F,TX_ANO_VEL_67F1A89B,USR_02695,2026-08-09 06:40:55+00:00,VELOCITY_BURST,4,5,8950.0,181.99,P1,"P1 CRITICAL: High-severity VELOCITY_BURST with substantial financial exposure (₹8,950.00) exceeding risk threshold.",Enforce temporary rate-limiting on user API key/session; inspect user agent and IP subnet.,OPEN
INC_B10B9DD05D,ANO_A0B04F0511,TX_ANO_VEL_6B841435,USR_07683,2026-08-09 20:22:09+00:00,VELOCITY_BURST,4,5,8950.0,181.99,P1,"P1 CRITICAL: High-severity VELOCITY_BURST with substantial financial exposure (₹8,950.00) exceeding risk threshold.",Enforce temporary rate-limiting on user API key/session; inspect user agent and IP subnet.,OPEN
INC_BC195E7837,ANO_9BBB1E51E3,TX_ANO_VEL_61D3207D,USR_00413,2026-08-10 06:16:52+00:00,VELOCITY_BURST,4,5,8950.0,181.99,P1,"P1 CRITICAL: High-severity VELOCITY_BURST with substantial financial exposure (₹8,950.00) exceeding risk threshold.",Enforce temporary rate-limiting on user API key/session; inspect user agent and IP subnet.,OPEN
INC_7EEA9EE9FE,ANO_3078FCEB4C,TX_ANO_VEL_ED7AD870,USR_06234,2026-08-10 15:46:31+00:00,VELOCITY_BURST,4,5,8950.0,181.99,P1,"P1 CRITICAL: High-severity VELOCITY_BURST with substantial financial exposure (₹8,950.00) exceeding risk threshold.",Enforce temporary rate-limiting on user API key/session; inspect user agent and IP subnet.,OPEN
INC_872D62FED7,ANO_57A2A81212,TX_ANO_VEL_61F64E60,USR_00475,2026-08-12 22:43:19+00:00,VELOCITY_BURST,4,5,8950.0,181.99,P1,"P1 CRITICAL: High-severity VELOCITY_BURST with substantial financial exposure (₹8,950.00) exceeding risk threshold.",Enforce temporary rate-limiting on user API key/session; inspect user agent and IP subnet.,OPEN
INC_AF80F5A1BD,ANO_E996DFDD61,TX_ANO_VEL_6537EDD0,USR_00475,2026-08-12 22:45:19+00:00,VELOCITY_BURST,4,5,8950.0,181.99,P1,"P1 CRITICAL: High-severity VELOCITY_BURST with substantial financial exposure (₹8,950.00) exceeding risk threshold.",Enforce temporary rate-limiting on user API key/session; inspect user agent and IP subnet.,OPEN
INC_DBF78F11C9,ANO_01E6D34ADB,TX_ANO_VEL_FFA616E5,USR_02913,2026-08-12 23:26:43+00:00,VELOCITY_BURST,4,5,8950.0,181.99,P1,"P1 CRITICAL: High-severity VELOCITY_BURST with substantial financial exposure (₹8,950.00) exceeding risk threshold.",Enforce temporary rate-limiting on user API key/session; inspect user agent and IP subnet.,OPEN
INC_682037CA5A,ANO_26D67AF393,TX_ANO_VEL_21C55947,USR_02913,2026-08-12 23:28:43+00:00,VELOCITY_BURST,4,5,8950.0,181.99,P1,"P1 CRITICAL: High-severity VELOCITY_BURST with substantial financial exposure (₹8,950.00) exceeding risk threshold.",Enforce temporary rate-limiting on user API key/session; inspect user agent and IP subnet.,OPEN
INC_8533C8890F,ANO_EF4CCE3B8E,TX_ANO_VEL_AA6AB44D,USR_02913,2026-08-12 23:30:43+00:00,VELOCITY_BURST,4,5,8950.0,181.99,P1,"P1 CRITICAL: High-severity VELOCITY_BURST with substantial financial exposure (₹8,950.00) exceeding risk threshold.",Enforce temporary rate-limiting on user API key/session; inspect user agent and IP subnet.,OPEN
INC_3A09AD89B9,ANO_FEA0755147,TX_ANO_VEL_E9539EDB,USR_09923,2026-08-13 14:20:38+00:00,VELOCITY_BURST,4,5,8950.0,181.99,P1,"P1 CRITICAL: High-severity VELOCITY_BURST with substantial financial exposure (₹8,950.00) exceeding risk threshold.",Enforce temporary rate-limiting on user API key/session; inspect user agent and IP subnet.,OPEN
INC_EF9BBFCCDE,ANO_C301C5678C,TX_ANO_VEL_ACDD9835,USR_08782,2026-08-13 19:32:37+00:00,VELOCITY_BURST,4,5,8950.0,181.99,P1,"P1 CRITICAL: High-severity VELOCITY_BURST with substantial financial exposure (₹8,950.00) exceeding risk threshold.",Enforce temporary rate-limiting on user API key/session; inspect user agent and IP subnet.,OPEN
INC_3826DBAA7F,ANO_0362A834D4,TX_ANO_VEL_58AD3372,USR_08782,2026-08-13 19:34:37+00:00,VELOCITY_BURST,4,5,8950.0,181.99,P1,"P1 CRITICAL: High-severity VELOCITY_BURST with substantial financial exposure (₹8,950.00) exceeding risk threshold.",Enforce temporary rate-limiting on user API key/session; inspect user agent and IP subnet.,OPEN
INC_3E5269D548,ANO_C940C3868F,TX_ANO_VEL_46BCC4B7,USR_08782,2026-08-13 19:36:37+00:00,VELOCITY_BURST,4,5,8950.0,181.99,P1,"P1 CRITICAL: High-severity VELOCITY_BURST with substantial financial exposure (₹8,950.00) exceeding risk threshold.",Enforce temporary rate-limiting on user API key/session; inspect user agent and IP subnet.,OPEN
INC_DD2CE6E94C,ANO_C796C89CF8,TX_ANO_VEL_FC60220A,USR_08549,2026-08-14 21:07:19+00:00,VELOCITY_BURST,4,5,8950.0,181.99,P1,"P1 CRITICAL: High-severity VELOCITY_BURST with substantial financial exposure (₹8,950.00) exceeding risk threshold.",Enforce temporary rate-limiting on user API key/session; inspect user agent and IP subnet.,OPEN
INC_685843FDB5,ANO_0F503C2A72,TX_ANO_VEL_67674EC2,USR_08549,2026-08-14 21:09:19+00:00,VELOCITY_BURST,4,5,8950.0,181.99,P1,"P1 CRITICAL: High-severity VELOCITY_BURST with substantial financial exposure (₹8,950.00) exceeding risk threshold.",Enforce temporary rate-limiting on user API key/session; inspect user agent and IP subnet.,OPEN
INC_09A87CDA76,ANO_F76884508A,TX_ANO_VEL_3F289B77,USR_08549,2026-08-14 21:11:19+00:00,VELOCITY_BURST,4,5,8950.0,181.99,P1,"P1 CRITICAL: High-severity VELOCITY_BURST with substantial financial exposure (₹8,950.00) exceeding risk threshold.",Enforce temporary rate-limiting on user API key/session; inspect user agent and IP subnet.,OPEN
INC_FF89699944,ANO_EE863EECE2,TX_ANO_VEL_0135C7AC,USR_03666,2026-08-16 00:16:47+00:00,VELOCITY_BURST,4,5,8950.0,181.99,P1,"P1 CRITICAL: High-severity VELOCITY_BURST with substantial financial exposure (₹8,950.00) exceeding risk threshold.",Enforce temporary rate-limiting on user API key/session; inspect user agent and IP subnet.,OPEN
INC_7EF9BE3065,ANO_83ED46CE03,TX_ANO_VEL_DD02E0D3,USR_03666,2026-08-16 00:18:47+00:00,VELOCITY_BURST,4,5,8950.0,181.99,P1,"P1 CRITICAL: High-severity VELOCITY_BURST with substantial financial exposure (₹8,950.00) exceeding risk threshold.",Enforce temporary rate-limiting on user API key/session; inspect user agent and IP subnet.,OPEN
INC_327F5BB3AC,ANO_AA7A195581,TX_ANO_VEL_CCD07E4F,USR_03666,2026-08-16 00:20:47+00:00,VELOCITY_BURST,4,5,8950.0,181.99,P1,"P1 CRITICAL: High-severity VELOCITY_BURST with substantial financial exposure (₹8,950.00) exceeding risk threshold.",Enforce temporary rate-limiting on user API key/session; inspect user agent and IP subnet.,OPEN
INC_330DF5DAD2,ANO_94106C77F2,TX_ANO_VEL_589FB466,USR_07595,2026-08-18 00:22:42+00:00,VELOCITY_BURST,4,5,8950.0,181.99,P1,"P1 CRITICAL: High-severity VELOCITY_BURST with substantial financial exposure (₹8,950.00) exceeding risk threshold.",Enforce temporary rate-limiting on user API key/session; inspect user agent and IP subnet.,OPEN
INC_9558FFC52D,ANO_292819EC1A,TX_ANO_VEL_BBA7A683,USR_07595,2026-08-18 00:24:42+00:00,VELOCITY_BURST,4,5,8950.0,181.99,P1,"P1 CRITICAL: High-severity VELOCITY_BURST with substantial financial exposure (₹8,950.00) exceeding risk threshold.",Enforce temporary rate-limiting on user API key/session; inspect user agent and IP subnet.,OPEN
INC_A8F682B1A3,ANO_EEF0AFAC32,TX_ANO_VEL_7DAE21FB,USR_07595,2026-08-18 00:26:42+00:00,VELOCITY_BURST,4,5,8950.0,181.99,P1,"P1 CRITICAL: High-severity VELOCITY_BURST with substantial financial exposure (₹8,950.00) exceeding risk threshold.",Enforce temporary rate-limiting on user API key/session; inspect user agent and IP subnet.,OPEN
INC_755A1BC38F,ANO_E4276D2547,TX_ANO_VEL_B146CB92,USR_01750,2026-08-19 09:32:16+00:00,VELOCITY_BURST,4,5,8950.0,181.99,P1,"P1 CRITICAL: High-severity VELOCITY_BURST with substantial financial exposure (₹8,950.00) exceeding risk threshold.",Enforce temporary rate-limiting on user API key/session; inspect user agent and IP subnet.,OPEN
INC_3727934784,ANO_5694A1E3FB,TX_ANO_VEL_A18D24E7,USR_01750,2026-08-19 09:34:16+00:00,VELOCITY_BURST,4,5,8950.0,181.99,P1,"P1 CRITICAL: High-severity VELOCITY_BURST with substantial financial exposure (₹8,950.00) exceeding risk threshold.",Enforce temporary rate-limiting on user API key/session; inspect user agent and IP subnet.,OPEN
INC_E7C0EB5306,ANO_32FE5EA1D9,TX_ANO_VEL_5F7EEBA7,USR_01948,2026-08-20 13:10:05+00:00,VELOCITY_BURST,4,5,8950.0,181.99,P1,"P1 CRITICAL: High-severity VELOCITY_BURST with substantial financial exposure (₹8,950.00) exceeding risk threshold.",Enforce temporary rate-limiting on user API key/session; inspect user agent and IP subnet.,OPEN
INC_786C0EBACA,ANO_9AE8D7B762,TX_ANO_VEL_914FAABA,USR_01948,2026-08-20 13:12:05+00:00,VELOCITY_BURST,4,5,8950.0,181.99,P1,"P1 CRITICAL: High-severity VELOCITY_BURST with substantial financial exposure (₹8,950.00) exceeding risk threshold.",Enforce temporary rate-limiting on user API key/session; inspect user agent and IP subnet.,OPEN
INC_B1685084AF,ANO_39532C9931,TX_ANO_VEL_086455D7,USR_00654,2026-08-21 04:46:04+00:00,VELOCITY_BURST,4,5,8950.0,181.99,P1,"P1 CRITICAL: High-severity VELOCITY_BURST with substantial financial exposure (₹8,950.00) exceeding risk threshold.",Enforce temporary rate-limiting on user API key/session; inspect user agent and IP subnet.,OPEN
INC_3711E81A12,ANO_AB4A17F25D,TX_ANO_VEL_C2555DDB,USR_00654,2026-08-21 04:48:04+00:00,VELOCITY_BURST,4,5,8950.0,181.99,P1,"P1 CRITICAL: High-severity VELOCITY_BURST with substantial financial exposure (₹8,950.00) exceeding risk threshold.",Enforce temporary rate-limiting on user API key/session; inspect user agent and IP subnet.,OPEN
INC_A14F5A6460,ANO_B2B186E4E4,TX_ANO_VEL_48BD0966,USR_00654,2026-08-21 04:50:04+00:00,VELOCITY_BURST,4,5,8950.0,181.99,P1,"P1 CRITICAL: High-severity VELOCITY_BURST with substantial financial exposure (₹8,950.00) exceeding risk threshold.",Enforce temporary rate-limiting on user API key/session; inspect user agent and IP subnet.,OPEN
INC_F9BA745C92,ANO_4B68E57091,TX_ANO_VEL_93674F9E,USR_03084,2026-08-21 05:20:30+00:00,VELOCITY_BURST,4,5,8950.0,181.99,P1,"P1 CRITICAL: High-severity VELOCITY_BURST with substantial financial exposure (₹8,950.00) exceeding risk threshold.",Enforce temporary rate-limiting on user API key/session; inspect user agent and IP subnet.,OPEN
INC_DBDE6D5171,ANO_A5DF99A9BE,TX_ANO_VEL_726E54EF,USR_03219,2026-08-21 08:55:33+00:00,VELOCITY_BURST,4,5,8950.0,181.99,P1,"P1 CRITICAL: High-severity VELOCITY_BURST with substantial financial exposure (₹8,950.00) exceeding risk threshold.",Enforce temporary rate-limiting on user API key/session; inspect user agent and IP subnet.,OPEN
INC_54C69EF716,ANO_7D1E8B6B95,TX_ANO_VEL_4E780E9D,USR_03219,2026-08-21 08:57:33+00:00,VELOCITY_BURST,4,5,8950.0,181.99,P1,"P1 CRITICAL: High-severity VELOCITY_BURST with substantial financial exposure (₹8,950.00) exceeding risk threshold.",Enforce temporary rate-limiting on user API key/session; inspect user agent and IP subnet.,OPEN
INC_BF58012C69,ANO_57BAD3A5B5,TX_ANO_VEL_7851D639,USR_03031,2026-08-22 23:15:43+00:00,VELOCITY_BURST,4,5,8950.0,181.99,P1,"P1 CRITICAL: High-severity VELOCITY_BURST with substantial financial exposure (₹8,950.00) exceeding risk threshold.",Enforce temporary rate-limiting on user API key/session; inspect user agent and IP subnet.,OPEN
INC_FC4067AE3D,ANO_A8B6BAB798,TX_ANO_VEL_FF0A37F9,USR_03031,2026-08-22 23:17:43+00:00,VELOCITY_BURST,4,5,8950.0,181.99,P1,"P1 CRITICAL: High-severity VELOCITY_BURST with substantial financial exposure (₹8,950.00) exceeding risk threshold.",Enforce temporary rate-limiting on user API key/session; inspect user agent and IP subnet.,OPEN
INC_5D95C97483,ANO_FB15EF32E7,TX_ANO_VEL_97428D72,USR_07910,2026-08-23 10:55:49+00:00,VELOCITY_BURST,4,5,8950.0,181.99,P1,"P1 CRITICAL: High-severity VELOCITY_BURST with substantial financial exposure (₹8,950.00) exceeding risk threshold.",Enforce temporary rate-limiting on user API key/session; inspect user agent and IP subnet.,OPEN
INC_5392B5C52C,ANO_F63A0AF2F9,TX_ANO_VEL_CF8B09E0,USR_07910,2026-08-23 10:57:49+00:00,VELOCITY_BURST,4,5,8950.0,181.99,P1,"P1 CRITICAL: High-severity VELOCITY_BURST with substantial financial exposure (₹8,950.00) exceeding risk threshold.",Enforce temporary rate-limiting on user API key/session; inspect user agent and IP subnet.,OPEN
INC_A4EEE2520D,ANO_F08CEDE4CA,TX_ANO_VEL_5044ABFD,USR_07910,2026-08-23 10:59:49+00:00,VELOCITY_BURST,4,5,8950.0,181.99,P1,"P1 CRITICAL: High-severity VELOCITY_BURST with substantial financial exposure (₹8,950.00) exceeding risk threshold.",Enforce temporary rate-limiting on user API key/session; inspect user agent and IP subnet.,OPEN
INC_7B568ABD6B,ANO_3C437274DA,TX_ANO_VEL_B470FFD0,USR_07803,2026-08-23 12:35:28+00:00,VELOCITY_BURST,4,5,8950.0,181.99,P1,"P1 CRITICAL: High-severity VELOCITY_BURST with substantial financial exposure (₹8,950.00) exceeding risk threshold.",Enforce temporary rate-limiting on user API key/session; inspect user agent and IP subnet.,OPEN
INC_3545DA5232,ANO_9CA46F4F39,TX_ANO_VEL_1FAE6415,USR_03679,2026-08-23 16:13:08+00:00,VELOCITY_BURST,4,5,8950.0,181.99,P1,"P1 CRITICAL: High-severity VELOCITY_BURST with substantial financial exposure (₹8,950.00) exceeding risk threshold.",Enforce temporary rate-limiting on user API key/session; inspect user agent and IP subnet.,OPEN
INC_F2B009FD06,ANO_0618424B38,TX_ANO_VEL_1CD854E5,USR_03679,2026-08-23 16:15:08+00:00,VELOCITY_BURST,4,5,8950.0,181.99,P1,"P1 CRITICAL: High-severity VELOCITY_BURST with substantial financial exposure (₹8,950.00) exceeding risk threshold.",Enforce temporary rate-limiting on user API key/session; inspect user agent and IP subnet.,OPEN
INC_8207000C89,ANO_DCBF46A3E2,TX_ANO_VEL_513F29B9,USR_03679,2026-08-23 16:17:08+00:00,VELOCITY_BURST,4,5,8950.0,181.99,P1,"P1 CRITICAL: High-severity VELOCITY_BURST with substantial financial exposure (₹8,950.00) exceeding risk threshold.",Enforce temporary rate-limiting on user API key/session; inspect user agent and IP subnet.,OPEN
INC_6752CD7268,ANO_F391778ADD,TX_ANO_VEL_5A4F6A98,USR_02024,2026-08-24 14:55:28+00:00,VELOCITY_BURST,4,5,8950.0,181.99,P1,"P1 CRITICAL: High-severity VELOCITY_BURST with substantial financial exposure (₹8,950.00) exceeding risk threshold.",Enforce temporary rate-limiting on user API key/session; inspect user agent and IP subnet.,OPEN
INC_0F6C41F3D9,ANO_9025B749B4,TX_ANO_VEL_3D8E443B,USR_02024,2026-08-24 14:57:28+00:00,VELOCITY_BURST,4,5,8950.0,181.99,P1,"P1 CRITICAL: High-severity VELOCITY_BURST with substantial financial exposure (₹8,950.00) exceeding risk threshold.",Enforce temporary rate-limiting on user API key/session; inspect user agent and IP subnet.,OPEN
INC_6650C9729C,ANO_F7B26D3EED,TX_ANO_VEL_3F5989D7,USR_02024,2026-08-24 14:59:28+00:00,VELOCITY_BURST,4,5,8950.0,181.99,P1,"P1 CRITICAL: High-severity VELOCITY_BURST with substantial financial exposure (₹8,950.00) exceeding risk threshold.",Enforce temporary rate-limiting on user API key/session; inspect user agent and IP subnet.,OPEN
INC_9D506F952C,ANO_3350CB10EE,TX_ANO_VEL_95735134,USR_05224,2026-08-24 15:52:21+00:00,VELOCITY_BURST,4,5,8950.0,181.99,P1,"P1 CRITICAL: High-severity VELOCITY_BURST with substantial financial exposure (₹8,950.00) exceeding risk threshold.",Enforce temporary rate-limiting on user API key/session; inspect user agent and IP subnet.,OPEN
INC_EAA489DF5B,ANO_C4A736B8E0,TX_ANO_VEL_F64A93E9,USR_09123,2026-08-25 17:58:34+00:00,VELOCITY_BURST,4,5,8950.0,181.99,P1,"P1 CRITICAL: High-severity VELOCITY_BURST with substantial financial exposure (₹8,950.00) exceeding risk threshold.",Enforce temporary rate-limiting on user API key/session; inspect user agent and IP subnet.,OPEN
INC_2DDA7DE747,ANO_3B5B5018B3,TX_ANO_VEL_981476FD,USR_09123,2026-08-25 18:00:34+00:00,VELOCITY_BURST,4,5,8950.0,181.99,P1,"P1 CRITICAL: High-severity VELOCITY_BURST with substantial financial exposure (₹8,950.00) exceeding risk threshold.",Enforce temporary rate-limiting on user API key/session; inspect user agent and IP subnet.,OPEN
INC_1C445BB696,ANO_46FF056E2C,TX_ANO_VEL_2C5E5464,USR_09123,2026-08-25 18:02:34+00:00,VELOCITY_BURST,4,5,8950.0,181.99,P1,"P1 CRITICAL: High-severity VELOCITY_BURST with substantial financial exposure (₹8,950.00) exceeding risk threshold.",Enforce temporary rate-limiting on user API key/session; inspect user agent and IP subnet.,OPEN
INC_5377547BDD,ANO_1B771E664D,TX_ANO_VEL_7BADEBFE,USR_00217,2026-08-25 21:12:14+00:00,VELOCITY_BURST,4,5,8950.0,181.99,P1,"P1 CRITICAL: High-severity VELOCITY_BURST with substantial financial exposure (₹8,950.00) exceeding risk threshold.",Enforce temporary rate-limiting on user API key/session; inspect user agent and IP subnet.,OPEN
INC_EED205459B,ANO_4FDA28DBB5,TX_ANO_VEL_83FFF752,USR_00217,2026-08-25 21:14:14+00:00,VELOCITY_BURST,4,5,8950.0,181.99,P1,"P1 CRITICAL: High-severity VELOCITY_BURST with substantial financial exposure (₹8,950.00) exceeding risk threshold.",Enforce temporary rate-limiting on user API key/session; inspect user agent and IP subnet.,OPEN
INC_84FD0707D2,ANO_F0E11E9963,TX_ANO_VEL_6C47DAF2,USR_00217,2026-08-25 21:16:14+00:00,VELOCITY_BURST,4,5,8950.0,181.99,P1,"P1 CRITICAL: High-severity VELOCITY_BURST with substantial financial exposure (₹8,950.00) exceeding risk threshold.",Enforce temporary rate-limiting on user API key/session; inspect user agent and IP subnet.,OPEN
INC_EF9D564F9B,ANO_5EC40F528C,TX_ANO_VEL_EDB7115E,USR_02861,2026-08-27 16:37:20+00:00,VELOCITY_BURST,4,5,8950.0,181.99,P1,"P1 CRITICAL: High-severity VELOCITY_BURST with substantial financial exposure (₹8,950.00) exceeding risk threshold.",Enforce temporary rate-limiting on user API key/session; inspect user agent and IP subnet.,OPEN
INC_D84EC29697,ANO_F2B1327680,TX_ANO_VEL_FD82DFF5,USR_02802,2026-08-28 10:11:02+00:00,VELOCITY_BURST,4,5,8950.0,181.99,P1,"P1 CRITICAL: High-severity VELOCITY_BURST with substantial financial exposure (₹8,950.00) exceeding risk threshold.",Enforce temporary rate-limiting on user API key/session; inspect user agent and IP subnet.,OPEN
INC_FB3F32D0E5,ANO_3020CAA566,TX_ANO_VEL_A630503F,USR_02802,2026-08-28 10:13:02+00:00,VELOCITY_BURST,4,5,8950.0,181.99,P1,"P1 CRITICAL: High-severity VELOCITY_BURST with substantial financial exposure (₹8,950.00) exceeding risk threshold.",Enforce temporary rate-limiting on user API key/session; inspect user agent and IP subnet.,OPEN
INC_677B81DFCA,ANO_74D7494E3C,TX_ANO_VEL_FF06E182,USR_08839,2026-08-29 05:13:41+00:00,VELOCITY_BURST,4,5,8950.0,181.99,P1,"P1 CRITICAL: High-severity VELOCITY_BURST with substantial financial exposure (₹8,950.00) exceeding risk threshold.",Enforce temporary rate-limiting on user API key/session; inspect user agent and IP subnet.,OPEN
INC_65FE3584BE,ANO_3C53E36E75,TX_ANO_VEL_769EF725,USR_08839,2026-08-29 05:15:41+00:00,VELOCITY_BURST,4,5,8950.0,181.99,P1,"P1 CRITICAL: High-severity VELOCITY_BURST with substantial financial exposure (₹8,950.00) exceeding risk threshold.",Enforce temporary rate-limiting on user API key/session; inspect user agent and IP subnet.,OPEN
INC_98EFB82BCB,ANO_2AE9D582FF,TX_ANO_VEL_6D8E44A8,USR_04482,2026-08-30 04:28:06+00:00,VELOCITY_BURST,4,5,8950.0,181.99,P1,"P1 CRITICAL: High-severity VELOCITY_BURST with substantial financial exposure (₹8,950.00) exceeding risk threshold.",Enforce temporary rate-limiting on user API key/session; inspect user agent and IP subnet.,OPEN
INC_90D9D6441E,ANO_CCFB151F94,TX_ANO_VEL_1BCCE2FB,USR_04482,2026-08-30 04:30:06+00:00,VELOCITY_BURST,4,5,8950.0,181.99,P1,"P1 CRITICAL: High-severity VELOCITY_BURST with substantial financial exposure (₹8,950.00) exceeding risk threshold.",Enforce temporary rate-limiting on user API key/session; inspect user agent and IP subnet.,OPEN
INC_02A1892FBA,ANO_6759B17FE3,TX_ANO_VEL_CF91CAE6,USR_04482,2026-08-30 04:32:06+00:00,VELOCITY_BURST,4,5,8950.0,181.99,P1,"P1 CRITICAL: High-severity VELOCITY_BURST with substantial financial exposure (₹8,950.00) exceeding risk threshold.",Enforce temporary rate-limiting on user API key/session; inspect user agent and IP subnet.,OPEN
INC_62C9D66EE6,ANO_692252DA37,TX_ANO_VEL_6391C2B9,USR_01116,2026-08-31 03:00:46+00:00,VELOCITY_BURST,4,5,8950.0,181.99,P1,"P1 CRITICAL: High-severity VELOCITY_BURST with substantial financial exposure (₹8,950.00) exceeding risk threshold.",Enforce temporary rate-limiting on user API key/session; inspect user agent and IP subnet.,OPEN
INC_5DBCF0FA7E,ANO_B5B8EFE9F5,TX_ANO_VEL_B972496F,USR_05618,2026-09-01 06:38:37+00:00,VELOCITY_BURST,4,5,8950.0,181.99,P1,"P1 CRITICAL: High-severity VELOCITY_BURST with substantial financial exposure (₹8,950.00) exceeding risk threshold.",Enforce temporary rate-limiting on user API key/session; inspect user agent and IP subnet.,OPEN
INC_E73BD65F14,ANO_F19AC42202,TX_ANO_VEL_87D0ADED,USR_06799,2026-09-04 03:01:33+00:00,VELOCITY_BURST,4,5,8950.0,181.99,P1,"P1 CRITICAL: High-severity VELOCITY_BURST with substantial financial exposure (₹8,950.00) exceeding risk threshold.",Enforce temporary rate-limiting on user API key/session; inspect user agent and IP subnet.,OPEN
INC_A460590C7E,ANO_7AA8BFA513,TX_ANO_VEL_CCDB48E3,USR_06799,2026-09-04 03:03:33+00:00,VELOCITY_BURST,4,5,8950.0,181.99,P1,"P1 CRITICAL: High-severity VELOCITY_BURST with substantial financial exposure (₹8,950.00) exceeding risk threshold.",Enforce temporary rate-limiting on user API key/session; inspect user agent and IP subnet.,OPEN
INC_23D674B0FB,ANO_E3BE523DCA,TX_ANO_VEL_B5A41AB9,USR_06799,2026-09-04 03:05:33+00:00,VELOCITY_BURST,4,5,8950.0,181.99,P1,"P1 CRITICAL: High-severity VELOCITY_BURST with substantial financial exposure (₹8,950.00) exceeding risk threshold.",Enforce temporary rate-limiting on user API key/session; inspect user agent and IP subnet.,OPEN
INC_1BB46702F5,ANO_A952119837,TX_ANO_VEL_CF9C06FC,USR_09461,2026-09-04 14:39:37+00:00,VELOCITY_BURST,4,5,8950.0,181.99,P1,"P1 CRITICAL: High-severity VELOCITY_BURST with substantial financial exposure (₹8,950.00) exceeding risk threshold.",Enforce temporary rate-limiting on user API key/session; inspect user agent and IP subnet.,OPEN
INC_11D2E97ABF,ANO_1055CB1206,TX_ANO_VEL_A4A1C0A6,USR_09461,2026-09-04 14:41:37+00:00,VELOCITY_BURST,4,5,8950.0,181.99,P1,"P1 CRITICAL: High-severity VELOCITY_BURST with substantial financial exposure (₹8,950.00) exceeding risk threshold.",Enforce temporary rate-limiting on user API key/session; inspect user agent and IP subnet.,OPEN
INC_AD59A9CCDA,ANO_B44431501A,TX_ANO_VEL_2E130A22,USR_09461,2026-09-04 14:43:37+00:00,VELOCITY_BURST,4,5,8950.0,181.99,P1,"P1 CRITICAL: High-severity VELOCITY_BURST with substantial financial exposure (₹8,950.00) exceeding risk threshold.",Enforce temporary rate-limiting on user API key/session; inspect user agent and IP subnet.,OPEN
INC_41DF61150B,ANO_08A5F1D352,TX_ANO_VEL_8B95C967,USR_02918,2026-09-05 19:35:32+00:00,VELOCITY_BURST,4,5,8950.0,181.99,P1,"P1 CRITICAL: High-severity VELOCITY_BURST with substantial financial exposure (₹8,950.00) exceeding risk threshold.",Enforce temporary rate-limiting on user API key/session; inspect user agent and IP subnet.,OPEN
INC_5F56152197,ANO_8D02EB0471,TX_ANO_VEL_EDE1FF46,USR_04077,2026-09-06 13:14:32+00:00,VELOCITY_BURST,4,5,8950.0,181.99,P1,"P1 CRITICAL: High-severity VELOCITY_BURST with substantial financial exposure (₹8,950.00) exceeding risk threshold.",Enforce temporary rate-limiting on user API key/session; inspect user agent and IP subnet.,OPEN
INC_6A7081E601,ANO_A1914E2B85,TX_ANO_VEL_4C051D93,USR_04077,2026-09-06 13:16:32+00:00,VELOCITY_BURST,4,5,8950.0,181.99,P1,"P1 CRITICAL: High-severity VELOCITY_BURST with substantial financial exposure (₹8,950.00) exceeding risk threshold.",Enforce temporary rate-limiting on user API key/session; inspect user agent and IP subnet.,OPEN
INC_E71BCBC6F6,ANO_ECF6EFF6B3,TX_ANO_VEL_B428E0DA,USR_04077,2026-09-06 13:18:32+00:00,VELOCITY_BURST,4,5,8950.0,181.99,P1,"P1 CRITICAL: High-severity VELOCITY_BURST with substantial financial exposure (₹8,950.00) exceeding risk threshold.",Enforce temporary rate-limiting on user API key/session; inspect user agent and IP subnet.,OPEN
INC_FEE6E7079C,ANO_EDCD844049,TX_ANO_VEL_E9E36BD6,USR_07400,2026-09-06 13:20:43+00:00,VELOCITY_BURST,4,5,8950.0,181.99,P1,"P1 CRITICAL: High-severity VELOCITY_BURST with substantial financial exposure (₹8,950.00) exceeding risk threshold.",Enforce temporary rate-limiting on user API key/session; inspect user agent and IP subnet.,OPEN
